2026-03-11 19:46:40 - root - INFO - Logging initialized. File: C:\Users\And\PythonProjects\FlashcardApp\logs\quiz_app.log
2026-03-11 19:46:40 - src.controllers.main_controller - INFO - MainController initialized
2026-03-11 19:46:41 - src.logic.app_settings - DEBUG - Settings saved
2026-03-11 19:46:41 - src.ui.main_window - INFO - Applied dark theme
2026-03-11 19:46:41 - src.logic.user_session - INFO - Session ended for: guest
2026-03-11 19:46:41 - src.controllers.main_controller - INFO - Continuing as guest
2026-03-11 19:46:41 - __main__ - INFO - Application started successfully
2026-03-11 19:46:42 - src.ui.main_window - DEBUG - Settings panel shown with overlay
2026-03-11 19:46:44 - src.logic.app_settings - DEBUG - Settings saved
2026-03-11 19:46:44 - src.ui.main_window - INFO - Applied light theme
2026-03-11 19:46:44 - src.ui.main_window - DEBUG - Settings panel and overlay hidden
2026-03-11 19:47:20 - root - INFO - Logging initialized. File: C:\Users\And\PythonProjects\FlashcardApp\logs\quiz_app.log
2026-03-11 19:47:20 - src.controllers.main_controller - INFO - MainController initialized
2026-03-11 19:47:21 - src.logic.app_settings - DEBUG - Settings saved
2026-03-11 19:47:21 - src.ui.main_window - INFO - Applied light theme
2026-03-11 19:47:21 - src.logic.user_session - INFO - Session ended for: guest
2026-03-11 19:47:21 - src.controllers.main_controller - INFO - Continuing as guest
2026-03-11 19:47:21 - __main__ - INFO - Application started successfully
2026-03-11 19:47:22 - src.logic.app_settings - DEBUG - Settings saved
2026-03-11 19:47:22 - src.ui.main_window - INFO - Applied light theme
2026-03-11 19:47:22 - src.ui.main_window - DEBUG - Settings panel shown with overlay
2026-03-11 19:47:23 - src.ui.main_window - DEBUG - Settings panel and overlay hidden
2026-03-11 19:47:24 - src.ui.main_window - DEBUG - Settings panel shown with overlay
2026-03-11 19:47:25 - src.logic.app_settings - DEBUG - Settings saved
2026-03-11 19:47:25 - src.ui.main_window - INFO - Applied dark theme
2026-03-11 19:47:27 - src.ui.main_window - DEBUG - Settings panel and overlay hidden
2026-03-11 19:47:31 - src.ui.main_window - DEBUG - Settings panel shown with overlay
2026-03-11 19:47:32 - src.ui.main_window - DEBUG - Settings panel and overlay hidden
2026-03-11 19:48:36 - src.ui.main_window - DEBUG - Settings panel shown with overlay
2026-03-11 19:48:37 - src.ui.main_window - DEBUG - Settings panel and overlay hidden
2026-03-11 19:48:38 - src.ui.main_window - DEBUG - Opened login dialog
2026-03-11 19:49:18 - root - INFO - Logging initialized. File: C:\Users\And\PythonProjects\FlashcardApp\logs\quiz_app.log
2026-03-11 19:49:18 - src.controllers.main_controller - INFO - MainController initialized
2026-03-11 19:49:19 - src.logic.app_settings - DEBUG - Settings saved
2026-03-11 19:49:19 - src.ui.main_window - INFO - Applied dark theme
2026-03-11 19:49:19 - src.logic.user_session - INFO - Session ended for: guest
2026-03-11 19:49:19 - src.controllers.main_controller - INFO - Continuing as guest
2026-03-11 19:49:19 - __main__ - INFO - Application started successfully
2026-03-11 19:49:19 - src.ui.main_window - DEBUG - Opened login dialog
2026-03-11 19:49:55 - root - INFO - Logging initialized. File: C:\Users\And\PythonProjects\FlashcardApp\logs\quiz_app.log
2026-03-11 19:49:55 - src.controllers.main_controller - INFO - MainController initialized
2026-03-11 19:49:55 - src.logic.app_settings - DEBUG - Settings saved
2026-03-11 19:49:55 - src.ui.main_window - INFO - Applied dark theme
2026-03-11 19:49:55 - src.logic.user_session - INFO - Session ended for: guest
2026-03-11 19:49:55 - src.controllers.main_controller - INFO - Continuing as guest
2026-03-11 19:49:55 - __main__ - INFO - Application started successfully
2026-03-11 19:49:56 - src.ui.main_window - DEBUG - Opened login dialog
2026-03-11 19:51:01 - root - INFO - Logging initialized. File: C:\Users\And\PythonProjects\FlashcardApp\logs\quiz_app.log
2026-03-11 19:51:01 - src.controllers.main_controller - INFO - MainController initialized
2026-03-11 19:51:01 - src.logic.app_settings - DEBUG - Settings saved
2026-03-11 19:51:01 - src.ui.main_window - INFO - Applied dark theme
2026-03-11 19:51:01 - src.logic.user_session - INFO - Session ended for: guest
2026-03-11 19:51:01 - src.controllers.main_controller - INFO - Continuing as guest
2026-03-11 19:51:02 - __main__ - INFO - Application started successfully
2026-03-11 19:51:03 - src.ui.main_window - DEBUG - Opened login dialog
2026-03-11 19:51:13 - root - INFO - Logging initialized. File: C:\Users\And\PythonProjects\FlashcardApp\logs\quiz_app.log
2026-03-11 19:51:13 - src.controllers.main_controller - INFO - MainController initialized
2026-03-11 19:51:14 - src.logic.app_settings - DEBUG - Settings saved
2026-03-11 19:51:14 - src.ui.main_window - INFO - Applied dark theme
2026-03-11 19:51:14 - src.logic.user_session - INFO - Session ended for: guest
2026-03-11 19:51:14 - src.controllers.main_controller - INFO - Continuing as guest
2026-03-11 19:51:14 - __main__ - INFO - Application started successfully
2026-03-11 19:51:15 - src.ui.main_window - DEBUG - Opened login dialog
2026-03-11 19:52:02 - root - INFO - Logging initialized. File: C:\Users\And\PythonProjects\FlashcardApp\logs\quiz_app.log
2026-03-11 19:52:02 - src.controllers.main_controller - INFO - MainController initialized
2026-03-11 19:52:02 - src.logic.app_settings - DEBUG - Settings saved
2026-03-11 19:52:02 - src.ui.main_window - INFO - Applied dark theme
2026-03-11 19:52:02 - src.logic.user_session - INFO - Session ended for: guest
2026-03-11 19:52:02 - src.controllers.main_controller - INFO - Continuing as guest
2026-03-11 19:52:02 - __main__ - INFO - Application started successfully
2026-03-11 19:52:03 - src.ui.main_window - DEBUG - Opened login dialog
2026-03-11 19:52:04 - src.ui.main_window - DEBUG - Closed login dialog
2026-03-11 19:52:04 - src.ui.main_window - DEBUG - Settings panel shown with overlay
2026-03-11 19:52:06 - src.logic.app_settings - DEBUG - Settings saved
2026-03-11 19:52:06 - src.ui.main_window - INFO - Applied light theme
2026-03-11 19:52:07 - src.ui.main_window - DEBUG - Settings panel and overlay hidden
2026-03-11 19:52:07 - src.ui.main_window - DEBUG - Opened login dialog
2026-03-11 19:52:34 - root - INFO - Logging initialized. File: C:\Users\And\PythonProjects\FlashcardApp\logs\quiz_app.log
2026-03-11 19:52:34 - src.controllers.main_controller - INFO - MainController initialized
2026-03-11 19:52:35 - src.logic.app_settings - DEBUG - Settings saved
2026-03-11 19:52:35 - src.ui.main_window - INFO - Applied light theme
2026-03-11 19:52:35 - src.logic.user_session - INFO - Session ended for: guest
2026-03-11 19:52:35 - src.controllers.main_controller - INFO - Continuing as guest
2026-03-11 19:52:35 - __main__ - INFO - Application started successfully
2026-03-11 19:52:36 - src.ui.main_window - DEBUG - Opened login dialog
2026-03-11 19:52:38 - src.logic.app_settings - DEBUG - Settings saved
2026-03-11 19:52:38 - src.ui.main_window - INFO - Applied light theme
2026-03-11 19:52:38 - src.ui.main_window - DEBUG - Settings panel shown with overlay
2026-03-11 19:52:39 - src.logic.app_settings - DEBUG - Settings saved
2026-03-11 19:52:39 - src.ui.main_window - INFO - Applied dark theme
2026-03-11 19:52:40 - src.ui.main_window - DEBUG - Settings panel and overlay hidden
2026-03-11 19:52:41 - src.ui.main_window - DEBUG - Opened login dialog
2026-03-11 19:53:43 - root - INFO - Logging initialized. File: C:\Users\And\PythonProjects\FlashcardApp\logs\quiz_app.log
2026-03-11 19:53:43 - src.controllers.main_controller - INFO - MainController initialized
2026-03-11 19:53:43 - src.logic.app_settings - DEBUG - Settings saved
2026-03-11 19:53:43 - src.ui.main_window - INFO - Applied dark theme
2026-03-11 19:53:43 - src.logic.user_session - INFO - Session ended for: guest
2026-03-11 19:53:43 - src.controllers.main_controller - INFO - Continuing as guest
2026-03-11 19:53:43 - __main__ - INFO - Application started successfully
2026-03-11 19:53:44 - src.ui.main_window - DEBUG - Opened login dialog
2026-03-11 19:53:52 - src.ui.main_window - DEBUG - Closed login dialog
2026-03-11 19:53:52 - src.ui.main_window - DEBUG - Settings panel shown with overlay
2026-03-11 19:53:53 - src.logic.app_settings - DEBUG - Settings saved
2026-03-11 19:53:53 - src.ui.main_window - INFO - Applied light theme
2026-03-11 19:53:54 - src.ui.main_window - DEBUG - Settings panel and overlay hidden
2026-03-11 19:53:54 - src.ui.main_window - DEBUG - Opened login dialog
2026-03-11 19:54:00 - root - INFO - Logging initialized. File: C:\Users\And\PythonProjects\FlashcardApp\logs\quiz_app.log
2026-03-11 19:54:00 - src.controllers.main_controller - INFO - MainController initialized
2026-03-11 19:54:01 - src.logic.app_settings - DEBUG - Settings saved
2026-03-11 19:54:01 - src.ui.main_window - INFO - Applied light theme
2026-03-11 19:54:01 - src.logic.user_session - INFO - Session ended for: guest
2026-03-11 19:54:01 - src.controllers.main_controller - INFO - Continuing as guest
2026-03-11 19:54:01 - __main__ - INFO - Application started successfully
2026-03-11 19:54:01 - src.ui.main_window - DEBUG - Opened login dialog
2026-03-11 19:54:03 - src.ui.main_window - DEBUG - Closed login dialog
2026-03-11 19:54:03 - src.logic.app_settings - DEBUG - Settings saved
2026-03-11 19:54:03 - src.ui.main_window - INFO - Applied light theme
2026-03-11 19:54:03 - src.ui.main_window - DEBUG - Settings panel shown with overlay
2026-03-11 19:54:04 - src.logic.app_settings - DEBUG - Settings saved
2026-03-11 19:54:04 - src.ui.main_window - INFO - Applied dark theme
2026-03-11 19:54:05 - src.ui.main_window - DEBUG - Settings panel and overlay hidden
2026-03-11 19:54:06 - src.ui.main_window - DEBUG - Opened login dialog
2026-03-11 19:54:13 - root - INFO - Logging initialized. File: C:\Users\And\PythonProjects\FlashcardApp\logs\quiz_app.log
2026-03-11 19:54:13 - src.controllers.main_controller - INFO - MainController initialized
2026-03-11 19:54:13 - src.logic.app_settings - DEBUG - Settings saved
2026-03-11 19:54:13 - src.ui.main_window - INFO - Applied dark theme
2026-03-11 19:54:13 - src.logic.user_session - INFO - Session ended for: guest
2026-03-11 19:54:13 - src.controllers.main_controller - INFO - Continuing as guest
2026-03-11 19:54:13 - __main__ - INFO - Application started successfully
2026-03-11 19:54:14 - src.ui.main_window - DEBUG - Opened login dialog
2026-03-11 20:11:46 - root - INFO - Logging initialized. File: C:\Users\And\PythonProjects\FlashcardApp\logs\quiz_app.log
2026-03-11 20:11:46 - src.logic.translator - INFO - Language changed to: en
2026-03-11 20:11:46 - src.controllers.main_controller - INFO - MainController initialized
2026-03-11 20:11:47 - src.logic.app_settings - DEBUG - Settings saved
2026-03-11 20:11:47 - src.ui.main_window - INFO - Applied dark theme
2026-03-11 20:11:47 - src.logic.user_session - INFO - Session ended for: guest
2026-03-11 20:11:47 - src.controllers.main_controller - INFO - Continuing as guest
2026-03-11 20:11:47 - __main__ - INFO - Application started successfully
2026-03-11 20:15:34 - root - INFO - Logging initialized. File: C:\Users\And\PythonProjects\FlashcardApp\logs\quiz_app.log
2026-03-11 20:15:34 - src.logic.translator - INFO - Language changed to: en
2026-03-11 20:15:34 - src.controllers.main_controller - INFO - MainController initialized
2026-03-11 20:15:34 - src.logic.app_settings - DEBUG - Settings saved
2026-03-11 20:15:34 - src.ui.main_window - INFO - Applied dark theme
2026-03-11 20:15:34 - src.logic.user_session - INFO - Session ended for: guest
2026-03-11 20:15:34 - src.controllers.main_controller - INFO - Continuing as guest
2026-03-11 20:15:34 - __main__ - INFO - Application started successfully
2026-03-11 20:15:38 - src.ui.main_window - DEBUG - Opened login dialog
2026-03-11 20:15:40 - src.ui.main_window - DEBUG - Closed login dialog
2026-03-11 20:15:40 - src.ui.main_window - DEBUG - Settings panel shown with overlay
2026-03-11 20:15:42 - src.logic.app_settings - DEBUG - Settings saved
2026-03-11 20:15:42 - src.logic.translator - INFO - Language changed to: fr
2026-03-11 20:15:42 - src.controllers.main_controller - INFO - Language changed to: fr
2026-03-11 20:15:42 - src.ui.main_window - INFO - Language changed to: fr
2026-03-11 20:15:43 - src.ui.main_window - DEBUG - Settings panel and overlay hidden
2026-03-11 20:15:48 - src.ui.main_window - DEBUG - Opened login dialog
2026-03-11 20:15:50 - src.ui.main_window - DEBUG - Opened login dialog
2026-03-11 20:15:56 - src.storage.user_repository - INFO - User authenticated: admin (role: teacher)
2026-03-11 20:15:56 - src.logic.user_session - INFO - Session started for: Admin User
2026-03-11 20:15:56 - src.ui.main_window - INFO - Login successful: Admin User
2026-03-11 20:15:58 - src.ui.main_window - DEBUG - Settings panel shown with overlay
2026-03-11 20:16:03 - src.logic.app_settings - DEBUG - Settings saved
2026-03-11 20:16:03 - src.logic.translator - INFO - Language changed to: en
2026-03-11 20:16:03 - src.controllers.main_controller - INFO - Language changed to: en
2026-03-11 20:16:03 - src.ui.main_window - INFO - Language changed to: en
2026-03-11 20:16:04 - src.ui.main_window - DEBUG - Settings panel and overlay hidden
2026-03-11 20:16:05 - src.ui.main_window - DEBUG - Settings panel shown with overlay
2026-03-11 20:16:06 - src.ui.main_window - DEBUG - Settings panel and overlay hidden
2026-03-11 20:16:08 - src.ui.main_window - DEBUG - Settings panel shown with overlay
2026-03-11 20:16:09 - src.logic.app_settings - DEBUG - Settings saved
2026-03-11 20:16:09 - src.logic.translator - INFO - Language changed to: fr
2026-03-11 20:16:09 - src.controllers.main_controller - INFO - Language changed to: fr
2026-03-11 20:16:09 - src.ui.main_window - INFO - Language changed to: fr
2026-03-11 20:16:10 - src.ui.main_window - DEBUG - Settings panel and overlay hidden
2026-03-11 20:16:20 - src.ui.main_window - DEBUG - Settings panel shown with overlay
2026-03-11 20:16:22 - src.logic.app_settings - DEBUG - Settings saved
2026-03-11 20:16:22 - src.logic.translator - INFO - Language changed to: en
2026-03-11 20:16:22 - src.controllers.main_controller - INFO - Language changed to: en
2026-03-11 20:16:22 - src.ui.main_window - INFO - Language changed to: en
2026-03-11 20:16:22 - src.ui.main_window - DEBUG - Settings panel and overlay hidden
2026-03-11 20:16:47 - src.ui.main_window - DEBUG - Settings panel shown with overlay
2026-03-11 20:16:48 - src.logic.app_settings - DEBUG - Settings saved
2026-03-11 20:16:48 - src.logic.translator - INFO - Language changed to: fr
2026-03-11 20:16:48 - src.controllers.main_controller - INFO - Language changed to: fr
2026-03-11 20:16:48 - src.ui.main_window - INFO - Language changed to: fr
2026-03-11 20:16:49 - src.ui.main_window - DEBUG - Settings panel and overlay hidden
2026-03-14 12:22:39 - root - INFO - Logging initialized. File: C:\Users\And\PythonProjects\FlashcardApp\logs\quiz_app.log
2026-03-14 12:22:40 - src.logic.translator - INFO - Language changed to: fr
2026-03-14 12:22:40 - src.controllers.main_controller - INFO - MainController initialized
2026-03-14 12:22:40 - src.logic.app_settings - DEBUG - Settings saved
2026-03-14 12:22:40 - src.ui.main_window - INFO - Applied dark theme
2026-03-14 12:22:40 - src.logic.user_session - INFO - Session ended for: guest
2026-03-14 12:22:40 - src.controllers.main_controller - INFO - Continuing as guest
2026-03-14 12:22:40 - __main__ - INFO - Application started successfully
2026-03-14 12:22:43 - src.logic.app_settings - DEBUG - Settings saved
2026-03-14 12:22:43 - src.logic.translator - INFO - Language changed to: fr
2026-03-14 12:22:43 - src.controllers.main_controller - INFO - Language changed to: fr
2026-03-14 12:22:43 - src.ui.main_window - INFO - Language changed to: fr
2026-03-14 12:22:43 - src.ui.main_window - DEBUG - Settings panel shown with overlay
2026-03-14 12:22:45 - src.logic.app_settings - DEBUG - Settings saved
2026-03-14 12:22:45 - src.logic.translator - INFO - Language changed to: en
2026-03-14 12:22:45 - src.controllers.main_controller - INFO - Language changed to: en
2026-03-14 12:22:45 - src.ui.main_window - INFO - Language changed to: en
2026-03-14 12:22:46 - src.ui.main_window - DEBUG - Settings panel and overlay hidden
2026-03-14 12:22:47 - src.ui.main_window - DEBUG - Opened login dialog
2026-03-14 12:33:40 - root - INFO - Logging initialized. File: C:\Users\And\PythonProjects\FlashcardApp\logs\quiz_app.log
2026-03-14 12:33:40 - src.logic.translator - WARNING - Language 'en' not available
2026-03-14 12:33:40 - src.controllers.main_controller - INFO - MainController initialized
2026-03-14 12:33:43 - src.logic.translator - WARNING - Translation not found: common.app_title
2026-03-14 12:33:43 - src.logic.translator - WARNING - Translation not found: common.tooltip_settings
2026-03-14 12:33:43 - src.logic.translator - WARNING - Translation not found: common.tooltip_login
2026-03-14 12:33:43 - src.logic.translator - WARNING - Translation not found: common.tooltip_logout
2026-03-14 12:33:43 - src.logic.translator - WARNING - Translation not found: common.app_title
2026-03-14 12:33:43 - src.logic.translator - WARNING - Translation not found: common.subtitle_study
2026-03-14 12:33:43 - src.logic.translator - WARNING - Translation not found: common.btn_quiz_mode
2026-03-14 12:33:43 - src.logic.translator - WARNING - Translation not found: common.btn_flashcard_mode
2026-03-14 12:33:43 - src.logic.translator - WARNING - Translation not found: common.btn_editor_mode
2026-03-14 12:33:43 - src.logic.translator - WARNING - Translation not found: common.btn_quit
2026-03-14 12:33:43 - src.logic.translator - WARNING - Translation not found: common.editor_title
2026-03-14 12:33:43 - src.logic.translator - WARNING - Translation not found: common.subtitle_editor
2026-03-14 12:33:43 - src.logic.translator - WARNING - Translation not found: common.btn_quiz_editor
2026-03-14 12:33:43 - src.logic.translator - WARNING - Translation not found: common.btn_flashcard_editor
2026-03-14 12:33:43 - src.logic.translator - WARNING - Translation not found: common.btn_back
2026-03-14 12:33:43 - src.logic.translator - WARNING - Translation not found: common.welcome_guest
2026-03-14 12:33:43 - src.logic.app_settings - DEBUG - Settings saved
2026-03-14 12:33:43 - src.ui.main_window - INFO - Applied dark theme
2026-03-14 12:33:43 - src.logic.user_session - INFO - Session ended for: guest
2026-03-14 12:33:43 - src.controllers.main_controller - INFO - Continuing as guest
2026-03-14 12:33:43 - src.logic.translator - WARNING - Translation not found: common.welcome_guest
2026-03-14 12:33:43 - __main__ - INFO - Application started successfully
2026-03-14 12:38:50 - root - INFO - Logging initialized. File: C:\Users\And\PythonProjects\FlashcardApp\logs\quiz_app.log
2026-03-14 12:38:50 - src.logic.translator - INFO - Language changed to: en
2026-03-14 12:38:50 - src.controllers.main_controller - INFO - MainController initialized
2026-03-14 12:38:51 - src.logic.translator - WARNING - Translation key not found: app_title
2026-03-14 12:38:51 - src.logic.translator - WARNING - Translation key not found: tooltip_settings
2026-03-14 12:38:51 - src.logic.translator - WARNING - Translation key not found: tooltip_login
2026-03-14 12:38:51 - src.logic.translator - WARNING - Translation key not found: tooltip_logout
2026-03-14 12:38:51 - src.logic.translator - WARNING - Translation key not found: app_title
2026-03-14 12:38:51 - src.logic.translator - WARNING - Translation key not found: subtitle_study
2026-03-14 12:38:51 - src.logic.translator - WARNING - Translation key not found: btn_quiz_mode
2026-03-14 12:38:51 - src.logic.translator - WARNING - Translation key not found: btn_flashcard_mode
2026-03-14 12:38:51 - src.logic.translator - WARNING - Translation key not found: btn_editor_mode
2026-03-14 12:38:51 - src.logic.translator - WARNING - Translation key not found: btn_quit
2026-03-14 12:38:51 - src.logic.translator - WARNING - Translation key not found: editor_title
2026-03-14 12:38:51 - src.logic.translator - WARNING - Translation key not found: subtitle_editor
2026-03-14 12:38:51 - src.logic.translator - WARNING - Translation key not found: btn_quiz_editor
2026-03-14 12:38:51 - src.logic.translator - WARNING - Translation key not found: btn_flashcard_editor
2026-03-14 12:38:51 - src.logic.translator - WARNING - Translation key not found: btn_back
2026-03-14 12:38:51 - src.logic.translator - WARNING - Translation key not found: welcome_guest
2026-03-14 12:38:51 - src.logic.app_settings - DEBUG - Settings saved
2026-03-14 12:38:51 - src.ui.main_window - INFO - Applied dark theme
2026-03-14 12:38:51 - src.logic.user_session - INFO - Session ended for: guest
2026-03-14 12:38:51 - src.controllers.main_controller - INFO - Continuing as guest
2026-03-14 12:38:51 - src.logic.translator - WARNING - Translation key not found: welcome_guest
2026-03-14 12:38:51 - __main__ - INFO - Application started successfully
2026-03-14 12:43:15 - root - INFO - Logging initialized. File: C:\Users\And\PythonProjects\FlashcardApp\logs\quiz_app.log
2026-03-14 12:43:15 - src.logic.translator - INFO - Language changed to: en
2026-03-14 12:43:15 - src.controllers.main_controller - INFO - MainController initialized
2026-03-14 12:43:15 - src.logic.app_settings - DEBUG - Settings saved
2026-03-14 12:43:15 - src.ui.main_window - INFO - Applied dark theme
2026-03-14 12:43:15 - src.logic.user_session - INFO - Session ended for: guest
2026-03-14 12:43:15 - src.controllers.main_controller - INFO - Continuing as guest
2026-03-14 12:43:15 - __main__ - INFO - Application started successfully
2026-03-14 12:43:17 - src.ui.main_window - DEBUG - Opened login dialog
2026-03-14 12:43:21 - src.storage.user_repository - INFO - User authenticated: admin (role: teacher)
2026-03-14 12:43:21 - src.logic.user_session - INFO - Session started for: Admin User
2026-03-14 12:43:21 - src.ui.main_window - INFO - Login successful: Admin User
2026-03-14 12:43:51 - root - INFO - Logging initialized. File: C:\Users\And\PythonProjects\FlashcardApp\logs\quiz_app.log
2026-03-14 12:43:51 - src.logic.translator - INFO - Language changed to: en
2026-03-14 12:43:51 - src.controllers.main_controller - INFO - MainController initialized
2026-03-14 12:43:52 - src.logic.app_settings - DEBUG - Settings saved
2026-03-14 12:43:52 - src.ui.main_window - INFO - Applied dark theme
2026-03-14 12:43:52 - src.logic.user_session - INFO - Session ended for: guest
2026-03-14 12:43:52 - src.controllers.main_controller - INFO - Continuing as guest
2026-03-14 12:43:52 - __main__ - INFO - Application started successfully
2026-03-14 12:43:54 - src.ui.main_window - DEBUG - Settings panel shown with overlay
2026-03-14 12:43:57 - src.logic.app_settings - DEBUG - Settings saved
2026-03-14 12:43:57 - src.logic.translator - INFO - Language changed to: fr
2026-03-14 12:43:57 - src.controllers.main_controller - INFO - Language changed to: fr
2026-03-14 12:43:57 - src.ui.main_window - INFO - Language changed to: fr
2026-03-14 12:43:58 - src.ui.main_window - DEBUG - Settings panel and overlay hidden
2026-03-14 12:43:59 - src.ui.main_window - DEBUG - Opened login dialog
2026-03-14 12:44:03 - src.storage.user_repository - INFO - User authenticated: admin (role: teacher)
2026-03-14 12:44:03 - src.logic.user_session - INFO - Session started for: Admin User
2026-03-14 12:44:03 - src.ui.main_window - INFO - Login successful: Admin User
2026-03-14 12:44:15 - src.ui.main_window - DEBUG - Settings panel shown with overlay
2026-03-14 12:44:16 - src.logic.app_settings - DEBUG - Settings saved
2026-03-14 12:44:16 - src.logic.translator - INFO - Language changed to: en
2026-03-14 12:44:16 - src.controllers.main_controller - INFO - Language changed to: en
2026-03-14 12:44:16 - src.ui.main_window - INFO - Language changed to: en
2026-03-14 12:44:18 - src.ui.main_window - DEBUG - Settings panel and overlay hidden
2026-03-14 12:44:19 - src.ui.main_window - DEBUG - Settings panel shown with overlay
2026-03-14 12:44:20 - src.logic.app_settings - DEBUG - Settings saved
2026-03-14 12:44:20 - src.logic.translator - INFO - Language changed to: fr
2026-03-14 12:44:20 - src.controllers.main_controller - INFO - Language changed to: fr
2026-03-14 12:44:20 - src.ui.main_window - INFO - Language changed to: fr
2026-03-14 12:44:20 - src.ui.main_window - DEBUG - Settings panel and overlay hidden
2026-03-14 12:44:25 - src.ui.main_window - DEBUG - Settings panel shown with overlay
2026-03-14 12:44:26 - src.logic.app_settings - DEBUG - Settings saved
2026-03-14 12:44:26 - src.logic.translator - INFO - Language changed to: en
2026-03-14 12:44:26 - src.controllers.main_controller - INFO - Language changed to: en
2026-03-14 12:44:26 - src.ui.main_window - INFO - Language changed to: en
2026-03-14 12:44:27 - src.ui.main_window - DEBUG - Settings panel and overlay hidden
2026-03-14 12:44:29 - src.ui.main_window - DEBUG - Settings panel shown with overlay
2026-03-14 12:44:31 - src.logic.app_settings - DEBUG - Settings saved
2026-03-14 12:44:31 - src.logic.translator - INFO - Language changed to: fr
2026-03-14 12:44:31 - src.controllers.main_controller - INFO - Language changed to: fr
2026-03-14 12:44:31 - src.ui.main_window - INFO - Language changed to: fr
2026-03-14 12:44:31 - src.ui.main_window - DEBUG - Settings panel and overlay hidden
2026-03-14 12:44:36 - src.ui.main_window - DEBUG - Settings panel shown with overlay
2026-03-14 12:44:38 - src.ui.main_window - DEBUG - Settings panel and overlay hidden
2026-03-14 13:00:46 - root - INFO - Logging initialized. File: C:\Users\And\PythonProjects\FlashcardApp\logs\quiz_app.log
2026-03-14 13:00:46 - src.logic.translator - INFO - Language changed to: fr
2026-03-14 13:00:46 - src.controllers.main_controller - INFO - MainController initialized
2026-03-14 13:00:46 - src.logic.app_settings - DEBUG - Settings saved
2026-03-14 13:00:46 - src.ui.main_window - INFO - Applied dark theme
2026-03-14 13:00:46 - src.logic.user_session - INFO - Session ended for: guest
2026-03-14 13:00:46 - src.controllers.main_controller - INFO - Continuing as guest
2026-03-14 13:00:46 - __main__ - INFO - Application started successfully
2026-03-14 13:00:49 - src.ui.main_window - DEBUG - Opened login dialog
2026-03-16 09:12:05 - root - INFO - Logging initialized. File: C:\Users\And\PythonProjects\FlashcardApp\logs\quiz_app.log
2026-03-16 09:12:05 - src.logic.translator - INFO - Language changed to: fr
2026-03-16 09:12:05 - src.controllers.main_controller - INFO - MainController initialized
2026-03-16 09:12:10 - src.logic.app_settings - DEBUG - Settings saved
2026-03-16 09:12:10 - src.ui.main_window - INFO - Applied dark theme
2026-03-16 09:12:10 - src.logic.user_session - INFO - Session ended for: guest
2026-03-16 09:12:10 - src.controllers.main_controller - INFO - Continuing as guest
2026-03-16 09:12:10 - __main__ - INFO - Application started successfully
2026-03-16 09:12:14 - src.logic.app_settings - DEBUG - Settings saved
2026-03-16 09:12:14 - src.logic.translator - INFO - Language changed to: fr
2026-03-16 09:12:14 - src.controllers.main_controller - INFO - Language changed to: fr
2026-03-16 09:12:14 - src.ui.main_window - INFO - Language changed to: fr
2026-03-16 09:12:14 - src.ui.main_window - DEBUG - Settings panel shown with overlay
2026-03-16 09:12:18 - src.logic.app_settings - DEBUG - Settings saved
2026-03-16 09:12:18 - src.ui.main_window - INFO - Applied light theme
2026-03-16 09:12:19 - src.logic.app_settings - DEBUG - Settings saved
2026-03-16 09:12:19 - src.ui.main_window - INFO - Applied dark theme
2026-03-16 09:12:23 - src.logic.app_settings - DEBUG - Settings saved
2026-03-16 09:12:23 - src.logic.translator - INFO - Language changed to: en
2026-03-16 09:12:23 - src.controllers.main_controller - INFO - Language changed to: en
2026-03-16 09:12:23 - src.ui.main_window - INFO - Language changed to: en
2026-03-16 09:12:26 - src.ui.main_window - DEBUG - Settings panel and overlay hidden
2026-03-16 09:12:26 - src.ui.main_window - DEBUG - Settings panel shown with overlay
2026-03-16 09:12:32 - src.ui.main_window - DEBUG - Settings panel and overlay hidden
2026-03-16 09:13:13 - root - INFO - Logging initialized. File: C:\Users\And\PythonProjects\FlashcardApp\logs\quiz_app.log
2026-03-16 09:13:13 - src.logic.translator - INFO - Language changed to: en
2026-03-16 09:13:13 - src.controllers.main_controller - INFO - MainController initialized
2026-03-16 09:13:14 - src.logic.app_settings - DEBUG - Settings saved
2026-03-16 09:13:14 - src.ui.main_window - INFO - Applied dark theme
2026-03-16 09:13:14 - src.logic.user_session - INFO - Session ended for: guest
2026-03-16 09:13:14 - src.controllers.main_controller - INFO - Continuing as guest
2026-03-16 09:13:14 - __main__ - INFO - Application started successfully
2026-03-16 09:13:15 - src.ui.main_window - DEBUG - Settings panel shown with overlay
2026-03-16 09:13:18 - src.logic.app_settings - DEBUG - Settings saved
2026-03-16 09:13:18 - src.logic.translator - INFO - Language changed to: fr
2026-03-16 09:13:18 - src.controllers.main_controller - INFO - Language changed to: fr
2026-03-16 09:13:18 - src.ui.main_window - INFO - Language changed to: fr
2026-03-16 09:13:22 - src.ui.main_window - DEBUG - Settings panel and overlay hidden
2026-03-16 09:13:23 - src.ui.main_window - DEBUG - Settings panel shown with overlay
2026-03-16 09:13:24 - src.ui.main_window - DEBUG - Settings panel and overlay hidden
2026-03-16 09:13:25 - src.ui.main_window - DEBUG - Opened login dialog
2026-03-16 09:13:28 - src.ui.main_window - DEBUG - Closed login dialog
2026-03-16 09:13:28 - src.ui.main_window - DEBUG - Settings panel shown with overlay
2026-03-16 09:13:31 - src.logic.app_settings - DEBUG - Settings saved
2026-03-16 09:13:31 - src.logic.translator - INFO - Language changed to: en
2026-03-16 09:13:31 - src.controllers.main_controller - INFO - Language changed to: en
2026-03-16 09:13:31 - src.ui.main_window - INFO - Language changed to: en
2026-03-16 09:13:32 - src.ui.main_window - DEBUG - Settings panel and overlay hidden
2026-03-16 09:13:34 - src.ui.main_window - DEBUG - Opened login dialog
2026-03-16 09:13:36 - src.ui.main_window - DEBUG - Closed login dialog
2026-03-16 09:13:36 - src.ui.main_window - DEBUG - Settings panel shown with overlay
2026-03-16 09:13:37 - src.ui.main_window - DEBUG - Settings panel and overlay hidden
2026-03-16 09:13:37 - src.ui.main_window - DEBUG - Opened login dialog
2026-03-16 09:13:41 - src.ui.main_window - DEBUG - Settings panel shown with overlay
2026-03-16 09:13:44 - src.ui.main_window - DEBUG - Settings panel and overlay hidden
2026-03-16 09:13:45 - src.ui.main_window - DEBUG - Opened login dialog
2026-03-16 09:19:55 - root - INFO - Logging initialized. File: C:\Users\And\PythonProjects\FlashcardApp\logs\quiz_app.log
2026-03-16 09:19:55 - src.logic.translator - INFO - Language changed to: en
2026-03-16 09:19:55 - src.controllers.main_controller - INFO - MainController initialized
2026-03-16 09:19:56 - src.logic.app_settings - DEBUG - Settings saved
2026-03-16 09:19:56 - src.ui.main_window - INFO - Applied dark theme
2026-03-16 09:19:56 - src.logic.user_session - INFO - Session ended for: guest
2026-03-16 09:19:56 - src.controllers.main_controller - INFO - Continuing as guest
2026-03-16 09:19:56 - __main__ - INFO - Application started successfully
2026-03-16 09:19:58 - src.ui.main_window - DEBUG - Settings panel shown with overlay
2026-03-16 09:20:00 - src.logic.app_settings - DEBUG - Settings saved
2026-03-16 09:20:00 - src.logic.translator - INFO - Language changed to: fr
2026-03-16 09:20:00 - src.controllers.main_controller - INFO - Language changed to: fr
2026-03-16 09:20:00 - src.ui.main_window - DEBUG - Settings panel retranslated
2026-03-16 09:20:00 - src.ui.main_window - INFO - Language changed to: fr
2026-03-16 09:20:02 - src.logic.app_settings - DEBUG - Settings saved
2026-03-16 09:20:02 - src.logic.translator - INFO - Language changed to: en
2026-03-16 09:20:02 - src.controllers.main_controller - INFO - Language changed to: en
2026-03-16 09:20:02 - src.ui.main_window - DEBUG - Settings panel retranslated
2026-03-16 09:20:02 - src.ui.main_window - INFO - Language changed to: en
2026-03-16 09:20:04 - src.logic.app_settings - DEBUG - Settings saved
2026-03-16 09:20:04 - src.logic.translator - INFO - Language changed to: fr
2026-03-16 09:20:04 - src.controllers.main_controller - INFO - Language changed to: fr
2026-03-16 09:20:04 - src.ui.main_window - DEBUG - Settings panel retranslated
2026-03-16 09:20:04 - src.ui.main_window - INFO - Language changed to: fr
2026-03-16 09:20:04 - src.ui.main_window - DEBUG - Settings panel and overlay hidden
2026-03-16 09:20:05 - src.ui.main_window - DEBUG - Opened login dialog
2026-03-16 09:20:07 - src.ui.main_window - DEBUG - Closed login dialog
2026-03-16 09:20:07 - src.ui.main_window - DEBUG - Settings panel shown with overlay
2026-03-16 09:20:10 - src.logic.app_settings - DEBUG - Settings saved
2026-03-16 09:20:10 - src.logic.translator - INFO - Language changed to: en
2026-03-16 09:20:10 - src.controllers.main_controller - INFO - Language changed to: en
2026-03-16 09:20:10 - src.ui.main_window - DEBUG - Settings panel retranslated
2026-03-16 09:20:10 - src.ui.main_window - DEBUG - Login dialog retranslated
2026-03-16 09:20:10 - src.ui.main_window - INFO - Language changed to: en
2026-03-16 09:20:10 - src.ui.main_window - DEBUG - Settings panel and overlay hidden
2026-03-16 09:20:11 - src.ui.main_window - DEBUG - Opened login dialog
2026-03-16 09:29:04 - root - INFO - Logging initialized. File: C:\Users\And\PythonProjects\FlashcardApp\logs\quiz_app.log
2026-03-16 09:29:04 - src.logic.translator - INFO - Language changed to: en
2026-03-16 09:29:04 - src.controllers.main_controller - INFO - MainController initialized
2026-03-16 09:29:05 - src.logic.app_settings - DEBUG - Settings saved
2026-03-16 09:29:05 - src.ui.main_window - INFO - Applied dark theme
2026-03-16 09:29:05 - src.logic.user_session - INFO - Session ended for: guest
2026-03-16 09:29:05 - src.controllers.main_controller - INFO - Continuing as guest
2026-03-16 09:29:05 - __main__ - INFO - Application started successfully
2026-03-16 09:29:08 - src.ui.main_window - DEBUG - Settings panel shown with overlay
2026-03-16 09:29:11 - src.logic.app_settings - DEBUG - Settings saved
2026-03-16 09:29:11 - src.logic.translator - INFO - Language changed to: fr
2026-03-16 09:29:11 - src.controllers.main_controller - INFO - Language changed to: fr
2026-03-16 09:29:11 - src.ui.main_window - DEBUG - Settings panel retranslated
2026-03-16 09:29:11 - src.ui.main_window - INFO - Language changed to: fr
2026-03-16 09:29:11 - src.ui.main_window - DEBUG - Settings panel and overlay hidden
2026-03-16 09:29:12 - src.storage.quiz_repository - INFO - QuizRepository initialized: C:\Users\And\PythonProjects\FlashcardApp\data\quizzes
2026-03-16 09:29:12 - src.ui.main_window - ERROR - Failed to launch window: 'QuizViewer' object has no attribute 'submit_answer_and_next'
Traceback (most recent call last):
  File "C:\Users\And\PythonProjects\FlashcardApp\src\ui\main_window.py", line 466, in _launch_sub_window
    self.active_window = window_class(*args)
                         ^^^^^^^^^^^^^^^^^^^
  File "C:\Users\And\PythonProjects\FlashcardApp\src\ui\quiz_view.py", line 37, in __init__
    self.init_quiz_panel()
  File "C:\Users\And\PythonProjects\FlashcardApp\src\ui\quiz_view.py", line 217, in init_quiz_panel
    self.submit_btn.clicked.connect(self.submit_answer_and_next)
                                    ^^^^^^^^^^^^^^^^^^^^^^^^^^^
AttributeError: 'QuizViewer' object has no attribute 'submit_answer_and_next'
2026-03-16 09:29:19 - src.controllers.flashcard_controller - INFO - FlashcardController initialized
2026-03-16 09:29:19 - src.ui.main_window - INFO - Launched FlashcardViewer
2026-03-16 10:59:40 - root - INFO - Logging initialized. File: C:\Users\And\PythonProjects\FlashcardApp\logs\quiz_app.log
2026-03-16 10:59:40 - src.logic.translator - INFO - Language changed to: fr
2026-03-16 10:59:40 - src.controllers.main_controller - INFO - MainController initialized
2026-03-16 10:59:43 - src.logic.app_settings - DEBUG - Settings saved
2026-03-16 10:59:43 - src.ui.main_window - INFO - Applied dark theme
2026-03-16 10:59:43 - src.logic.user_session - INFO - Session ended for: guest
2026-03-16 10:59:43 - src.controllers.main_controller - INFO - Continuing as guest
2026-03-16 10:59:43 - __main__ - INFO - Application started successfully
2026-03-16 10:59:45 - src.logic.app_settings - DEBUG - Settings saved
2026-03-16 10:59:45 - src.logic.translator - INFO - Language changed to: fr
2026-03-16 10:59:45 - src.controllers.main_controller - INFO - Language changed to: fr
2026-03-16 10:59:45 - src.ui.main_window - DEBUG - Settings panel retranslated
2026-03-16 10:59:45 - src.ui.main_window - INFO - Language changed to: fr
2026-03-16 10:59:45 - src.ui.main_window - DEBUG - Settings panel shown with overlay
2026-03-16 10:59:46 - src.ui.main_window - DEBUG - Settings panel and overlay hidden
2026-03-16 10:59:47 - src.storage.quiz_repository - INFO - QuizRepository initialized: C:\Users\And\PythonProjects\FlashcardApp\data\quizzes
2026-03-16 10:59:47 - src.ui.main_window - INFO - Launched QuizViewer
2026-03-16 10:59:54 - src.storage.quiz_repository - DEBUG - Loaded 100 questions from data\quizzes\sample.json
2026-03-16 10:59:54 - src.logic.quiz_logic - INFO - Initializing Quiz with 100 questions
2026-03-16 10:59:54 - src.logic.quiz_logic - DEBUG - Shuffling entire question pool for random selection
2026-03-16 10:59:54 - src.logic.quiz_logic - INFO - Selecting 20 random questions from pool
2026-03-16 10:59:54 - src.controllers.quiz_controller - INFO - Loaded quiz 'General Quiz' with 100 questions
2026-03-16 11:00:09 - root - INFO - Logging initialized. File: C:\Users\And\PythonProjects\FlashcardApp\logs\quiz_app.log
2026-03-16 11:00:09 - src.logic.translator - INFO - Language changed to: fr
2026-03-16 11:00:09 - src.controllers.main_controller - INFO - MainController initialized
2026-03-16 11:00:09 - src.logic.app_settings - DEBUG - Settings saved
2026-03-16 11:00:09 - src.ui.main_window - INFO - Applied dark theme
2026-03-16 11:00:09 - src.logic.user_session - INFO - Session ended for: guest
2026-03-16 11:00:09 - src.controllers.main_controller - INFO - Continuing as guest
2026-03-16 11:00:09 - __main__ - INFO - Application started successfully
2026-03-16 11:00:14 - src.logic.app_settings - DEBUG - Settings saved
2026-03-16 11:00:14 - src.logic.translator - INFO - Language changed to: fr
2026-03-16 11:00:14 - src.controllers.main_controller - INFO - Language changed to: fr
2026-03-16 11:00:14 - src.ui.main_window - DEBUG - Settings panel retranslated
2026-03-16 11:00:14 - src.ui.main_window - INFO - Language changed to: fr
2026-03-16 11:00:14 - src.ui.main_window - DEBUG - Settings panel shown with overlay
2026-03-16 11:00:16 - src.logic.app_settings - DEBUG - Settings saved
2026-03-16 11:00:16 - src.ui.main_window - INFO - Applied light theme
2026-03-16 11:00:18 - src.logic.app_settings - DEBUG - Settings saved
2026-03-16 11:00:18 - src.logic.translator - INFO - Language changed to: en
2026-03-16 11:00:18 - src.controllers.main_controller - INFO - Language changed to: en
2026-03-16 11:00:18 - src.ui.main_window - DEBUG - Settings panel retranslated
2026-03-16 11:00:18 - src.ui.main_window - INFO - Language changed to: en
2026-03-16 11:00:19 - src.ui.main_window - DEBUG - Settings panel and overlay hidden
2026-03-16 11:00:19 - src.storage.quiz_repository - INFO - QuizRepository initialized: C:\Users\And\PythonProjects\FlashcardApp\data\quizzes
2026-03-16 11:00:20 - src.ui.main_window - INFO - Launched QuizViewer
2026-03-16 11:00:21 - src.storage.quiz_repository - DEBUG - Loaded 100 questions from data\quizzes\sample.json
2026-03-16 11:00:21 - src.logic.quiz_logic - INFO - Initializing Quiz with 100 questions
2026-03-16 11:00:21 - src.logic.quiz_logic - DEBUG - Shuffling entire question pool for random selection
2026-03-16 11:00:21 - src.logic.quiz_logic - INFO - Selecting 20 random questions from pool
2026-03-16 11:00:21 - src.controllers.quiz_controller - INFO - Loaded quiz 'General Quiz' with 100 questions
2026-03-16 11:00:43 - root - INFO - Logging initialized. File: C:\Users\And\PythonProjects\FlashcardApp\logs\quiz_app.log
2026-03-16 11:00:43 - src.logic.translator - INFO - Language changed to: en
2026-03-16 11:00:43 - src.controllers.main_controller - INFO - MainController initialized
2026-03-16 11:00:43 - src.logic.app_settings - DEBUG - Settings saved
2026-03-16 11:00:43 - src.ui.main_window - INFO - Applied light theme
2026-03-16 11:00:43 - src.logic.user_session - INFO - Session ended for: guest
2026-03-16 11:00:43 - src.controllers.main_controller - INFO - Continuing as guest
2026-03-16 11:00:43 - __main__ - INFO - Application started successfully
2026-03-16 11:00:44 - src.storage.quiz_repository - INFO - QuizRepository initialized: C:\Users\And\PythonProjects\FlashcardApp\data\quizzes
2026-03-16 11:00:44 - src.ui.main_window - INFO - Launched QuizViewer
2026-03-16 11:00:46 - src.storage.quiz_repository - DEBUG - Loaded 100 questions from data\quizzes\sample.json
2026-03-16 11:00:46 - src.logic.quiz_logic - INFO - Initializing Quiz with 100 questions
2026-03-16 11:00:46 - src.logic.quiz_logic - DEBUG - Shuffling entire question pool for random selection
2026-03-16 11:00:46 - src.logic.quiz_logic - INFO - Selecting 20 random questions from pool
2026-03-16 11:00:46 - src.controllers.quiz_controller - INFO - Loaded quiz 'General Quiz' with 100 questions
2026-03-16 11:03:34 - root - INFO - Logging initialized. File: C:\Users\And\PythonProjects\FlashcardApp\logs\quiz_app.log
2026-03-16 11:03:34 - src.logic.translator - INFO - Language changed to: en
2026-03-16 11:03:34 - src.controllers.main_controller - INFO - MainController initialized
2026-03-16 11:03:35 - src.logic.app_settings - DEBUG - Settings saved
2026-03-16 11:03:35 - src.ui.main_window - INFO - Applied light theme
2026-03-16 11:03:35 - src.logic.user_session - INFO - Session ended for: guest
2026-03-16 11:03:35 - src.controllers.main_controller - INFO - Continuing as guest
2026-03-16 11:03:35 - __main__ - INFO - Application started successfully
2026-03-16 11:03:37 - src.storage.quiz_repository - INFO - QuizRepository initialized: C:\Users\And\PythonProjects\FlashcardApp\data\quizzes
2026-03-16 11:03:37 - src.ui.main_window - INFO - Launched QuizViewer
2026-03-16 11:03:38 - src.storage.quiz_repository - DEBUG - Loaded 100 questions from data\quizzes\sample.json
2026-03-16 11:03:38 - src.logic.quiz_logic - INFO - Initializing Quiz with 100 questions
2026-03-16 11:03:38 - src.logic.quiz_logic - DEBUG - Shuffling entire question pool for random selection
2026-03-16 11:03:38 - src.logic.quiz_logic - INFO - Selecting 20 random questions from pool
2026-03-16 11:03:38 - src.controllers.quiz_controller - INFO - Loaded quiz 'General Quiz' with 100 questions
2026-03-16 11:04:02 - root - INFO - Logging initialized. File: C:\Users\And\PythonProjects\FlashcardApp\logs\quiz_app.log
2026-03-16 11:04:02 - src.logic.translator - INFO - Language changed to: en
2026-03-16 11:04:02 - src.controllers.main_controller - INFO - MainController initialized
2026-03-16 11:04:03 - src.logic.app_settings - DEBUG - Settings saved
2026-03-16 11:04:03 - src.ui.main_window - INFO - Applied light theme
2026-03-16 11:04:03 - src.logic.user_session - INFO - Session ended for: guest
2026-03-16 11:04:03 - src.controllers.main_controller - INFO - Continuing as guest
2026-03-16 11:04:03 - __main__ - INFO - Application started successfully
2026-03-16 11:04:04 - src.storage.quiz_repository - INFO - QuizRepository initialized: C:\Users\And\PythonProjects\FlashcardApp\data\quizzes
2026-03-16 11:04:04 - src.ui.main_window - INFO - Launched QuizViewer
2026-03-16 11:04:05 - src.storage.quiz_repository - DEBUG - Loaded 100 questions from data\quizzes\sample.json
2026-03-16 11:04:05 - src.logic.quiz_logic - INFO - Initializing Quiz with 100 questions
2026-03-16 11:04:05 - src.logic.quiz_logic - DEBUG - Shuffling entire question pool for random selection
2026-03-16 11:04:05 - src.logic.quiz_logic - INFO - Selecting 20 random questions from pool
2026-03-16 11:04:05 - src.controllers.quiz_controller - INFO - Loaded quiz 'General Quiz' with 100 questions
2026-03-16 11:05:31 - root - INFO - Logging initialized. File: C:\Users\And\PythonProjects\FlashcardApp\logs\quiz_app.log
2026-03-16 11:05:31 - src.logic.translator - INFO - Language changed to: en
2026-03-16 11:05:31 - src.controllers.main_controller - INFO - MainController initialized
2026-03-16 11:05:32 - src.logic.app_settings - DEBUG - Settings saved
2026-03-16 11:05:32 - src.ui.main_window - INFO - Applied light theme
2026-03-16 11:05:32 - src.logic.user_session - INFO - Session ended for: guest
2026-03-16 11:05:32 - src.controllers.main_controller - INFO - Continuing as guest
2026-03-16 11:05:32 - __main__ - INFO - Application started successfully
2026-03-16 11:05:33 - src.storage.quiz_repository - INFO - QuizRepository initialized: C:\Users\And\PythonProjects\FlashcardApp\data\quizzes
2026-03-16 11:05:33 - src.ui.main_window - INFO - Launched QuizViewer
2026-03-16 11:05:34 - src.storage.quiz_repository - DEBUG - Loaded 100 questions from data\quizzes\general_quiz__copy_.json
2026-03-16 11:05:34 - src.logic.quiz_logic - INFO - Initializing Quiz with 100 questions
2026-03-16 11:05:34 - src.logic.quiz_logic - DEBUG - Shuffling entire question pool for random selection
2026-03-16 11:05:34 - src.logic.quiz_logic - INFO - Selecting 20 random questions from pool
2026-03-16 11:05:34 - src.controllers.quiz_controller - INFO - Loaded quiz 'General Quiz (Copy)' with 100 questions
2026-03-16 11:05:59 - root - INFO - Logging initialized. File: C:\Users\And\PythonProjects\FlashcardApp\logs\quiz_app.log
2026-03-16 11:05:59 - src.logic.translator - INFO - Language changed to: en
2026-03-16 11:05:59 - src.controllers.main_controller - INFO - MainController initialized
2026-03-16 11:06:00 - src.logic.app_settings - DEBUG - Settings saved
2026-03-16 11:06:00 - src.ui.main_window - INFO - Applied light theme
2026-03-16 11:06:00 - src.logic.user_session - INFO - Session ended for: guest
2026-03-16 11:06:00 - src.controllers.main_controller - INFO - Continuing as guest
2026-03-16 11:06:00 - __main__ - INFO - Application started successfully
2026-03-16 11:06:01 - src.storage.quiz_repository - INFO - QuizRepository initialized: C:\Users\And\PythonProjects\FlashcardApp\data\quizzes
2026-03-16 11:06:01 - src.ui.main_window - INFO - Launched QuizViewer
2026-03-16 11:06:02 - src.storage.quiz_repository - DEBUG - Loaded 100 questions from data\quizzes\sample.json
2026-03-16 11:06:02 - src.logic.quiz_logic - INFO - Initializing Quiz with 100 questions
2026-03-16 11:06:02 - src.logic.quiz_logic - DEBUG - Shuffling entire question pool for random selection
2026-03-16 11:06:02 - src.logic.quiz_logic - INFO - Selecting 20 random questions from pool
2026-03-16 11:06:02 - src.controllers.quiz_controller - INFO - Loaded quiz 'General Quiz' with 100 questions
2026-03-16 11:11:50 - root - INFO - Logging initialized. File: C:\Users\And\PythonProjects\FlashcardApp\logs\quiz_app.log
2026-03-16 11:11:50 - src.logic.translator - INFO - Language changed to: en
2026-03-16 11:11:50 - src.controllers.main_controller - INFO - MainController initialized
2026-03-16 11:11:50 - src.logic.app_settings - DEBUG - Settings saved
2026-03-16 11:11:50 - src.ui.main_window - INFO - Applied light theme
2026-03-16 11:11:50 - src.logic.user_session - INFO - Session ended for: guest
2026-03-16 11:11:50 - src.controllers.main_controller - INFO - Continuing as guest
2026-03-16 11:11:50 - __main__ - INFO - Application started successfully
2026-03-16 11:11:52 - src.storage.quiz_repository - INFO - QuizRepository initialized: C:\Users\And\PythonProjects\FlashcardApp\data\quizzes
2026-03-16 11:11:52 - src.ui.main_window - INFO - Launched QuizViewer
2026-03-16 11:11:56 - src.storage.quiz_repository - DEBUG - Loaded 100 questions from data\quizzes\sample.json
2026-03-16 11:11:56 - src.logic.quiz_logic - INFO - Initializing Quiz with 100 questions
2026-03-16 11:11:56 - src.logic.quiz_logic - DEBUG - Shuffling entire question pool for random selection
2026-03-16 11:11:56 - src.logic.quiz_logic - INFO - Selecting 20 random questions from pool
2026-03-16 11:11:56 - src.controllers.quiz_controller - INFO - Loaded quiz 'General Quiz' with 100 questions
2026-03-16 11:20:55 - root - INFO - Logging initialized. File: C:\Users\And\PythonProjects\FlashcardApp\logs\quiz_app.log
2026-03-16 11:20:55 - src.logic.translator - INFO - Language changed to: en
2026-03-16 11:20:55 - src.controllers.main_controller - INFO - MainController initialized
2026-03-16 11:20:56 - src.logic.app_settings - DEBUG - Settings saved
2026-03-16 11:20:56 - src.ui.main_window - INFO - Applied light theme
2026-03-16 11:20:56 - src.logic.user_session - INFO - Session ended for: guest
2026-03-16 11:20:56 - src.controllers.main_controller - INFO - Continuing as guest
2026-03-16 11:20:56 - __main__ - INFO - Application started successfully
2026-03-16 11:20:57 - src.storage.quiz_repository - INFO - QuizRepository initialized: C:\Users\And\PythonProjects\FlashcardApp\data\quizzes
2026-03-16 11:20:58 - src.ui.main_window - INFO - Launched QuizViewer
2026-03-16 11:20:59 - src.storage.quiz_repository - DEBUG - Loaded 100 questions from data\quizzes\sample.json
2026-03-16 11:20:59 - src.logic.quiz_logic - INFO - Initializing Quiz with 100 questions
2026-03-16 11:20:59 - src.logic.quiz_logic - DEBUG - Shuffling entire question pool for random selection
2026-03-16 11:20:59 - src.logic.quiz_logic - INFO - Selecting 20 random questions from pool
2026-03-16 11:20:59 - src.controllers.quiz_controller - INFO - Loaded quiz 'General Quiz' with 100 questions
2026-03-16 11:21:16 - src.ui.quiz_view - DEBUG - UI: Jumping to question index 11
2026-03-16 11:21:22 - src.controllers.quiz_controller - INFO - Controller: Saved answer for 'Match inventor to invention:...' Total saved: 1
2026-03-16 11:21:22 - src.ui.quiz_view - INFO - UI: Returning to review panel after edit.
2026-03-16 11:22:39 - root - INFO - Logging initialized. File: C:\Users\And\PythonProjects\FlashcardApp\logs\quiz_app.log
2026-03-16 11:22:39 - src.logic.translator - INFO - Language changed to: en
2026-03-16 11:22:39 - src.controllers.main_controller - INFO - MainController initialized
2026-03-16 11:22:39 - src.logic.app_settings - DEBUG - Settings saved
2026-03-16 11:22:39 - src.ui.main_window - INFO - Applied light theme
2026-03-16 11:22:39 - src.logic.user_session - INFO - Session ended for: guest
2026-03-16 11:22:39 - src.controllers.main_controller - INFO - Continuing as guest
2026-03-16 11:22:39 - __main__ - INFO - Application started successfully
2026-03-16 11:22:40 - src.logic.app_settings - DEBUG - Settings saved
2026-03-16 11:22:40 - src.ui.main_window - INFO - Applied light theme
2026-03-16 11:22:40 - src.ui.main_window - DEBUG - Settings panel shown with overlay
2026-03-16 11:22:42 - src.logic.app_settings - DEBUG - Settings saved
2026-03-16 11:22:42 - src.logic.translator - INFO - Language changed to: fr
2026-03-16 11:22:42 - src.controllers.main_controller - INFO - Language changed to: fr
2026-03-16 11:22:42 - src.ui.main_window - DEBUG - Settings panel retranslated
2026-03-16 11:22:42 - src.ui.main_window - INFO - Language changed to: fr
2026-03-16 11:22:43 - src.ui.main_window - DEBUG - Settings panel and overlay hidden
2026-03-16 11:22:43 - src.storage.quiz_repository - INFO - QuizRepository initialized: C:\Users\And\PythonProjects\FlashcardApp\data\quizzes
2026-03-16 11:22:43 - src.ui.main_window - INFO - Launched QuizViewer
2026-03-16 11:22:45 - src.storage.quiz_repository - DEBUG - Loaded 100 questions from data\quizzes\sample.json
2026-03-16 11:22:45 - src.logic.quiz_logic - INFO - Initializing Quiz with 100 questions
2026-03-16 11:22:45 - src.logic.quiz_logic - DEBUG - Shuffling entire question pool for random selection
2026-03-16 11:22:45 - src.logic.quiz_logic - INFO - Selecting 20 random questions from pool
2026-03-16 11:22:45 - src.controllers.quiz_controller - INFO - Loaded quiz 'General Quiz' with 100 questions
2026-03-16 11:23:15 - src.ui.quiz_view - DEBUG - UI: Jumping to question index 17
2026-03-16 11:23:18 - src.controllers.quiz_controller - INFO - Controller: Saved answer for 'Select prime numbers:...' Total saved: 1
2026-03-16 11:23:18 - src.ui.quiz_view - INFO - UI: Returning to review panel after edit.
2026-03-16 11:23:41 - src.storage.quiz_repository - DEBUG - Loaded 100 questions from data\quizzes\general_quiz__copy_.json
2026-03-16 11:23:41 - src.logic.quiz_logic - INFO - Initializing Quiz with 100 questions
2026-03-16 11:23:41 - src.logic.quiz_logic - DEBUG - Shuffling entire question pool for random selection
2026-03-16 11:23:41 - src.logic.quiz_logic - INFO - Selecting 20 random questions from pool
2026-03-16 11:23:41 - src.controllers.quiz_controller - INFO - Loaded quiz 'General Quiz (Copy)' with 100 questions
2026-03-16 11:28:47 - root - INFO - Logging initialized. File: C:\Users\And\PythonProjects\FlashcardApp\logs\quiz_app.log
2026-03-16 11:28:47 - src.logic.translator - INFO - Language changed to: fr
2026-03-16 11:28:47 - src.controllers.main_controller - INFO - MainController initialized
2026-03-16 11:28:48 - src.logic.app_settings - DEBUG - Settings saved
2026-03-16 11:28:48 - src.ui.main_window - INFO - Applied light theme
2026-03-16 11:28:48 - src.logic.user_session - INFO - Session ended for: guest
2026-03-16 11:28:48 - src.controllers.main_controller - INFO - Continuing as guest
2026-03-16 11:28:48 - __main__ - INFO - Application started successfully
2026-03-16 11:28:50 - src.logic.app_settings - DEBUG - Settings saved
2026-03-16 11:28:50 - src.ui.main_window - INFO - Applied light theme
2026-03-16 11:28:50 - src.logic.app_settings - DEBUG - Settings saved
2026-03-16 11:28:50 - src.logic.translator - INFO - Language changed to: fr
2026-03-16 11:28:50 - src.controllers.main_controller - INFO - Language changed to: fr
2026-03-16 11:28:50 - src.ui.main_window - DEBUG - Settings panel retranslated
2026-03-16 11:28:50 - src.ui.main_window - INFO - Language changed to: fr
2026-03-16 11:28:50 - src.ui.main_window - DEBUG - Settings panel shown with overlay
2026-03-16 11:28:51 - src.ui.main_window - DEBUG - Settings panel and overlay hidden
2026-03-16 11:28:52 - src.storage.quiz_repository - INFO - QuizRepository initialized: C:\Users\And\PythonProjects\FlashcardApp\data\quizzes
2026-03-16 11:28:52 - src.ui.main_window - INFO - Launched QuizViewer
2026-03-16 11:28:53 - src.storage.quiz_repository - DEBUG - Loaded 100 questions from data\quizzes\sample.json
2026-03-16 11:28:53 - src.logic.quiz_logic - INFO - Initializing Quiz with 100 questions
2026-03-16 11:28:53 - src.logic.quiz_logic - DEBUG - Shuffling entire question pool for random selection
2026-03-16 11:28:53 - src.logic.quiz_logic - INFO - Selecting 20 random questions from pool
2026-03-16 11:28:53 - src.controllers.quiz_controller - INFO - Loaded quiz 'General Quiz' with 100 questions
2026-03-16 11:28:58 - src.controllers.quiz_controller - INFO - Controller: Saved answer for 'Order the months of the first ...' Total saved: 1
2026-03-16 11:38:21 - root - INFO - Logging initialized. File: C:\Users\And\PythonProjects\FlashcardApp\logs\quiz_app.log
2026-03-16 11:38:21 - __main__ - INFO - Qt translations loaded for: en
2026-03-16 11:38:21 - src.logic.translator - INFO - Language changed to: fr
2026-03-16 11:38:21 - src.controllers.main_controller - INFO - MainController initialized
2026-03-16 11:38:22 - src.logic.app_settings - DEBUG - Settings saved
2026-03-16 11:38:22 - src.ui.main_window - INFO - Applied light theme
2026-03-16 11:38:22 - src.logic.user_session - INFO - Session ended for: guest
2026-03-16 11:38:22 - src.controllers.main_controller - INFO - Continuing as guest
2026-03-16 11:38:22 - __main__ - INFO - Application started successfully
2026-03-16 11:38:23 - src.logic.app_settings - DEBUG - Settings saved
2026-03-16 11:38:23 - src.ui.main_window - INFO - Applied light theme
2026-03-16 11:38:23 - src.logic.app_settings - DEBUG - Settings saved
2026-03-16 11:38:23 - src.logic.translator - INFO - Language changed to: fr
2026-03-16 11:38:23 - src.controllers.main_controller - INFO - Language changed to: fr
2026-03-16 11:38:23 - src.ui.main_window - DEBUG - Settings panel retranslated
2026-03-16 11:38:23 - src.ui.main_window - INFO - Language changed to: fr
2026-03-16 11:38:23 - src.ui.main_window - DEBUG - Settings panel shown with overlay
2026-03-16 11:38:24 - src.ui.main_window - DEBUG - Settings panel and overlay hidden
2026-03-16 11:38:25 - src.storage.quiz_repository - INFO - QuizRepository initialized: C:\Users\And\PythonProjects\FlashcardApp\data\quizzes
2026-03-16 11:38:26 - src.ui.main_window - INFO - Launched QuizViewer
2026-03-16 11:38:27 - src.storage.quiz_repository - DEBUG - Loaded 100 questions from data\quizzes\general_quiz__copy_.json
2026-03-16 11:38:27 - src.logic.quiz_logic - INFO - Initializing Quiz with 100 questions
2026-03-16 11:38:27 - src.logic.quiz_logic - DEBUG - Shuffling entire question pool for random selection
2026-03-16 11:38:27 - src.logic.quiz_logic - INFO - Selecting 20 random questions from pool
2026-03-16 11:38:27 - src.controllers.quiz_controller - INFO - Loaded quiz 'General Quiz (Copy)' with 100 questions
2026-03-16 11:39:25 - root - INFO - Logging initialized. File: C:\Users\And\PythonProjects\FlashcardApp\logs\quiz_app.log
2026-03-16 11:39:25 - __main__ - INFO - Qt translations loaded for: en
2026-03-16 11:39:25 - src.logic.translator - INFO - Language changed to: fr
2026-03-16 11:39:25 - src.controllers.main_controller - INFO - MainController initialized
2026-03-16 11:39:25 - src.logic.app_settings - DEBUG - Settings saved
2026-03-16 11:39:25 - src.ui.main_window - INFO - Applied light theme
2026-03-16 11:39:25 - src.logic.user_session - INFO - Session ended for: guest
2026-03-16 11:39:25 - src.controllers.main_controller - INFO - Continuing as guest
2026-03-16 11:39:25 - __main__ - INFO - Application started successfully
2026-03-16 11:39:26 - src.storage.quiz_repository - INFO - QuizRepository initialized: C:\Users\And\PythonProjects\FlashcardApp\data\quizzes
2026-03-16 11:39:26 - src.ui.main_window - INFO - Launched QuizViewer
2026-03-16 11:39:28 - src.storage.quiz_repository - DEBUG - Loaded 100 questions from data\quizzes\general_quiz__copy_.json
2026-03-16 11:39:28 - src.logic.quiz_logic - INFO - Initializing Quiz with 100 questions
2026-03-16 11:39:28 - src.logic.quiz_logic - DEBUG - Shuffling entire question pool for random selection
2026-03-16 11:39:28 - src.logic.quiz_logic - INFO - Selecting 20 random questions from pool
2026-03-16 11:39:28 - src.controllers.quiz_controller - INFO - Loaded quiz 'General Quiz (Copy)' with 100 questions
2026-03-16 11:39:32 - src.controllers.quiz_controller - INFO - Controller: Saved answer for 'Match country to language:...' Total saved: 1
2026-03-16 11:39:35 - src.controllers.quiz_controller - INFO - Controller: Saved answer for 'Match country to language:...' Total saved: 1
2026-03-16 11:40:47 - root - INFO - Logging initialized. File: C:\Users\And\PythonProjects\FlashcardApp\logs\quiz_app.log
2026-03-16 11:40:47 - __main__ - INFO - Qt translations loaded for: en
2026-03-16 11:40:47 - src.logic.translator - INFO - Language changed to: fr
2026-03-16 11:40:47 - src.controllers.main_controller - INFO - MainController initialized
2026-03-16 11:40:48 - src.logic.app_settings - DEBUG - Settings saved
2026-03-16 11:40:48 - src.ui.main_window - INFO - Applied light theme
2026-03-16 11:40:48 - src.logic.user_session - INFO - Session ended for: guest
2026-03-16 11:40:48 - src.controllers.main_controller - INFO - Continuing as guest
2026-03-16 11:40:48 - __main__ - INFO - Application started successfully
2026-03-16 11:41:45 - root - INFO - Logging initialized. File: C:\Users\And\PythonProjects\FlashcardApp\logs\quiz_app.log
2026-03-16 11:41:45 - __main__ - INFO - Qt translations loaded for: en
2026-03-16 11:41:45 - src.logic.translator - INFO - Language changed to: fr
2026-03-16 11:41:45 - src.controllers.main_controller - INFO - MainController initialized
2026-03-16 11:41:45 - src.logic.app_settings - DEBUG - Settings saved
2026-03-16 11:41:45 - src.ui.main_window - INFO - Applied light theme
2026-03-16 11:41:45 - src.logic.user_session - INFO - Session ended for: guest
2026-03-16 11:41:45 - src.controllers.main_controller - INFO - Continuing as guest
2026-03-16 11:41:46 - __main__ - INFO - Application started successfully
2026-03-16 11:41:58 - src.logic.app_settings - DEBUG - Settings saved
2026-03-16 11:41:58 - src.ui.main_window - INFO - Applied light theme
2026-03-16 11:41:58 - src.logic.app_settings - DEBUG - Settings saved
2026-03-16 11:41:58 - src.logic.translator - INFO - Language changed to: fr
2026-03-16 11:41:58 - src.controllers.main_controller - INFO - Language changed to: fr
2026-03-16 11:41:58 - src.ui.main_window - DEBUG - Settings panel retranslated
2026-03-16 11:41:58 - src.ui.main_window - INFO - Language changed to: fr
2026-03-16 11:41:58 - src.ui.main_window - DEBUG - Settings panel shown with overlay
2026-03-16 11:42:07 - src.ui.main_window - DEBUG - Settings panel and overlay hidden
2026-03-16 11:42:08 - src.storage.quiz_repository - INFO - QuizRepository initialized: C:\Users\And\PythonProjects\FlashcardApp\data\quizzes
2026-03-16 11:42:08 - src.ui.main_window - INFO - Launched QuizViewer
2026-03-16 11:42:12 - src.storage.quiz_repository - DEBUG - Loaded 100 questions from data\quizzes\general_quiz__copy_.json
2026-03-16 11:42:12 - src.logic.quiz_logic - INFO - Initializing Quiz with 100 questions
2026-03-16 11:42:12 - src.logic.quiz_logic - DEBUG - Shuffling entire question pool for random selection
2026-03-16 11:42:12 - src.logic.quiz_logic - INFO - Selecting 20 random questions from pool
2026-03-16 11:42:12 - src.controllers.quiz_controller - INFO - Loaded quiz 'General Quiz (Copy)' with 100 questions
2026-03-16 11:42:52 - root - INFO - Logging initialized. File: C:\Users\And\PythonProjects\FlashcardApp\logs\quiz_app.log
2026-03-16 11:42:52 - __main__ - INFO - Qt translations loaded for: en
2026-03-16 11:42:52 - src.logic.translator - INFO - Language changed to: fr
2026-03-16 11:42:52 - src.controllers.main_controller - INFO - MainController initialized
2026-03-16 11:42:53 - src.logic.app_settings - DEBUG - Settings saved
2026-03-16 11:42:53 - src.ui.main_window - INFO - Applied light theme
2026-03-16 11:42:53 - src.logic.user_session - INFO - Session ended for: guest
2026-03-16 11:42:53 - src.controllers.main_controller - INFO - Continuing as guest
2026-03-16 11:42:53 - __main__ - INFO - Application started successfully
2026-03-16 11:43:30 - root - INFO - Logging initialized. File: C:\Users\And\PythonProjects\FlashcardApp\logs\quiz_app.log
2026-03-16 11:43:30 - __main__ - INFO - Qt translations loaded for: en
2026-03-16 11:43:30 - src.logic.translator - INFO - Language changed to: fr
2026-03-16 11:43:30 - src.controllers.main_controller - INFO - MainController initialized
2026-03-16 11:43:31 - src.logic.app_settings - DEBUG - Settings saved
2026-03-16 11:43:31 - src.ui.main_window - INFO - Applied light theme
2026-03-16 11:43:31 - src.logic.user_session - INFO - Session ended for: guest
2026-03-16 11:43:31 - src.controllers.main_controller - INFO - Continuing as guest
2026-03-16 11:43:31 - __main__ - INFO - Application started successfully
2026-03-16 11:44:02 - root - INFO - Logging initialized. File: C:\Users\And\PythonProjects\FlashcardApp\logs\quiz_app.log
2026-03-16 11:44:02 - __main__ - INFO - Qt translations loaded for: en
2026-03-16 11:44:02 - src.logic.translator - INFO - Language changed to: fr
2026-03-16 11:44:02 - src.controllers.main_controller - INFO - MainController initialized
2026-03-16 11:44:03 - src.logic.app_settings - DEBUG - Settings saved
2026-03-16 11:44:03 - src.ui.main_window - INFO - Applied light theme
2026-03-16 11:44:03 - src.logic.user_session - INFO - Session ended for: guest
2026-03-16 11:44:03 - src.controllers.main_controller - INFO - Continuing as guest
2026-03-16 11:44:03 - __main__ - INFO - Application started successfully
2026-03-16 11:44:06 - src.logic.app_settings - DEBUG - Settings saved
2026-03-16 11:44:06 - src.ui.main_window - INFO - Applied light theme
2026-03-16 11:44:06 - src.logic.app_settings - DEBUG - Settings saved
2026-03-16 11:44:06 - src.logic.translator - INFO - Language changed to: fr
2026-03-16 11:44:06 - src.controllers.main_controller - INFO - Language changed to: fr
2026-03-16 11:44:06 - src.ui.main_window - DEBUG - Settings panel retranslated
2026-03-16 11:44:06 - src.ui.main_window - INFO - Language changed to: fr
2026-03-16 11:44:06 - src.ui.main_window - DEBUG - Settings panel shown with overlay
2026-03-16 11:44:08 - src.logic.app_settings - DEBUG - Settings saved
2026-03-16 11:44:08 - src.logic.translator - INFO - Language changed to: en
2026-03-16 11:44:08 - src.controllers.main_controller - INFO - Language changed to: en
2026-03-16 11:44:08 - src.ui.main_window - DEBUG - Settings panel retranslated
2026-03-16 11:44:08 - src.ui.main_window - INFO - Language changed to: en
2026-03-16 11:44:08 - src.ui.main_window - DEBUG - Settings panel and overlay hidden
2026-03-16 11:44:10 - src.ui.main_window - DEBUG - Settings panel shown with overlay
2026-03-16 11:44:12 - src.logic.app_settings - DEBUG - Settings saved
2026-03-16 11:44:12 - src.logic.translator - INFO - Language changed to: fr
2026-03-16 11:44:12 - src.controllers.main_controller - INFO - Language changed to: fr
2026-03-16 11:44:12 - src.ui.main_window - DEBUG - Settings panel retranslated
2026-03-16 11:44:12 - src.ui.main_window - INFO - Language changed to: fr
2026-03-16 11:44:12 - src.ui.main_window - DEBUG - Settings panel and overlay hidden
2026-03-16 11:44:14 - src.storage.quiz_repository - INFO - QuizRepository initialized: C:\Users\And\PythonProjects\FlashcardApp\data\quizzes
2026-03-16 11:44:14 - src.ui.main_window - INFO - Launched QuizViewer
2026-03-16 11:44:15 - src.storage.quiz_repository - DEBUG - Loaded 100 questions from data\quizzes\general_quiz__copy_.json
2026-03-16 11:44:15 - src.logic.quiz_logic - INFO - Initializing Quiz with 100 questions
2026-03-16 11:44:15 - src.logic.quiz_logic - DEBUG - Shuffling entire question pool for random selection
2026-03-16 11:44:15 - src.logic.quiz_logic - INFO - Selecting 20 random questions from pool
2026-03-16 11:44:15 - src.controllers.quiz_controller - INFO - Loaded quiz 'General Quiz (Copy)' with 100 questions
2026-03-16 11:44:21 - src.controllers.quiz_controller - INFO - Controller: Saved answer for 'Match instrument to family:...' Total saved: 1
2026-03-16 11:44:58 - root - INFO - Logging initialized. File: C:\Users\And\PythonProjects\FlashcardApp\logs\quiz_app.log
2026-03-16 11:44:58 - __main__ - INFO - Qt translations loaded for: en
2026-03-16 11:44:58 - src.logic.translator - INFO - Language changed to: fr
2026-03-16 11:44:58 - src.controllers.main_controller - INFO - MainController initialized
2026-03-16 11:44:58 - src.logic.app_settings - DEBUG - Settings saved
2026-03-16 11:44:58 - src.ui.main_window - INFO - Applied light theme
2026-03-16 11:44:58 - src.logic.user_session - INFO - Session ended for: guest
2026-03-16 11:44:58 - src.controllers.main_controller - INFO - Continuing as guest
2026-03-16 11:44:58 - __main__ - INFO - Application started successfully
2026-03-16 11:45:00 - src.storage.quiz_repository - INFO - QuizRepository initialized: C:\Users\And\PythonProjects\FlashcardApp\data\quizzes
2026-03-16 11:45:00 - src.ui.main_window - INFO - Launched QuizViewer
2026-03-16 11:45:01 - src.storage.quiz_repository - DEBUG - Loaded 100 questions from data\quizzes\general_quiz__copy_.json
2026-03-16 11:45:01 - src.logic.quiz_logic - INFO - Initializing Quiz with 100 questions
2026-03-16 11:45:01 - src.logic.quiz_logic - DEBUG - Shuffling entire question pool for random selection
2026-03-16 11:45:01 - src.logic.quiz_logic - INFO - Selecting 20 random questions from pool
2026-03-16 11:45:01 - src.controllers.quiz_controller - INFO - Loaded quiz 'General Quiz (Copy)' with 100 questions
2026-03-16 11:50:14 - root - INFO - Logging initialized. File: C:\Users\And\PythonProjects\FlashcardApp\logs\quiz_app.log
2026-03-16 11:50:14 - __main__ - INFO - Qt translations loaded for: en
2026-03-16 11:50:14 - src.logic.translator - INFO - Language changed to: fr
2026-03-16 11:50:14 - src.controllers.main_controller - INFO - MainController initialized
2026-03-16 11:50:14 - src.logic.app_settings - DEBUG - Settings saved
2026-03-16 11:50:14 - src.ui.main_window - INFO - Applied light theme
2026-03-16 11:50:14 - src.logic.user_session - INFO - Session ended for: guest
2026-03-16 11:50:14 - src.controllers.main_controller - INFO - Continuing as guest
2026-03-16 11:50:14 - __main__ - INFO - Application started successfully
2026-03-16 11:51:19 - root - INFO - Logging initialized. File: C:\Users\And\PythonProjects\FlashcardApp\logs\quiz_app.log
2026-03-16 11:51:19 - __main__ - INFO - Qt translations loaded for: en
2026-03-16 11:51:19 - src.logic.translator - INFO - Language changed to: fr
2026-03-16 11:51:19 - src.controllers.main_controller - INFO - MainController initialized
2026-03-16 11:51:19 - src.logic.app_settings - DEBUG - Settings saved
2026-03-16 11:51:19 - src.ui.main_window - INFO - Applied light theme
2026-03-16 11:51:19 - src.logic.user_session - INFO - Session ended for: guest
2026-03-16 11:51:19 - src.controllers.main_controller - INFO - Continuing as guest
2026-03-16 11:51:19 - __main__ - INFO - Application started successfully
2026-03-16 11:51:20 - src.logic.app_settings - DEBUG - Settings saved
2026-03-16 11:51:20 - src.ui.main_window - INFO - Applied light theme
2026-03-16 11:51:20 - src.logic.app_settings - DEBUG - Settings saved
2026-03-16 11:51:20 - src.logic.translator - INFO - Language changed to: fr
2026-03-16 11:51:20 - src.controllers.main_controller - INFO - Language changed to: fr
2026-03-16 11:51:20 - src.ui.main_window - DEBUG - Settings panel retranslated
2026-03-16 11:51:20 - src.ui.main_window - INFO - Language changed to: fr
2026-03-16 11:51:20 - src.ui.main_window - DEBUG - Settings panel shown with overlay
2026-03-16 11:51:22 - src.logic.app_settings - DEBUG - Settings saved
2026-03-16 11:51:22 - src.logic.translator - INFO - Language changed to: en
2026-03-16 11:51:22 - src.controllers.main_controller - INFO - Language changed to: en
2026-03-16 11:51:22 - src.ui.main_window - DEBUG - Settings panel retranslated
2026-03-16 11:51:22 - src.ui.main_window - INFO - Language changed to: en
2026-03-16 11:51:23 - src.logic.app_settings - DEBUG - Settings saved
2026-03-16 11:51:23 - src.logic.translator - INFO - Language changed to: fr
2026-03-16 11:51:23 - src.controllers.main_controller - INFO - Language changed to: fr
2026-03-16 11:51:23 - src.ui.main_window - DEBUG - Settings panel retranslated
2026-03-16 11:51:23 - src.ui.main_window - INFO - Language changed to: fr
2026-03-16 11:51:23 - src.ui.main_window - DEBUG - Settings panel and overlay hidden
2026-03-16 11:51:24 - src.storage.quiz_repository - INFO - QuizRepository initialized: C:\Users\And\PythonProjects\FlashcardApp\data\quizzes
2026-03-16 11:51:24 - src.ui.main_window - INFO - Launched QuizViewer
2026-03-16 11:51:25 - src.storage.quiz_repository - DEBUG - Loaded 100 questions from data\quizzes\general_quiz__copy_.json
2026-03-16 11:51:25 - src.logic.quiz_logic - INFO - Initializing Quiz with 100 questions
2026-03-16 11:51:25 - src.logic.quiz_logic - DEBUG - Shuffling entire question pool for random selection
2026-03-16 11:51:25 - src.logic.quiz_logic - INFO - Selecting 20 random questions from pool
2026-03-16 11:51:25 - src.controllers.quiz_controller - INFO - Loaded quiz 'General Quiz (Copy)' with 100 questions
2026-03-16 11:51:31 - src.controllers.quiz_controller - INFO - Controller: Saved answer for 'Match country to language:...' Total saved: 1
2026-03-16 11:51:41 - root - INFO - Logging initialized. File: C:\Users\And\PythonProjects\FlashcardApp\logs\quiz_app.log
2026-03-16 11:51:41 - __main__ - INFO - Qt translations loaded for: en
2026-03-16 11:51:41 - src.logic.translator - INFO - Language changed to: fr
2026-03-16 11:51:41 - src.controllers.main_controller - INFO - MainController initialized
2026-03-16 11:51:42 - src.logic.app_settings - DEBUG - Settings saved
2026-03-16 11:51:42 - src.ui.main_window - INFO - Applied light theme
2026-03-16 11:51:42 - src.logic.user_session - INFO - Session ended for: guest
2026-03-16 11:51:42 - src.controllers.main_controller - INFO - Continuing as guest
2026-03-16 11:51:42 - __main__ - INFO - Application started successfully
2026-03-16 11:51:43 - src.logic.app_settings - DEBUG - Settings saved
2026-03-16 11:51:43 - src.ui.main_window - INFO - Applied light theme
2026-03-16 11:51:43 - src.logic.app_settings - DEBUG - Settings saved
2026-03-16 11:51:43 - src.logic.translator - INFO - Language changed to: fr
2026-03-16 11:51:43 - src.controllers.main_controller - INFO - Language changed to: fr
2026-03-16 11:51:43 - src.ui.main_window - DEBUG - Settings panel retranslated
2026-03-16 11:51:43 - src.ui.main_window - INFO - Language changed to: fr
2026-03-16 11:51:43 - src.ui.main_window - DEBUG - Settings panel shown with overlay
2026-03-16 11:51:44 - src.logic.app_settings - DEBUG - Settings saved
2026-03-16 11:51:44 - src.logic.translator - INFO - Language changed to: en
2026-03-16 11:51:44 - src.controllers.main_controller - INFO - Language changed to: en
2026-03-16 11:51:44 - src.ui.main_window - DEBUG - Settings panel retranslated
2026-03-16 11:51:44 - src.ui.main_window - INFO - Language changed to: en
2026-03-16 11:51:46 - src.logic.app_settings - DEBUG - Settings saved
2026-03-16 11:51:46 - src.logic.translator - INFO - Language changed to: fr
2026-03-16 11:51:46 - src.controllers.main_controller - INFO - Language changed to: fr
2026-03-16 11:51:46 - src.ui.main_window - DEBUG - Settings panel retranslated
2026-03-16 11:51:46 - src.ui.main_window - INFO - Language changed to: fr
2026-03-16 11:55:06 - root - INFO - Logging initialized. File: C:\Users\And\PythonProjects\FlashcardApp\logs\quiz_app.log
2026-03-16 11:55:06 - __main__ - INFO - Qt translations loaded for: en
2026-03-16 11:55:06 - src.logic.translator - INFO - Language changed to: fr
2026-03-16 11:55:06 - src.controllers.main_controller - INFO - MainController initialized
2026-03-16 11:55:06 - src.logic.app_settings - DEBUG - Settings saved
2026-03-16 11:55:06 - src.ui.main_window - INFO - Applied light theme
2026-03-16 11:55:06 - src.logic.user_session - INFO - Session ended for: guest
2026-03-16 11:55:06 - src.controllers.main_controller - INFO - Continuing as guest
2026-03-16 11:55:06 - __main__ - INFO - Qt translations loaded for: fr
2026-03-16 11:55:06 - __main__ - INFO - Application started successfully
2026-03-16 11:55:13 - src.storage.quiz_repository - INFO - QuizRepository initialized: C:\Users\And\PythonProjects\FlashcardApp\data\quizzes
2026-03-16 11:55:13 - src.ui.main_window - INFO - Launched QuizViewer
2026-03-16 11:55:14 - src.storage.quiz_repository - DEBUG - Loaded 100 questions from data\quizzes\general_quiz__copy_.json
2026-03-16 11:55:14 - src.logic.quiz_logic - INFO - Initializing Quiz with 100 questions
2026-03-16 11:55:14 - src.logic.quiz_logic - DEBUG - Shuffling entire question pool for random selection
2026-03-16 11:55:14 - src.logic.quiz_logic - INFO - Selecting 20 random questions from pool
2026-03-16 11:55:14 - src.controllers.quiz_controller - INFO - Loaded quiz 'General Quiz (Copy)' with 100 questions
2026-03-16 11:55:24 - src.logic.app_settings - DEBUG - Settings saved
2026-03-16 11:55:24 - src.ui.main_window - INFO - Applied light theme
2026-03-16 11:55:24 - src.logic.app_settings - DEBUG - Settings saved
2026-03-16 11:55:24 - src.logic.translator - INFO - Language changed to: fr
2026-03-16 11:55:24 - src.controllers.main_controller - INFO - Language changed to: fr
2026-03-16 11:55:24 - src.ui.main_window - DEBUG - Settings panel retranslated
2026-03-16 11:55:24 - src.ui.main_window - INFO - Language changed to: fr
2026-03-16 11:55:24 - src.ui.main_window - DEBUG - Settings panel shown with overlay
2026-03-16 11:55:26 - src.logic.app_settings - DEBUG - Settings saved
2026-03-16 11:55:26 - src.logic.translator - INFO - Language changed to: en
2026-03-16 11:55:26 - src.controllers.main_controller - INFO - Language changed to: en
2026-03-16 11:55:26 - src.ui.main_window - DEBUG - Settings panel retranslated
2026-03-16 11:55:26 - src.ui.main_window - INFO - Language changed to: en
2026-03-16 11:55:26 - src.ui.main_window - DEBUG - Settings panel and overlay hidden
2026-03-16 11:55:27 - src.storage.quiz_repository - INFO - QuizRepository initialized: C:\Users\And\PythonProjects\FlashcardApp\data\quizzes
2026-03-16 11:55:27 - src.ui.main_window - INFO - Launched QuizViewer
2026-03-16 11:55:28 - src.storage.quiz_repository - DEBUG - Loaded 100 questions from data\quizzes\general_quiz__copy_.json
2026-03-16 11:55:28 - src.logic.quiz_logic - INFO - Initializing Quiz with 100 questions
2026-03-16 11:55:28 - src.logic.quiz_logic - DEBUG - Shuffling entire question pool for random selection
2026-03-16 11:55:28 - src.logic.quiz_logic - INFO - Selecting 20 random questions from pool
2026-03-16 11:55:28 - src.controllers.quiz_controller - INFO - Loaded quiz 'General Quiz (Copy)' with 100 questions
2026-03-16 11:55:50 - src.storage.quiz_repository - INFO - QuizRepository initialized: C:\Users\And\PythonProjects\FlashcardApp\data\quizzes
2026-03-16 11:55:50 - src.ui.main_window - INFO - Launched QuizViewer
2026-03-16 11:55:51 - src.storage.quiz_repository - DEBUG - Loaded 100 questions from data\quizzes\general_quiz__copy_.json
2026-03-16 11:55:51 - src.logic.quiz_logic - INFO - Initializing Quiz with 100 questions
2026-03-16 11:55:51 - src.logic.quiz_logic - DEBUG - Shuffling entire question pool for random selection
2026-03-16 11:55:51 - src.logic.quiz_logic - INFO - Selecting 20 random questions from pool
2026-03-16 11:55:51 - src.controllers.quiz_controller - INFO - Loaded quiz 'General Quiz (Copy)' with 100 questions
2026-03-16 11:59:39 - root - INFO - Logging initialized. File: C:\Users\And\PythonProjects\FlashcardApp\logs\quiz_app.log
2026-03-16 11:59:39 - __main__ - INFO - Qt translations loaded for: en
2026-03-16 11:59:39 - src.logic.translator - INFO - Language changed to: en
2026-03-16 11:59:39 - src.controllers.main_controller - INFO - MainController initialized
2026-03-16 11:59:39 - src.logic.app_settings - DEBUG - Settings saved
2026-03-16 11:59:39 - src.ui.main_window - INFO - Applied light theme
2026-03-16 11:59:39 - src.logic.user_session - INFO - Session ended for: guest
2026-03-16 11:59:39 - src.controllers.main_controller - INFO - Continuing as guest
2026-03-16 11:59:39 - __main__ - INFO - Qt translations loaded for: en
2026-03-16 11:59:39 - __main__ - INFO - Application started successfully
2026-03-16 11:59:41 - src.logic.app_settings - DEBUG - Settings saved
2026-03-16 11:59:41 - src.ui.main_window - INFO - Applied light theme
2026-03-16 11:59:41 - src.ui.main_window - DEBUG - Settings panel shown with overlay
2026-03-16 11:59:43 - src.logic.translator - INFO - Language changed to: fr
2026-03-16 11:59:43 - src.app - INFO - Qt translations loaded for: fr
2026-03-16 11:59:43 - src.controllers.main_controller - INFO - Language changed to: fr
2026-03-16 11:59:43 - src.ui.main_window - DEBUG - Settings panel retranslated
2026-03-16 11:59:43 - src.ui.main_window - INFO - Language changed to: fr
2026-03-16 11:59:43 - src.ui.main_window - DEBUG - Settings panel and overlay hidden
2026-03-16 11:59:44 - src.storage.quiz_repository - INFO - QuizRepository initialized: C:\Users\And\PythonProjects\FlashcardApp\data\quizzes
2026-03-16 11:59:44 - src.ui.main_window - INFO - Launched QuizViewer
2026-03-16 11:59:45 - src.storage.quiz_repository - DEBUG - Loaded 100 questions from data\quizzes\general_quiz__copy_.json
2026-03-16 11:59:45 - src.logic.quiz_logic - INFO - Initializing Quiz with 100 questions
2026-03-16 11:59:45 - src.logic.quiz_logic - DEBUG - Shuffling entire question pool for random selection
2026-03-16 11:59:45 - src.logic.quiz_logic - INFO - Selecting 20 random questions from pool
2026-03-16 11:59:45 - src.controllers.quiz_controller - INFO - Loaded quiz 'General Quiz (Copy)' with 100 questions
2026-03-16 11:59:59 - src.ui.main_window - DEBUG - Settings panel shown with overlay
2026-03-16 12:00:02 - src.logic.translator - INFO - Language changed to: en
2026-03-16 12:00:02 - src.app - INFO - Qt translations loaded for: en
2026-03-16 12:00:02 - src.controllers.main_controller - INFO - Language changed to: en
2026-03-16 12:00:02 - src.ui.main_window - DEBUG - Settings panel retranslated
2026-03-16 12:00:02 - src.ui.main_window - INFO - Language changed to: en
2026-03-16 12:00:02 - src.ui.main_window - DEBUG - Settings panel and overlay hidden
2026-03-16 12:00:03 - src.storage.quiz_repository - INFO - QuizRepository initialized: C:\Users\And\PythonProjects\FlashcardApp\data\quizzes
2026-03-16 12:00:03 - src.ui.main_window - INFO - Launched QuizViewer
2026-03-16 12:00:04 - src.storage.quiz_repository - DEBUG - Loaded 100 questions from data\quizzes\general_quiz__copy_.json
2026-03-16 12:00:04 - src.logic.quiz_logic - INFO - Initializing Quiz with 100 questions
2026-03-16 12:00:04 - src.logic.quiz_logic - DEBUG - Shuffling entire question pool for random selection
2026-03-16 12:00:04 - src.logic.quiz_logic - INFO - Selecting 20 random questions from pool
2026-03-16 12:00:04 - src.controllers.quiz_controller - INFO - Loaded quiz 'General Quiz (Copy)' with 100 questions
2026-03-17 19:41:13 - root - INFO - Logging initialized. File: C:\Users\And\PythonProjects\FlashcardApp\logs\quiz_app.log
2026-03-17 19:41:13 - __main__ - INFO - Qt translations loaded for: en
2026-03-17 19:41:13 - src.logic.translator - INFO - Language changed to: en
2026-03-17 19:41:13 - src.controllers.main_controller - INFO - MainController initialized
2026-03-17 19:41:15 - src.logic.app_settings - DEBUG - Settings saved
2026-03-17 19:41:15 - src.ui.main_window - INFO - Applied light theme
2026-03-17 19:41:15 - src.logic.user_session - INFO - Session ended for: guest
2026-03-17 19:41:15 - src.controllers.main_controller - INFO - Continuing as guest
2026-03-17 19:41:15 - __main__ - INFO - Qt translations loaded for: en
2026-03-17 19:41:15 - __main__ - INFO - Application started successfully
2026-03-17 19:41:18 - src.logic.app_settings - DEBUG - Settings saved
2026-03-17 19:41:18 - src.ui.main_window - INFO - Applied light theme
2026-03-17 19:41:18 - src.ui.main_window - DEBUG - Settings panel shown with overlay
2026-03-17 19:41:23 - src.logic.app_settings - DEBUG - Settings saved
2026-03-17 19:41:23 - src.ui.main_window - INFO - Applied dark theme
2026-03-17 19:41:25 - src.ui.main_window - DEBUG - Settings panel and overlay hidden
2026-03-17 19:41:34 - src.ui.main_window - DEBUG - Settings panel shown with overlay
2026-03-17 19:41:36 - src.logic.translator - INFO - Language changed to: fr
2026-03-17 19:41:36 - src.app - INFO - Qt translations loaded for: fr
2026-03-17 19:41:36 - src.controllers.main_controller - INFO - Language changed to: fr
2026-03-17 19:41:36 - src.ui.main_window - DEBUG - Settings panel retranslated
2026-03-17 19:41:36 - src.ui.main_window - INFO - Language changed to: fr
2026-03-17 19:41:36 - src.ui.main_window - DEBUG - Settings panel and overlay hidden
2026-03-17 19:41:40 - root - INFO - Logging initialized. File: C:\Users\And\PythonProjects\FlashcardApp\logs\quiz_app.log
2026-03-17 19:41:40 - __main__ - INFO - Qt translations loaded for: en
2026-03-17 19:41:40 - src.logic.translator - INFO - Language changed to: en
2026-03-17 19:41:40 - src.controllers.main_controller - INFO - MainController initialized
2026-03-17 19:41:41 - src.logic.app_settings - DEBUG - Settings saved
2026-03-17 19:41:41 - src.ui.main_window - INFO - Applied dark theme
2026-03-17 19:41:41 - src.logic.user_session - INFO - Session ended for: guest
2026-03-17 19:41:41 - src.controllers.main_controller - INFO - Continuing as guest
2026-03-17 19:41:41 - __main__ - INFO - Qt translations loaded for: en
2026-03-17 19:41:41 - __main__ - INFO - Application started successfully
2026-03-17 19:41:43 - src.storage.quiz_repository - INFO - QuizRepository initialized: C:\Users\And\PythonProjects\FlashcardApp\data\quizzes
2026-03-17 19:41:43 - src.ui.main_window - INFO - Launched QuizViewer
2026-03-17 19:41:47 - src.ui.main_window - DEBUG - Settings panel shown with overlay
2026-03-17 19:41:49 - src.logic.translator - INFO - Language changed to: fr
2026-03-17 19:41:49 - src.app - INFO - Qt translations loaded for: fr
2026-03-17 19:41:49 - src.controllers.main_controller - INFO - Language changed to: fr
2026-03-17 19:41:49 - src.ui.main_window - DEBUG - Settings panel retranslated
2026-03-17 19:41:49 - src.ui.main_window - INFO - Language changed to: fr
2026-03-17 19:41:50 - src.ui.main_window - DEBUG - Settings panel and overlay hidden
2026-03-17 19:42:02 - root - INFO - Logging initialized. File: C:\Users\And\PythonProjects\FlashcardApp\logs\quiz_app.log
2026-03-17 19:42:02 - __main__ - INFO - Qt translations loaded for: en
2026-03-17 19:42:02 - src.logic.translator - INFO - Language changed to: en
2026-03-17 19:42:02 - src.controllers.main_controller - INFO - MainController initialized
2026-03-17 19:42:07 - src.logic.app_settings - DEBUG - Settings saved
2026-03-17 19:42:07 - src.ui.main_window - INFO - Applied dark theme
2026-03-17 19:42:07 - src.logic.user_session - INFO - Session ended for: guest
2026-03-17 19:42:07 - src.controllers.main_controller - INFO - Continuing as guest
2026-03-17 19:42:07 - __main__ - INFO - Qt translations loaded for: en
2026-03-17 19:42:07 - __main__ - INFO - Application started successfully
2026-03-17 19:42:08 - src.ui.main_window - DEBUG - Settings panel shown with overlay
2026-03-17 19:42:11 - src.logic.app_settings - DEBUG - Settings saved
2026-03-17 19:42:11 - src.ui.main_window - INFO - Applied light theme
2026-03-17 19:42:15 - src.logic.translator - INFO - Language changed to: fr
2026-03-17 19:42:15 - src.app - INFO - Qt translations loaded for: fr
2026-03-17 19:42:15 - src.controllers.main_controller - INFO - Language changed to: fr
2026-03-17 19:42:15 - src.ui.main_window - DEBUG - Settings panel retranslated
2026-03-17 19:42:15 - src.ui.main_window - INFO - Language changed to: fr
2026-03-17 19:42:37 - src.ui.main_window - DEBUG - Settings panel and overlay hidden
2026-03-17 19:50:06 - root - INFO - Logging initialized. File: C:\Users\And\PythonProjects\FlashcardApp\logs\quiz_app.log
2026-03-17 19:50:06 - __main__ - INFO - Qt translations loaded for: en
2026-03-17 19:50:06 - src.logic.translator - INFO - Language changed to: en
2026-03-17 19:50:06 - src.controllers.main_controller - INFO - MainController initialized
2026-03-17 19:50:08 - src.logic.app_settings - DEBUG - Settings saved
2026-03-17 19:50:08 - src.ui.main_window - INFO - Applied light theme
2026-03-17 19:50:08 - src.logic.user_session - INFO - Session ended for: guest
2026-03-17 19:50:08 - src.controllers.main_controller - INFO - Continuing as guest
2026-03-17 19:50:08 - __main__ - INFO - Qt translations loaded for: en
2026-03-17 19:50:08 - __main__ - INFO - Application started successfully
2026-03-17 19:50:10 - src.logic.app_settings - DEBUG - Settings saved
2026-03-17 19:50:10 - src.ui.main_window - INFO - Applied light theme
2026-03-17 19:50:10 - src.ui.main_window - DEBUG - Settings panel shown with overlay
2026-03-17 19:50:11 - src.logic.translator - INFO - Language changed to: fr
2026-03-17 19:50:11 - src.app - INFO - Qt translations loaded for: fr
2026-03-17 19:50:11 - src.controllers.main_controller - INFO - Language changed to: fr
2026-03-17 19:50:11 - src.ui.main_window - DEBUG - Settings panel retranslated
2026-03-17 19:50:11 - src.ui.main_window - INFO - Language changed to: fr
2026-03-17 19:50:12 - src.ui.main_window - DEBUG - Settings panel and overlay hidden
2026-03-17 19:50:18 - root - INFO - Logging initialized. File: C:\Users\And\PythonProjects\FlashcardApp\logs\quiz_app.log
2026-03-17 19:50:18 - __main__ - INFO - Qt translations loaded for: en
2026-03-17 19:50:18 - src.logic.translator - INFO - Language changed to: en
2026-03-17 19:50:18 - src.controllers.main_controller - INFO - MainController initialized
2026-03-17 19:50:18 - src.logic.app_settings - DEBUG - Settings saved
2026-03-17 19:50:18 - src.ui.main_window - INFO - Applied light theme
2026-03-17 19:50:18 - src.logic.user_session - INFO - Session ended for: guest
2026-03-17 19:50:18 - src.controllers.main_controller - INFO - Continuing as guest
2026-03-17 19:50:18 - __main__ - INFO - Qt translations loaded for: en
2026-03-17 19:50:18 - __main__ - INFO - Application started successfully
2026-03-17 19:50:20 - src.logic.app_settings - DEBUG - Settings saved
2026-03-17 19:50:20 - src.ui.main_window - INFO - Applied light theme
2026-03-17 19:50:20 - src.ui.main_window - DEBUG - Settings panel shown with overlay
2026-03-17 19:50:21 - src.logic.translator - INFO - Language changed to: fr
2026-03-17 19:50:21 - src.app - INFO - Qt translations loaded for: fr
2026-03-17 19:50:21 - src.controllers.main_controller - INFO - Language changed to: fr
2026-03-17 19:50:21 - src.ui.main_window - DEBUG - Settings panel retranslated
2026-03-17 19:50:21 - src.ui.main_window - INFO - Language changed to: fr
2026-03-17 19:50:22 - src.ui.main_window - DEBUG - Settings panel and overlay hidden
2026-03-17 19:54:13 - root - INFO - Logging initialized. File: C:\Users\And\PythonProjects\FlashcardApp\logs\quiz_app.log
2026-03-17 19:54:13 - __main__ - INFO - Qt translations loaded for: en
2026-03-17 19:54:13 - src.logic.app_settings - DEBUG - Settings saved
2026-03-17 19:54:13 - src.logic.translator - INFO - Language changed to: en
2026-03-17 19:54:13 - src.controllers.main_controller - INFO - MainController initialized
2026-03-17 19:54:13 - src.logic.app_settings - DEBUG - Settings saved
2026-03-17 19:54:13 - src.ui.main_window - INFO - Applied light theme
2026-03-17 19:54:13 - src.logic.user_session - INFO - Session ended for: guest
2026-03-17 19:54:13 - src.controllers.main_controller - INFO - Continuing as guest
2026-03-17 19:54:13 - __main__ - INFO - Qt translations loaded for: en
2026-03-17 19:54:13 - __main__ - INFO - Application started successfully
2026-03-17 19:54:15 - src.logic.app_settings - DEBUG - Settings saved
2026-03-17 19:54:15 - src.ui.main_window - INFO - Applied light theme
2026-03-17 19:54:15 - src.ui.main_window - DEBUG - Settings panel shown with overlay
2026-03-17 19:54:16 - src.logic.app_settings - DEBUG - Settings saved
2026-03-17 19:54:16 - src.logic.translator - INFO - Language changed to: fr
2026-03-17 19:54:16 - src.app - INFO - Qt translations loaded for: fr
2026-03-17 19:54:16 - src.controllers.main_controller - INFO - Language changed to: fr
2026-03-17 19:54:16 - src.ui.main_window - DEBUG - Settings panel retranslated
2026-03-17 19:54:16 - src.ui.main_window - INFO - Language changed to: fr
2026-03-17 19:54:16 - src.ui.main_window - DEBUG - Settings panel and overlay hidden
2026-03-17 19:54:27 - root - INFO - Logging initialized. File: C:\Users\And\PythonProjects\FlashcardApp\logs\quiz_app.log
2026-03-17 19:54:28 - __main__ - INFO - Qt translations loaded for: fr
2026-03-17 19:54:28 - src.logic.app_settings - DEBUG - Settings saved
2026-03-17 19:54:28 - src.logic.translator - INFO - Language changed to: fr
2026-03-17 19:54:28 - src.controllers.main_controller - INFO - MainController initialized
2026-03-17 19:54:28 - src.logic.app_settings - DEBUG - Settings saved
2026-03-17 19:54:28 - src.ui.main_window - INFO - Applied light theme
2026-03-17 19:54:28 - src.logic.user_session - INFO - Session ended for: guest
2026-03-17 19:54:28 - src.controllers.main_controller - INFO - Continuing as guest
2026-03-17 19:54:28 - __main__ - INFO - Qt translations loaded for: fr
2026-03-17 19:54:28 - __main__ - INFO - Application started successfully
2026-03-17 19:54:30 - src.storage.quiz_repository - INFO - QuizRepository initialized: C:\Users\And\PythonProjects\FlashcardApp\data\quizzes
2026-03-17 19:54:30 - src.ui.main_window - INFO - Launched QuizViewer
2026-03-17 19:54:31 - src.storage.quiz_repository - DEBUG - Loaded 100 questions from data\quizzes\general_quiz__copy_.json
2026-03-17 19:54:31 - src.logic.quiz_logic - INFO - Initializing Quiz with 100 questions
2026-03-17 19:54:31 - src.logic.quiz_logic - DEBUG - Shuffling entire question pool for random selection
2026-03-17 19:54:31 - src.logic.quiz_logic - INFO - Selecting 20 random questions from pool
2026-03-17 19:54:31 - src.controllers.quiz_controller - INFO - Loaded quiz 'General Quiz (Copy)' with 100 questions
2026-03-17 19:54:39 - src.controllers.quiz_controller - INFO - Controller: Saved answer for 'Match instrument to family:...' Total saved: 1
2026-03-17 19:57:55 - root - INFO - Logging initialized. File: C:\Users\And\PythonProjects\FlashcardApp\logs\quiz_app.log
2026-03-17 19:57:55 - __main__ - INFO - Qt translations loaded for: fr
2026-03-17 19:57:55 - src.logic.app_settings - DEBUG - Settings saved
2026-03-17 19:57:55 - src.logic.translator - INFO - Language changed to: fr
2026-03-17 19:57:55 - src.controllers.main_controller - INFO - MainController initialized
2026-03-17 19:57:55 - src.logic.app_settings - DEBUG - Settings saved
2026-03-17 19:57:55 - src.ui.main_window - INFO - Applied light theme
2026-03-17 19:57:55 - src.logic.user_session - INFO - Session ended for: guest
2026-03-17 19:57:55 - src.controllers.main_controller - INFO - Continuing as guest
2026-03-17 19:57:55 - __main__ - INFO - Qt translations loaded for: fr
2026-03-17 19:57:55 - __main__ - INFO - Application started successfully
2026-03-17 19:57:56 - src.storage.quiz_repository - INFO - QuizRepository initialized: C:\Users\And\PythonProjects\FlashcardApp\data\quizzes
2026-03-17 19:57:56 - src.ui.main_window - INFO - Launched QuizViewer
2026-03-17 19:57:57 - src.storage.quiz_repository - DEBUG - Loaded 100 questions from data\quizzes\sample.json
2026-03-17 19:57:57 - src.logic.quiz_logic - INFO - Initializing Quiz with 100 questions
2026-03-17 19:57:57 - src.logic.quiz_logic - DEBUG - Shuffling entire question pool for random selection
2026-03-17 19:57:57 - src.logic.quiz_logic - INFO - Selecting 20 random questions from pool
2026-03-17 19:57:57 - src.controllers.quiz_controller - INFO - Loaded quiz 'General Quiz' with 100 questions
2026-03-17 20:01:09 - root - INFO - Logging initialized. File: C:\Users\And\PythonProjects\FlashcardApp\logs\quiz_app.log
2026-03-17 20:01:09 - __main__ - INFO - Qt translations loaded for: fr
2026-03-17 20:01:09 - src.logic.app_settings - DEBUG - Settings saved
2026-03-17 20:01:09 - src.logic.translator - INFO - Language changed to: fr
2026-03-17 20:01:09 - src.controllers.main_controller - INFO - MainController initialized
2026-03-17 20:01:09 - src.logic.app_settings - DEBUG - Settings saved
2026-03-17 20:01:09 - src.ui.main_window - INFO - Applied light theme
2026-03-17 20:01:09 - src.logic.user_session - INFO - Session ended for: guest
2026-03-17 20:01:09 - src.controllers.main_controller - INFO - Continuing as guest
2026-03-17 20:01:09 - __main__ - INFO - Qt translations loaded for: fr
2026-03-17 20:01:09 - __main__ - INFO - Application started successfully
2026-03-17 20:01:10 - src.storage.quiz_repository - INFO - QuizRepository initialized: C:\Users\And\PythonProjects\FlashcardApp\data\quizzes
2026-03-17 20:01:10 - src.ui.main_window - INFO - Launched QuizViewer
2026-03-17 20:01:11 - src.storage.quiz_repository - DEBUG - Loaded 100 questions from data\quizzes\general_quiz__copy_.json
2026-03-17 20:01:11 - src.logic.quiz_logic - INFO - Initializing Quiz with 100 questions
2026-03-17 20:01:11 - src.logic.quiz_logic - DEBUG - Shuffling entire question pool for random selection
2026-03-17 20:01:11 - src.logic.quiz_logic - INFO - Selecting 20 random questions from pool
2026-03-17 20:01:11 - src.controllers.quiz_controller - INFO - Loaded quiz 'General Quiz (Copy)' with 100 questions
2026-03-17 20:01:14 - src.controllers.quiz_controller - INFO - Controller: Saved answer for 'Which organ pumps blood throug...' Total saved: 1
2026-03-17 20:08:54 - root - INFO - Logging initialized. File: C:\Users\And\PythonProjects\FlashcardApp\logs\quiz_app.log
2026-03-17 20:08:54 - __main__ - INFO - Qt translations loaded for: fr
2026-03-17 20:08:54 - src.logic.app_settings - DEBUG - Settings saved
2026-03-17 20:08:54 - src.logic.translator - INFO - Language changed to: fr
2026-03-17 20:08:54 - src.controllers.main_controller - INFO - MainController initialized
2026-03-17 20:08:55 - src.logic.app_settings - DEBUG - Settings saved
2026-03-17 20:08:55 - src.ui.main_window - INFO - Applied light theme
2026-03-17 20:08:55 - src.logic.user_session - INFO - Session ended for: guest
2026-03-17 20:08:55 - src.controllers.main_controller - INFO - Continuing as guest
2026-03-17 20:08:55 - __main__ - INFO - Qt translations loaded for: fr
2026-03-17 20:08:55 - __main__ - INFO - Application started successfully
2026-03-17 20:08:57 - src.storage.quiz_repository - INFO - QuizRepository initialized: C:\Users\And\PythonProjects\FlashcardApp\data\quizzes
2026-03-17 20:08:57 - src.ui.main_window - INFO - Launched QuizViewer
2026-03-17 20:08:59 - src.storage.quiz_repository - DEBUG - Loaded 100 questions from data\quizzes\general_quiz__copy_.json
2026-03-17 20:08:59 - src.logic.quiz_logic - INFO - Initializing Quiz with 100 questions
2026-03-17 20:08:59 - src.logic.quiz_logic - DEBUG - Shuffling entire question pool for random selection
2026-03-17 20:08:59 - src.logic.quiz_logic - INFO - Selecting 20 random questions from pool
2026-03-17 20:08:59 - src.controllers.quiz_controller - INFO - Loaded quiz 'General Quiz (Copy)' with 100 questions
2026-03-17 20:09:08 - src.storage.quiz_repository - DEBUG - Loaded 100 questions from data\quizzes\general_quiz__copy_.json
2026-03-17 20:09:08 - src.logic.quiz_logic - INFO - Initializing Quiz with 100 questions
2026-03-17 20:09:08 - src.logic.quiz_logic - DEBUG - Shuffling entire question pool for random selection
2026-03-17 20:09:08 - src.logic.quiz_logic - INFO - Selecting 20 random questions from pool
2026-03-17 20:09:08 - src.controllers.quiz_controller - INFO - Loaded quiz 'General Quiz (Copy)' with 100 questions
2026-03-17 20:09:12 - src.controllers.quiz_controller - INFO - Controller: Saved answer for 'Match author to book:...' Total saved: 1
2026-03-17 20:09:18 - src.controllers.quiz_controller - INFO - Controller: Saved answer for 'Water boils at 212°F....' Total saved: 2
2026-03-17 20:26:58 - root - INFO - Logging initialized. File: C:\Users\And\PythonProjects\FlashcardApp\logs\quiz_app.log
2026-03-17 20:26:58 - __main__ - INFO - Qt translations loaded for: fr
2026-03-17 20:26:58 - src.logic.app_settings - DEBUG - Settings saved
2026-03-17 20:26:58 - src.logic.translator - INFO - Language changed to: fr
2026-03-17 20:26:58 - src.controllers.main_controller - INFO - MainController initialized
2026-03-17 20:26:58 - src.logic.app_settings - DEBUG - Settings saved
2026-03-17 20:26:58 - src.ui.main_window - INFO - Applied light theme
2026-03-17 20:26:58 - src.logic.user_session - INFO - Session ended for: guest
2026-03-17 20:26:58 - src.controllers.main_controller - INFO - Continuing as guest
2026-03-17 20:26:58 - __main__ - INFO - Qt translations loaded for: fr
2026-03-17 20:26:58 - __main__ - INFO - Application started successfully
2026-03-17 20:27:00 - src.controllers.flashcard_controller - INFO - FlashcardController initialized
2026-03-17 20:27:00 - src.ui.main_window - INFO - Launched FlashcardViewer
2026-03-17 20:27:01 - src.controllers.flashcard_controller - INFO - Starting deck: Sample Deck Copy
2026-03-17 20:27:01 - src.storage.flashcard_repository - DEBUG - Loaded progress for sample_deck_copy: 3 items tracked.
2026-03-17 20:27:01 - src.controllers.flashcard_controller - INFO - Deck started with 3 cards to study
2026-03-17 20:27:12 - src.storage.flashcard_repository - DEBUG - Progress saved to C:\Users\And\PythonProjects\FlashcardApp\data\flashcards\progress\sample_deck_copy_progress.json
2026-03-17 20:27:17 - src.storage.flashcard_repository - DEBUG - Progress saved to C:\Users\And\PythonProjects\FlashcardApp\data\flashcards\progress\sample_deck_copy_progress.json
2026-03-17 20:27:20 - src.storage.flashcard_repository - DEBUG - Progress saved to C:\Users\And\PythonProjects\FlashcardApp\data\flashcards\progress\sample_deck_copy_progress.json
2026-03-17 20:27:20 - src.controllers.flashcard_controller - INFO - Study session complete
2026-03-17 20:27:25 - src.ui.flashcard_viewer - INFO - Returning to deck selection menu.
2026-03-17 20:27:25 - src.controllers.flashcard_controller - INFO - Ending session. Stats: {'known': 2, 'unknown': 1}
2026-03-17 20:27:32 - src.logic.app_settings - DEBUG - Settings saved
2026-03-17 20:27:32 - src.ui.main_window - INFO - Applied light theme
2026-03-17 20:27:32 - src.logic.app_settings - DEBUG - Settings saved
2026-03-17 20:27:32 - src.logic.translator - INFO - Language changed to: fr
2026-03-17 20:27:32 - src.app - INFO - Qt translations loaded for: fr
2026-03-17 20:27:32 - src.controllers.main_controller - INFO - Language changed to: fr
2026-03-17 20:27:32 - src.ui.main_window - DEBUG - Settings panel retranslated
2026-03-17 20:27:32 - src.ui.main_window - INFO - Language changed to: fr
2026-03-17 20:27:32 - src.ui.main_window - DEBUG - Settings panel shown with overlay
2026-03-17 20:27:34 - src.logic.app_settings - DEBUG - Settings saved
2026-03-17 20:27:34 - src.logic.translator - INFO - Language changed to: en
2026-03-17 20:27:34 - src.app - INFO - Qt translations loaded for: en
2026-03-17 20:27:34 - src.controllers.main_controller - INFO - Language changed to: en
2026-03-17 20:27:34 - src.ui.main_window - DEBUG - Settings panel retranslated
2026-03-17 20:27:34 - src.ui.main_window - INFO - Language changed to: en
2026-03-17 20:27:34 - src.ui.main_window - DEBUG - Settings panel and overlay hidden
2026-03-17 20:27:35 - src.controllers.flashcard_controller - INFO - FlashcardController initialized
2026-03-17 20:27:35 - src.ui.main_window - INFO - Launched FlashcardViewer
2026-03-17 20:35:00 - root - INFO - Logging initialized. File: C:\Users\And\PythonProjects\FlashcardApp\logs\quiz_app.log
2026-03-17 20:35:00 - __main__ - INFO - Qt translations loaded for: en
2026-03-17 20:35:00 - src.logic.app_settings - DEBUG - Settings saved
2026-03-17 20:35:00 - src.logic.translator - INFO - Language changed to: en
2026-03-17 20:35:00 - src.controllers.main_controller - INFO - MainController initialized
2026-03-17 20:35:01 - src.logic.app_settings - DEBUG - Settings saved
2026-03-17 20:35:01 - src.ui.main_window - INFO - Applied light theme
2026-03-17 20:35:01 - src.logic.user_session - INFO - Session ended for: guest
2026-03-17 20:35:01 - src.controllers.main_controller - INFO - Continuing as guest
2026-03-17 20:35:01 - __main__ - INFO - Qt translations loaded for: en
2026-03-17 20:35:01 - __main__ - INFO - Application started successfully
2026-03-17 20:35:02 - src.ui.main_window - DEBUG - Opened login dialog
2026-03-17 20:35:06 - src.storage.user_repository - INFO - User authenticated: admin (role: teacher)
2026-03-17 20:35:06 - src.logic.user_session - INFO - Session started for: Admin User
2026-03-17 20:35:06 - src.ui.main_window - INFO - Login successful: Admin User
2026-03-17 20:35:10 - src.ui.editor.flashcard_editor - INFO - Flashcard Editor initialized.
2026-03-17 20:35:10 - src.ui.main_window - INFO - Launched FlashcardEditor
2026-03-17 20:35:27 - src.ui.editor.flashcard_editor - INFO - User cancelled card edit. Returning to Deck Editor.
2026-03-17 20:35:31 - src.ui.editor.flashcard_editor - INFO - NAV: Returning to deck menu.
2026-03-17 20:35:31 - src.ui.editor.flashcard_editor - DEBUG - STATE: Checking for unsaved changes. Result: False
2026-03-17 20:35:31 - src.ui.editor.flashcard_editor - INFO - NAV: Switch successful.
2026-03-17 20:35:33 - src.ui.editor.flashcard_editor - INFO - NAV: 'Back to Main' clicked.
2026-03-17 20:35:33 - src.ui.editor.flashcard_editor - DEBUG - STATE: Checking for unsaved changes. Result: False
2026-03-17 20:35:33 - src.ui.editor.flashcard_editor - INFO - NAV: Proceeding to return to main menu.
2026-03-17 20:35:34 - src.logic.app_settings - DEBUG - Settings saved
2026-03-17 20:35:34 - src.ui.main_window - INFO - Applied light theme
2026-03-17 20:35:34 - src.ui.main_window - DEBUG - Settings panel shown with overlay
2026-03-17 20:35:35 - src.ui.main_window - DEBUG - Settings panel and overlay hidden
2026-03-17 20:35:37 - src.ui.main_window - DEBUG - Settings panel shown with overlay
2026-03-17 20:35:45 - src.logic.app_settings - DEBUG - Settings saved
2026-03-17 20:35:45 - src.logic.translator - INFO - Language changed to: fr
2026-03-17 20:35:45 - src.app - INFO - Qt translations loaded for: fr
2026-03-17 20:35:45 - src.controllers.main_controller - INFO - Language changed to: fr
2026-03-17 20:35:45 - src.ui.main_window - DEBUG - Settings panel retranslated
2026-03-17 20:35:45 - src.ui.main_window - DEBUG - Login dialog retranslated
2026-03-17 20:35:45 - src.ui.main_window - INFO - Language changed to: fr
2026-03-17 20:35:45 - src.ui.main_window - DEBUG - Settings panel and overlay hidden
2026-03-17 20:35:47 - src.ui.editor.flashcard_editor - INFO - Flashcard Editor initialized.
2026-03-17 20:35:47 - src.ui.main_window - INFO - Launched FlashcardEditor
2026-03-17 20:35:54 - src.storage.flashcard_repository - DEBUG - Flashcard index written to C:\Users\And\PythonProjects\FlashcardApp\data\flashcard_decks.json
2026-03-17 20:35:58 - src.storage.flashcard_repository - DEBUG - Flashcard index written to C:\Users\And\PythonProjects\FlashcardApp\data\flashcard_decks.json
2026-03-17 20:35:58 - src.storage.flashcard_repository - INFO - Flashcard index updated: Added Sample Deck Copy
2026-03-17 20:35:58 - src.storage.flashcard_repository - INFO - Deck 'Sample Deck' cloned to 'Sample Deck Copy' with unique IDs.
2026-03-17 20:36:04 - src.storage.flashcard_repository - DEBUG - Flashcard index written to C:\Users\And\PythonProjects\FlashcardApp\data\flashcard_decks.json
2026-03-17 20:36:04 - src.storage.flashcard_repository - INFO - Flashcard index updated: Added Sample Deck Copy Copy
2026-03-17 20:36:04 - src.storage.flashcard_repository - INFO - Deck 'Sample Deck Copy' cloned to 'Sample Deck Copy Copy' with unique IDs.
2026-03-17 20:36:09 - src.storage.flashcard_repository - DEBUG - Flashcard index written to C:\Users\And\PythonProjects\FlashcardApp\data\flashcard_decks.json
2026-03-17 20:36:17 - src.ui.editor.flashcard_editor - INFO - ACTION: Saving deck changes.
2026-03-17 20:36:17 - src.storage.flashcard_repository - INFO - No existing progress found for sample_deck_copy. Starting fresh.
2026-03-17 20:36:17 - src.storage.flashcard_repository - DEBUG - Progress saved to C:\Users\And\PythonProjects\FlashcardApp\data\flashcards\progress\sample_deck_copy_progress.json
2026-03-17 20:36:17 - src.controllers.flashcard_editor_controller - INFO - Saved deck with 2 cards
2026-03-17 20:36:23 - src.ui.editor.flashcard_editor - INFO - NAV: Returning to deck menu.
2026-03-17 20:36:23 - src.ui.editor.flashcard_editor - DEBUG - STATE: Checking for unsaved changes. Result: False
2026-03-17 20:36:23 - src.ui.editor.flashcard_editor - INFO - NAV: Switch successful.
2026-03-17 20:36:24 - src.ui.editor.flashcard_editor - INFO - NAV: 'Back to Main' clicked.
2026-03-17 20:36:24 - src.ui.editor.flashcard_editor - DEBUG - STATE: Checking for unsaved changes. Result: False
2026-03-17 20:36:24 - src.ui.editor.flashcard_editor - INFO - NAV: Proceeding to return to main menu.
2026-03-17 20:36:25 - src.ui.main_window - DEBUG - Settings panel shown with overlay
2026-03-17 20:36:27 - src.logic.app_settings - DEBUG - Settings saved
2026-03-17 20:36:27 - src.logic.translator - INFO - Language changed to: en
2026-03-17 20:36:27 - src.app - INFO - Qt translations loaded for: en
2026-03-17 20:36:27 - src.controllers.main_controller - INFO - Language changed to: en
2026-03-17 20:36:27 - src.ui.main_window - DEBUG - Settings panel retranslated
2026-03-17 20:36:27 - src.ui.main_window - DEBUG - Login dialog retranslated
2026-03-17 20:36:27 - src.ui.main_window - INFO - Language changed to: en
2026-03-17 20:36:28 - src.ui.main_window - DEBUG - Settings panel and overlay hidden
2026-03-17 20:36:29 - src.ui.main_window - DEBUG - Settings panel shown with overlay
2026-03-17 20:36:30 - src.ui.main_window - DEBUG - Settings panel and overlay hidden
2026-03-17 20:42:15 - root - INFO - Logging initialized. File: C:\Users\And\PythonProjects\FlashcardApp\logs\quiz_app.log
2026-03-17 20:42:15 - __main__ - INFO - Qt translations loaded for: en
2026-03-17 20:42:15 - src.logic.app_settings - DEBUG - Settings saved
2026-03-17 20:42:15 - src.logic.translator - INFO - Language changed to: en
2026-03-17 20:42:15 - src.controllers.main_controller - INFO - MainController initialized
2026-03-17 20:42:15 - src.logic.app_settings - DEBUG - Settings saved
2026-03-17 20:42:15 - src.ui.main_window - INFO - Applied light theme
2026-03-17 20:42:15 - src.logic.user_session - INFO - Session ended for: guest
2026-03-17 20:42:15 - src.controllers.main_controller - INFO - Continuing as guest
2026-03-17 20:42:15 - __main__ - INFO - Qt translations loaded for: en
2026-03-17 20:42:15 - __main__ - INFO - Application started successfully
2026-03-17 20:42:18 - src.ui.main_window - DEBUG - Opened login dialog
2026-03-17 20:42:23 - src.storage.user_repository - INFO - User authenticated: admin (role: teacher)
2026-03-17 20:42:23 - src.logic.user_session - INFO - Session started for: Admin User
2026-03-17 20:42:23 - src.ui.main_window - INFO - Login successful: Admin User
2026-03-17 20:42:26 - src.storage.quiz_repository - INFO - QuizRepository initialized: C:\Users\And\PythonProjects\FlashcardApp\data\quizzes
2026-03-17 20:42:26 - src.ui.main_window - INFO - Launched QuizEditor
2026-03-17 20:42:28 - src.storage.quiz_repository - DEBUG - Loaded 100 questions from data\quizzes\general_quiz__copy_.json
2026-03-17 20:42:28 - src.controllers.quiz_editor_controller - INFO - Loaded quiz: General Quiz (Copy) with 100 questions
2026-03-17 20:42:57 - src.logic.app_settings - DEBUG - Settings saved
2026-03-17 20:42:57 - src.ui.main_window - INFO - Applied light theme
2026-03-17 20:42:57 - src.ui.main_window - DEBUG - Settings panel shown with overlay
2026-03-17 20:42:58 - src.logic.app_settings - DEBUG - Settings saved
2026-03-17 20:42:58 - src.logic.translator - INFO - Language changed to: fr
2026-03-17 20:42:58 - src.app - INFO - Qt translations loaded for: fr
2026-03-17 20:42:58 - src.controllers.main_controller - INFO - Language changed to: fr
2026-03-17 20:42:58 - src.ui.main_window - DEBUG - Settings panel retranslated
2026-03-17 20:42:58 - src.ui.main_window - DEBUG - Login dialog retranslated
2026-03-17 20:42:58 - src.ui.main_window - INFO - Language changed to: fr
2026-03-17 20:42:59 - src.ui.main_window - DEBUG - Settings panel and overlay hidden
2026-03-17 20:43:00 - src.ui.editor.flashcard_editor - INFO - Flashcard Editor initialized.
2026-03-17 20:43:00 - src.ui.main_window - INFO - Launched FlashcardEditor
2026-03-17 20:43:00 - src.ui.editor.flashcard_editor - INFO - NAV: 'Back to Main' clicked.
2026-03-17 20:43:00 - src.ui.editor.flashcard_editor - DEBUG - STATE: Checking for unsaved changes. Result: False
2026-03-17 20:43:00 - src.ui.editor.flashcard_editor - INFO - NAV: Proceeding to return to main menu.
2026-03-17 20:43:01 - src.storage.quiz_repository - INFO - QuizRepository initialized: C:\Users\And\PythonProjects\FlashcardApp\data\quizzes
2026-03-17 20:43:01 - src.ui.main_window - INFO - Launched QuizEditor
2026-03-17 20:43:03 - src.storage.quiz_repository - DEBUG - Loaded 100 questions from data\quizzes\general_quiz__copy_.json
2026-03-17 20:43:03 - src.controllers.quiz_editor_controller - INFO - Loaded quiz: General Quiz (Copy) with 100 questions
2026-03-17 20:43:17 - src.ui.main_window - DEBUG - Settings panel shown with overlay
2026-03-17 20:43:19 - src.logic.app_settings - DEBUG - Settings saved
2026-03-17 20:43:19 - src.logic.translator - INFO - Language changed to: en
2026-03-17 20:43:19 - src.app - INFO - Qt translations loaded for: en
2026-03-17 20:43:19 - src.controllers.main_controller - INFO - Language changed to: en
2026-03-17 20:43:19 - src.ui.main_window - DEBUG - Settings panel retranslated
2026-03-17 20:43:19 - src.ui.main_window - DEBUG - Login dialog retranslated
2026-03-17 20:43:19 - src.ui.main_window - INFO - Language changed to: en
2026-05-15 13:22:56 - root - INFO - Logging initialized. File: C:\Users\And\PythonProjects\FlashcardApp\logs\quiz_app.log
2026-05-15 13:22:56 - __main__ - INFO - Qt translations loaded for: en
2026-05-15 13:22:56 - src.logic.app_settings - DEBUG - Settings saved
2026-05-15 13:22:56 - src.logic.translator - INFO - Language changed to: en
2026-05-15 13:22:56 - src.controllers.main_controller - INFO - MainController initialized
2026-05-15 13:23:00 - src.logic.app_settings - DEBUG - Settings saved
2026-05-15 13:23:00 - src.ui.main_window - INFO - Applied light theme
2026-05-15 13:23:00 - src.logic.user_session - INFO - Session ended for: guest
2026-05-15 13:23:00 - src.controllers.main_controller - INFO - Continuing as guest
2026-05-15 13:23:00 - __main__ - INFO - Qt translations loaded for: en
2026-05-15 13:23:00 - __main__ - INFO - Application started successfully
2026-05-15 13:23:03 - src.logic.app_settings - DEBUG - Settings saved
2026-05-15 13:23:03 - src.ui.main_window - INFO - Applied light theme
2026-05-15 13:23:03 - src.ui.main_window - DEBUG - Settings panel shown with overlay
2026-05-15 13:23:05 - src.logic.app_settings - DEBUG - Settings saved
2026-05-15 13:23:05 - src.ui.main_window - INFO - Applied dark theme
2026-05-15 13:23:06 - src.ui.main_window - DEBUG - Settings panel and overlay hidden
2026-05-15 13:23:08 - src.storage.quiz_repository - INFO - QuizRepository initialized: C:\Users\And\PythonProjects\FlashcardApp\data\quizzes
2026-05-15 13:23:08 - src.ui.main_window - INFO - Launched QuizViewer
2026-07-29 11:45:38 - root - INFO - Logging initialized. File: C:\Users\And\PythonProjects\FlashcardApp\logs\quiz_app.log
2026-07-29 11:45:39 - __main__ - INFO - Qt translations loaded for: en
2026-07-29 11:45:39 - src.logic.app_settings - DEBUG - Settings saved
2026-07-29 11:45:39 - src.logic.translator - INFO - Language changed to: en
2026-07-29 11:45:39 - src.controllers.main_controller - INFO - MainController initialized
2026-07-29 11:45:43 - src.logic.app_settings - DEBUG - Settings saved
2026-07-29 11:45:43 - src.ui.main_window - INFO - Applied dark theme
2026-07-29 11:45:43 - src.logic.user_session - INFO - Session ended for: guest
2026-07-29 11:45:43 - src.controllers.main_controller - INFO - Continuing as guest
2026-07-29 11:45:43 - __main__ - INFO - Qt translations loaded for: en
2026-07-29 11:45:44 - __main__ - INFO - Application started successfully
2026-07-29 11:45:47 - src.ui.main_window - DEBUG - Settings panel shown with overlay
2026-07-29 11:45:49 - src.logic.app_settings - DEBUG - Settings saved
2026-07-29 11:45:49 - src.ui.main_window - INFO - Applied light theme
2026-07-29 11:45:51 - src.ui.main_window - DEBUG - Settings panel and overlay hidden
2026-07-29 11:45:53 - src.storage.quiz_repository - INFO - QuizRepository initialized: C:\Users\And\PythonProjects\FlashcardApp\data\quizzes
2026-07-29 11:45:53 - src.ui.main_window - INFO - Launched QuizViewer
2026-07-29 16:11:55 - root - INFO - Logging initialized. File: C:\Users\And\PythonProjects\FlashcardApp\logs\quiz_app.log
2026-07-29 16:11:55 - __main__ - INFO - Qt translations loaded for: en
2026-07-29 16:11:55 - src.logic.app_settings - DEBUG - Settings saved
2026-07-29 16:11:55 - src.logic.translator - INFO - Language changed to: en
2026-07-29 16:11:55 - src.controllers.main_controller - INFO - MainController initialized
2026-07-29 16:11:56 - src.logic.app_settings - DEBUG - Settings saved
2026-07-29 16:11:56 - src.ui.main_window - INFO - Applied light theme
2026-07-29 16:11:56 - src.logic.user_session - INFO - Session ended for: guest
2026-07-29 16:11:56 - src.controllers.main_controller - INFO - Continuing as guest
2026-07-29 16:11:56 - __main__ - INFO - Qt translations loaded for: en
2026-07-29 16:11:56 - __main__ - INFO - Application started successfully
2026-07-29 16:12:01 - src.ui.main_window - DEBUG - Opened login dialog
2026-07-29 16:12:04 - src.logic.user_session - INFO - Session ended for: guest
2026-07-29 16:12:04 - src.controllers.main_controller - INFO - Continuing as guest
2026-07-29 16:12:04 - src.ui.main_window - INFO - Continuing as guest
2026-07-29 16:12:05 - src.storage.quiz_repository - INFO - QuizRepository initialized: C:\Users\And\PythonProjects\FlashcardApp\data\quizzes
2026-07-29 16:12:05 - src.ui.main_window - INFO - Launched QuizViewer
2026-07-29 16:12:06 - src.storage.quiz_repository - DEBUG - Loaded 100 questions from data\quizzes\sample.json
2026-07-29 16:12:06 - src.logic.quiz_logic - INFO - Initializing Quiz with 100 questions
2026-07-29 16:12:06 - src.logic.quiz_logic - DEBUG - Shuffling entire question pool for random selection
2026-07-29 16:12:06 - src.logic.quiz_logic - INFO - Selecting 20 random questions from pool
2026-07-29 16:12:06 - src.controllers.quiz_controller - INFO - Loaded quiz 'General Quiz' with 100 questions
2026-07-29 17:05:53 - root - INFO - Logging initialized. File: C:\Users\And\PythonProjects\FlashcardApp\logs\quiz_app.log
2026-07-29 17:05:53 - __main__ - INFO - Qt translations loaded for: en
2026-07-29 17:05:53 - src.logic.app_settings - DEBUG - Settings saved
2026-07-29 17:05:53 - src.logic.translator - INFO - Language changed to: en
2026-07-29 17:05:53 - src.controllers.main_controller - INFO - MainController initialized
2026-07-29 17:05:53 - src.logic.app_settings - DEBUG - Settings saved
2026-07-29 17:05:53 - src.ui.main_window - INFO - Applied light theme
2026-07-29 17:05:53 - src.logic.user_session - INFO - Session ended for: guest
2026-07-29 17:05:53 - src.controllers.main_controller - INFO - Continuing as guest
2026-07-29 17:05:53 - __main__ - INFO - Qt translations loaded for: en
2026-07-29 17:05:53 - __main__ - INFO - Application started successfully
2026-07-29 17:05:55 - src.ui.main_window - INFO - Launched QuizViewer
2026-07-29 17:05:57 - src.logic.quiz_logic - INFO - Initializing Quiz with 100 questions
2026-07-29 17:05:57 - src.logic.quiz_logic - DEBUG - Shuffling entire question pool for random selection
2026-07-29 17:05:57 - src.logic.quiz_logic - INFO - Selecting 20 random questions from pool
2026-07-29 17:05:57 - src.controllers.quiz_controller - INFO - Loaded quiz 'General Quiz' with 100 questions
2026-07-31 15:31:10 - root - INFO - Logging initialized. File: C:\Users\And\PythonProjects\FlashcardApp\logs\quiz_app.log
2026-07-31 15:31:10 - __main__ - INFO - Qt translations loaded for: en
2026-07-31 15:31:10 - src.logic.app_settings - DEBUG - Settings saved
2026-07-31 15:31:10 - src.logic.translator - INFO - Language changed to: en
2026-07-31 15:31:10 - src.controllers.main_controller - INFO - MainController initialized
2026-07-31 15:31:11 - src.logic.app_settings - DEBUG - Settings saved
2026-07-31 15:31:11 - src.ui.main_window - INFO - Applied light theme
2026-07-31 15:31:11 - src.logic.user_session - INFO - Session ended for: guest
2026-07-31 15:31:11 - src.controllers.main_controller - INFO - Continuing as guest
2026-07-31 15:31:11 - __main__ - INFO - Qt translations loaded for: en
2026-07-31 15:31:11 - __main__ - INFO - Application started successfully
2026-07-31 15:31:14 - src.ui.main_window - DEBUG - Opened login dialog
2026-07-31 15:31:18 - src.storage.user_repository - WARNING - Authentication failed for login: admin
2026-07-31 15:31:18 - src.storage.user_repository - WARNING - Authentication failed for login: admin
2026-07-31 15:31:48 - root - INFO - Logging initialized. File: C:\Users\And\PythonProjects\FlashcardApp\logs\quiz_app.log
2026-07-31 15:31:48 - __main__ - INFO - Qt translations loaded for: en
2026-07-31 15:31:48 - src.logic.app_settings - DEBUG - Settings saved
2026-07-31 15:31:48 - src.logic.translator - INFO - Language changed to: en
2026-07-31 15:31:48 - src.controllers.main_controller - INFO - MainController initialized
2026-07-31 15:31:49 - src.logic.app_settings - DEBUG - Settings saved
2026-07-31 15:31:49 - src.ui.main_window - INFO - Applied light theme
2026-07-31 15:31:49 - src.logic.user_session - INFO - Session ended for: guest
2026-07-31 15:31:49 - src.controllers.main_controller - INFO - Continuing as guest
2026-07-31 15:31:49 - __main__ - INFO - Qt translations loaded for: en
2026-07-31 15:31:49 - __main__ - INFO - Application started successfully
2026-07-31 15:31:50 - src.ui.main_window - INFO - Launched QuizViewer
2026-07-31 15:31:52 - src.logic.quiz_logic - INFO - Initializing Quiz with 100 questions
2026-07-31 15:31:52 - src.logic.quiz_logic - DEBUG - Shuffling entire question pool for random selection
2026-07-31 15:31:52 - src.logic.quiz_logic - INFO - Selecting 20 random questions from pool
2026-07-31 15:31:52 - src.controllers.quiz_controller - INFO - Loaded quiz 'General Quiz' with 100 questions
2026-07-31 15:31:54 - src.controllers.quiz_controller - INFO - Controller: Saved answer for 'What is the capital of Russia?...' Total saved: 1
2026-07-31 15:32:02 - src.controllers.quiz_controller - INFO - Controller: Saved answer for 'Which languages are programmin...' Total saved: 2
2026-07-31 15:32:10 - src.controllers.flashcard_controller - INFO - FlashcardController initialized
2026-07-31 15:32:10 - src.ui.main_window - INFO - Launched FlashcardViewer
2026-07-31 15:32:11 - src.controllers.flashcard_controller - INFO - Starting deck: Sample Deck
2026-07-31 15:32:11 - src.controllers.flashcard_controller - INFO - Deck started with 2 cards to study
2026-07-31 15:32:18 - src.controllers.flashcard_controller - INFO - Study session complete
2026-07-31 15:32:19 - src.ui.flashcard_viewer - INFO - Returning to deck selection menu.
2026-07-31 15:32:19 - src.controllers.flashcard_controller - INFO - Ending session. Stats: {'known': 2, 'unknown': 0}
2026-07-31 15:32:44 - root - INFO - Logging initialized. File: C:\Users\And\PythonProjects\FlashcardApp\logs\quiz_app.log
2026-07-31 15:32:44 - __main__ - INFO - Qt translations loaded for: en
2026-07-31 15:32:44 - src.logic.app_settings - DEBUG - Settings saved
2026-07-31 15:32:44 - src.logic.translator - INFO - Language changed to: en
2026-07-31 15:32:44 - src.controllers.main_controller - INFO - MainController initialized
2026-07-31 15:32:45 - src.logic.app_settings - DEBUG - Settings saved
2026-07-31 15:32:45 - src.ui.main_window - INFO - Applied light theme
2026-07-31 15:32:45 - src.logic.user_session - INFO - Session ended for: guest
2026-07-31 15:32:45 - src.controllers.main_controller - INFO - Continuing as guest
2026-07-31 15:32:45 - __main__ - INFO - Qt translations loaded for: en
2026-07-31 15:32:45 - __main__ - INFO - Application started successfully
2026-07-31 15:32:46 - src.ui.main_window - DEBUG - Opened login dialog
2026-07-31 15:32:50 - src.storage.user_repository - INFO - User authenticated: admin (role: teacher)
2026-07-31 15:32:50 - src.logic.user_session - INFO - Session started for: Admin User
2026-07-31 15:32:50 - src.ui.main_window - INFO - Login successful: Admin User
2026-07-31 15:32:52 - src.controllers.flashcard_controller - INFO - FlashcardController initialized
2026-07-31 15:32:52 - src.ui.main_window - INFO - Launched FlashcardViewer
2026-07-31 15:32:53 - src.controllers.flashcard_controller - INFO - Starting deck: Sample Deck
2026-07-31 15:32:53 - src.controllers.flashcard_controller - INFO - Deck started with 2 cards to study
2026-07-31 15:32:55 - src.controllers.flashcard_controller - INFO - Study session complete
2026-07-31 15:32:55 - src.ui.flashcard_viewer - INFO - Returning to deck selection menu.
2026-07-31 15:32:55 - src.controllers.flashcard_controller - INFO - Ending session. Stats: {'known': 2, 'unknown': 0}
2026-07-31 15:35:10 - src.controllers.flashcard_controller - INFO - Starting deck: Sample Deck
2026-07-31 15:35:10 - src.controllers.flashcard_controller - INFO - Deck started with 2 cards to study
2026-07-31 15:46:25 - root - INFO - Logging initialized. File: C:\Users\And\PythonProjects\FlashcardApp\logs\quiz_app.log
2026-07-31 15:46:26 - __main__ - INFO - Qt translations loaded for: en
2026-07-31 15:46:26 - src.logic.app_settings - DEBUG - Settings saved
2026-07-31 15:46:26 - src.logic.translator - INFO - Language changed to: en
2026-07-31 15:46:26 - src.controllers.main_controller - INFO - MainController initialized
2026-07-31 15:46:32 - src.logic.app_settings - DEBUG - Settings saved
2026-07-31 15:46:32 - src.ui.main_window - INFO - Applied light theme
2026-07-31 15:46:32 - src.logic.user_session - INFO - Session ended for: guest
2026-07-31 15:46:32 - src.controllers.main_controller - INFO - Continuing as guest
2026-07-31 15:46:32 - __main__ - INFO - Qt translations loaded for: en
2026-07-31 15:46:32 - __main__ - INFO - Application started successfully
2026-07-31 15:46:37 - src.ui.main_window - INFO - Launched QuizViewer
2026-07-31 15:54:00 - root - INFO - Logging initialized. File: C:\Users\And\PythonProjects\FlashcardApp\logs\quiz_app.log
2026-07-31 15:54:00 - __main__ - INFO - Qt translations loaded for: en
2026-07-31 15:54:00 - src.logic.app_settings - DEBUG - Settings saved
2026-07-31 15:54:00 - src.logic.translator - INFO - Language changed to: en
2026-07-31 15:54:00 - src.controllers.main_controller - INFO - MainController initialized
2026-07-31 15:54:02 - src.logic.app_settings - DEBUG - Settings saved
2026-07-31 15:54:02 - src.ui.main_window - INFO - Applied light theme
2026-07-31 15:54:02 - src.logic.user_session - INFO - Session ended for: guest
2026-07-31 15:54:02 - src.controllers.main_controller - INFO - Continuing as guest
2026-07-31 15:54:02 - __main__ - INFO - Qt translations loaded for: en
2026-07-31 15:54:02 - __main__ - INFO - Application started successfully
2026-07-31 15:54:03 - src.controllers.flashcard_controller - INFO - FlashcardController initialized
2026-07-31 15:54:03 - src.ui.main_window - INFO - Launched FlashcardViewer
2026-07-31 15:56:14 - src.controllers.flashcard_controller - INFO - Starting deck: Sample Deck
2026-07-31 15:56:14 - src.controllers.flashcard_controller - INFO - Deck started with 2 cards to study
2026-07-31 15:56:16 - src.controllers.flashcard_controller - INFO - Study session complete
2026-07-31 15:56:17 - src.ui.flashcard_viewer - INFO - Returning to deck selection menu.
2026-07-31 15:56:17 - src.controllers.flashcard_controller - INFO - Ending session. Stats: {'known': 2, 'unknown': 0}
2026-07-31 15:56:18 - src.controllers.flashcard_controller - INFO - Starting deck: Sample Deck
2026-07-31 15:56:18 - src.controllers.flashcard_controller - INFO - Deck started with 2 cards to study
2026-07-31 15:56:20 - src.controllers.flashcard_controller - INFO - Study session complete
2026-07-31 15:56:21 - src.ui.flashcard_viewer - INFO - Returning to deck selection menu.
2026-07-31 15:56:21 - src.controllers.flashcard_controller - INFO - Ending session. Stats: {'known': 2, 'unknown': 0}
2026-07-31 15:56:21 - src.controllers.flashcard_controller - INFO - Starting deck: Sample Deck
2026-07-31 15:56:21 - src.controllers.flashcard_controller - INFO - Deck started with 2 cards to study
2026-07-31 15:56:22 - src.controllers.flashcard_controller - INFO - Study session complete
2026-07-31 15:56:23 - src.ui.flashcard_viewer - INFO - Returning to deck selection menu.
2026-07-31 15:56:23 - src.controllers.flashcard_controller - INFO - Ending session. Stats: {'known': 2, 'unknown': 0}
2026-07-31 15:56:24 - src.controllers.flashcard_controller - INFO - Starting deck: Sample Deck
2026-07-31 15:56:24 - src.controllers.flashcard_controller - INFO - Deck started with 2 cards to study
2026-07-31 15:56:25 - src.controllers.flashcard_controller - INFO - Study session complete
2026-07-31 15:56:26 - src.ui.flashcard_viewer - INFO - Returning to deck selection menu.
2026-07-31 15:56:26 - src.controllers.flashcard_controller - INFO - Ending session. Stats: {'known': 2, 'unknown': 0}
2026-07-31 15:56:26 - src.controllers.flashcard_controller - INFO - Starting deck: Sample Deck
2026-07-31 15:56:26 - src.controllers.flashcard_controller - INFO - Deck started with 2 cards to study
2026-07-31 15:57:02 - src.ui.flashcard_viewer - INFO - Returning to deck selection menu.
2026-07-31 15:57:02 - src.controllers.flashcard_controller - INFO - Ending session. Stats: {'known': 0, 'unknown': 0}
2026-08-01 09:04:52 - src.controllers.flashcard_controller - INFO - Starting deck: Sample Deck
2026-08-01 09:04:52 - src.controllers.flashcard_controller - INFO - Deck started with 2 cards to study
2026-08-01 09:08:33 - root - INFO - Logging initialized. File: C:\Users\And\PythonProjects\FlashcardApp\logs\quiz_app.log
2026-08-01 09:08:33 - __main__ - INFO - Qt translations loaded for: en
2026-08-01 09:08:33 - src.logic.app_settings - DEBUG - Settings saved
2026-08-01 09:08:33 - src.logic.translator - INFO - Language changed to: en
2026-08-01 09:08:33 - src.controllers.main_controller - INFO - MainController initialized
2026-08-01 09:08:36 - src.logic.app_settings - DEBUG - Settings saved
2026-08-01 09:08:36 - src.ui.main_window - INFO - Applied light theme
2026-08-01 09:08:36 - src.logic.user_session - INFO - Session ended for: guest
2026-08-01 09:08:36 - src.controllers.main_controller - INFO - Continuing as guest
2026-08-01 09:08:36 - __main__ - INFO - Qt translations loaded for: en
2026-08-01 09:08:36 - __main__ - INFO - Application started successfully
2026-08-01 09:08:38 - src.logic.app_settings - DEBUG - Settings saved
2026-08-01 09:08:38 - src.ui.main_window - INFO - Applied light theme
2026-08-01 09:08:38 - src.ui.main_window - DEBUG - Settings panel shown with overlay
2026-08-01 09:16:03 - root - INFO - Logging initialized. File: C:\Users\And\PythonProjects\FlashcardApp\logs\quiz_app.log
2026-08-01 09:16:03 - __main__ - INFO - Qt translations loaded for: en
2026-08-01 09:16:03 - src.logic.app_settings - DEBUG - Settings saved
2026-08-01 09:16:03 - src.logic.translator - INFO - Language changed to: en
2026-08-01 09:16:03 - src.controllers.main_controller - INFO - MainController initialized
2026-08-01 09:16:04 - src.logic.app_settings - DEBUG - Settings saved
2026-08-01 09:16:04 - src.ui.main_window - INFO - Applied light theme
2026-08-01 09:16:04 - src.logic.user_session - INFO - Session ended for: guest
2026-08-01 09:16:04 - src.controllers.main_controller - INFO - Continuing as guest
2026-08-01 09:16:04 - __main__ - INFO - Qt translations loaded for: en
2026-08-01 09:16:04 - __main__ - INFO - Application started successfully
2026-08-01 09:16:05 - src.logic.app_settings - DEBUG - Settings saved
2026-08-01 09:16:05 - src.ui.main_window - INFO - Applied light theme
2026-08-01 09:16:05 - src.ui.main_window - DEBUG - Settings panel shown with overlay
2026-08-01 09:16:07 - src.ui.main_window - DEBUG - Settings panel and overlay hidden
2026-08-01 09:16:10 - src.ui.main_window - INFO - Launched QuizViewer
2026-08-01 09:16:37 - src.ui.main_window - INFO - Launched QuizViewer
2026-08-01 09:16:39 - src.controllers.flashcard_controller - INFO - FlashcardController initialized
2026-08-01 09:16:39 - src.ui.main_window - INFO - Launched FlashcardViewer
2026-08-01 09:16:47 - src.controllers.flashcard_controller - INFO - Starting deck: Sample Deck
2026-08-01 09:16:47 - src.controllers.flashcard_controller - INFO - Deck started with 2 cards to study
2026-08-01 09:16:48 - src.controllers.flashcard_controller - INFO - Card mastery toggled to: True
2026-08-01 09:16:57 - src.controllers.flashcard_controller - INFO - Card mastery toggled to: True
2026-08-01 09:16:58 - src.ui.flashcard_viewer - INFO - Returning to deck selection menu.
2026-08-01 09:16:58 - src.controllers.flashcard_controller - INFO - Ending session. Stats: {'known': 1, 'unknown': 0}
2026-08-01 09:17:32 - src.controllers.flashcard_controller - INFO - Starting deck: Sample Deck
2026-08-01 09:17:32 - src.controllers.flashcard_controller - INFO - Deck started with 2 cards to study
2026-08-01 09:17:35 - src.controllers.flashcard_controller - INFO - Study session complete
2026-08-01 09:17:35 - src.ui.flashcard_viewer - INFO - Returning to deck selection menu.
2026-08-01 09:17:35 - src.controllers.flashcard_controller - INFO - Ending session. Stats: {'known': 2, 'unknown': 0}
2026-08-01 09:17:39 - src.controllers.flashcard_controller - INFO - Starting deck: Sample Deck
2026-08-01 09:17:39 - src.controllers.flashcard_controller - INFO - Deck started with 2 cards to study
2026-08-01 09:17:41 - src.controllers.flashcard_controller - INFO - Study session complete
2026-08-01 09:17:42 - src.ui.flashcard_viewer - INFO - Returning to deck selection menu.
2026-08-01 09:17:42 - src.controllers.flashcard_controller - INFO - Ending session. Stats: {'known': 2, 'unknown': 0}
2026-08-01 09:17:44 - src.controllers.flashcard_controller - INFO - Starting deck: Sample Deck
2026-08-01 09:17:44 - src.controllers.flashcard_controller - INFO - Deck started with 2 cards to study
2026-08-01 09:17:45 - src.controllers.flashcard_controller - INFO - Study session complete
2026-08-01 09:17:46 - src.ui.flashcard_viewer - INFO - Returning to deck selection menu.
2026-08-01 09:17:46 - src.controllers.flashcard_controller - INFO - Ending session. Stats: {'known': 2, 'unknown': 0}
2026-08-01 09:17:54 - src.controllers.flashcard_controller - INFO - Starting deck: Sample Deck
2026-08-01 09:17:54 - src.controllers.flashcard_controller - INFO - Deck started with 2 cards to study
2026-08-01 09:17:56 - src.controllers.flashcard_controller - INFO - Study session complete
2026-08-01 09:17:57 - src.ui.flashcard_viewer - INFO - Returning to deck selection menu.
2026-08-01 09:17:57 - src.controllers.flashcard_controller - INFO - Ending session. Stats: {'known': 2, 'unknown': 0}
2026-08-01 09:18:00 - src.controllers.flashcard_controller - INFO - Starting deck: Sample Deck Copy
2026-08-01 09:18:00 - src.controllers.flashcard_controller - INFO - Deck started with 2 cards to study
2026-08-01 09:18:02 - src.ui.flashcard_viewer - INFO - Returning to deck selection menu.
2026-08-01 09:18:02 - src.controllers.flashcard_controller - INFO - Ending session. Stats: {'known': 0, 'unknown': 0}
2026-08-01 09:18:02 - src.controllers.flashcard_controller - INFO - Starting deck: Sample Deck
2026-08-01 09:18:02 - src.controllers.flashcard_controller - INFO - Deck started with 2 cards to study
2026-08-01 09:18:04 - src.controllers.flashcard_controller - INFO - Study session complete
2026-08-01 09:18:05 - src.ui.flashcard_viewer - INFO - Returning to deck selection menu.
2026-08-01 09:18:05 - src.controllers.flashcard_controller - INFO - Ending session. Stats: {'known': 2, 'unknown': 0}
2026-08-01 09:18:06 - src.controllers.flashcard_controller - INFO - Starting deck: Sample Deck
2026-08-01 09:18:06 - src.controllers.flashcard_controller - INFO - Deck started with 2 cards to study
2026-08-01 09:18:07 - src.controllers.flashcard_controller - INFO - Card mastery toggled to: True
2026-08-01 09:18:15 - src.controllers.flashcard_controller - INFO - Card mastery toggled to: True
2026-08-01 09:19:06 - src.controllers.flashcard_controller - INFO - Study session complete
2026-08-01 09:19:07 - src.ui.flashcard_viewer - INFO - Returning to deck selection menu.
2026-08-01 09:19:07 - src.controllers.flashcard_controller - INFO - Ending session. Stats: {'known': 2, 'unknown': 0}
2026-08-01 09:19:27 - src.ui.main_window - DEBUG - Settings panel shown with overlay
2026-08-01 09:19:38 - src.ui.main_window - DEBUG - Settings panel and overlay hidden
2026-08-01 09:19:39 - src.controllers.flashcard_controller - INFO - FlashcardController initialized
2026-08-01 09:19:39 - src.ui.main_window - INFO - Launched FlashcardViewer
2026-08-01 09:19:41 - src.controllers.flashcard_controller - INFO - Starting deck: Sample Deck
2026-08-01 09:19:41 - src.controllers.flashcard_controller - INFO - Deck started with 0 cards to study
2026-08-01 09:19:41 - src.ui.flashcard_viewer - ERROR - Controller returned no card data.
2026-08-01 09:19:51 - src.ui.main_window - DEBUG - Opened login dialog
2026-08-01 09:20:37 - src.storage.user_repository - INFO - User authenticated: student (role: student)
2026-08-01 09:20:37 - src.logic.user_session - INFO - Session started for: Student User
2026-08-01 09:20:37 - src.ui.main_window - INFO - Login successful: Student User
2026-08-01 09:20:40 - src.controllers.flashcard_controller - INFO - FlashcardController initialized
2026-08-01 09:20:40 - src.ui.main_window - INFO - Launched FlashcardViewer
2026-08-01 09:21:20 - src.controllers.flashcard_controller - INFO - FlashcardController initialized
2026-08-01 09:21:20 - src.ui.main_window - INFO - Launched FlashcardViewer
2026-08-01 09:21:27 - src.controllers.flashcard_controller - INFO - Starting deck: Sample Deck
2026-08-01 09:21:27 - src.controllers.flashcard_controller - INFO - Deck started with 2 cards to study
2026-08-01 09:21:29 - src.ui.flashcard_viewer - INFO - Returning to deck selection menu.
2026-08-01 09:21:29 - src.controllers.flashcard_controller - INFO - Ending session. Stats: {'known': 0, 'unknown': 0}
2026-08-01 09:21:30 - src.controllers.flashcard_controller - INFO - Starting deck: Sample Deck Copy
2026-08-01 09:21:30 - src.controllers.flashcard_controller - INFO - Deck started with 2 cards to study
2026-08-01 09:21:36 - src.controllers.flashcard_controller - INFO - Study session complete
2026-08-01 09:21:37 - src.ui.flashcard_viewer - INFO - Returning to deck selection menu.
2026-08-01 09:21:37 - src.controllers.flashcard_controller - INFO - Ending session. Stats: {'known': 2, 'unknown': 0}
2026-08-01 09:22:01 - src.controllers.flashcard_controller - INFO - FlashcardController initialized
2026-08-01 09:22:01 - src.ui.main_window - INFO - Launched FlashcardViewer
2026-08-01 09:22:10 - src.controllers.flashcard_controller - INFO - FlashcardController initialized
2026-08-01 09:22:10 - src.ui.main_window - INFO - Launched FlashcardViewer
2026-08-01 09:22:36 - src.ui.main_window - DEBUG - Settings panel shown with overlay
2026-08-01 09:23:12 - src.ui.main_window - DEBUG - Settings panel and overlay hidden
2026-08-01 09:23:15 - src.ui.main_window - DEBUG - Settings panel shown with overlay
2026-08-01 09:23:17 - src.logic.app_settings - DEBUG - Settings saved
2026-08-01 09:23:17 - src.logic.translator - INFO - Language changed to: fr
2026-08-01 09:23:17 - src.main - INFO - Qt translations loaded for: fr
2026-08-01 09:23:17 - src.controllers.main_controller - INFO - Language changed to: fr
2026-08-01 09:23:17 - src.ui.main_window - DEBUG - Settings panel retranslated
2026-08-01 09:23:17 - src.ui.main_window - DEBUG - Login dialog retranslated
2026-08-01 09:23:17 - src.ui.main_window - INFO - Language changed to: fr
2026-08-01 09:23:18 - src.ui.main_window - DEBUG - Settings panel and overlay hidden
2026-08-01 09:23:19 - src.controllers.flashcard_controller - INFO - FlashcardController initialized
2026-08-01 09:23:19 - src.ui.main_window - INFO - Launched FlashcardViewer
2026-08-01 09:23:25 - src.controllers.flashcard_controller - INFO - Starting deck: Sample Deck Copy
2026-08-01 09:23:25 - src.controllers.flashcard_controller - INFO - Deck started with 2 cards to study
2026-08-01 09:23:28 - src.ui.flashcard_viewer - INFO - Returning to deck selection menu.
2026-08-01 09:23:28 - src.controllers.flashcard_controller - INFO - Ending session. Stats: {'known': 0, 'unknown': 0}
2026-08-01 09:23:28 - src.controllers.flashcard_controller - INFO - Starting deck: Sample Deck
2026-08-01 09:23:28 - src.controllers.flashcard_controller - INFO - Deck started with 2 cards to study
2026-08-01 09:23:30 - src.ui.flashcard_viewer - INFO - Returning to deck selection menu.
2026-08-01 09:23:30 - src.controllers.flashcard_controller - INFO - Ending session. Stats: {'known': 0, 'unknown': 0}
2026-08-01 09:23:33 - src.logic.user_session - INFO - Session ended for: Student User
2026-08-01 09:23:33 - src.controllers.main_controller - INFO - User logged out
2026-08-01 09:23:33 - src.ui.main_window - INFO - Logged out, returned to guest mode
2026-08-01 09:23:34 - src.ui.main_window - DEBUG - Opened login dialog
2026-08-01 09:23:37 - src.storage.user_repository - INFO - User authenticated: student (role: student)
2026-08-01 09:23:37 - src.logic.user_session - INFO - Session started for: Student User
2026-08-01 09:23:37 - src.ui.main_window - INFO - Login successful: Student User
2026-08-01 09:23:39 - src.controllers.flashcard_controller - INFO - FlashcardController initialized
2026-08-01 09:23:39 - src.ui.main_window - INFO - Launched FlashcardViewer
2026-08-01 09:23:46 - src.logic.user_session - INFO - Session ended for: Student User
2026-08-01 09:23:46 - src.controllers.main_controller - INFO - User logged out
2026-08-01 09:23:46 - src.ui.main_window - INFO - Logged out, returned to guest mode
2026-08-01 09:23:47 - src.ui.main_window - DEBUG - Opened login dialog
2026-08-01 09:25:17 - src.ui.main_window - DEBUG - Opened login dialog
2026-08-01 09:25:18 - src.storage.user_repository - INFO - User authenticated: student (role: student)
2026-08-01 09:25:18 - src.logic.user_session - INFO - Session started for: Student User
2026-08-01 09:25:18 - src.ui.main_window - INFO - Login successful: Student User
2026-08-01 09:25:19 - src.controllers.flashcard_controller - INFO - FlashcardController initialized
2026-08-01 09:25:19 - src.ui.main_window - INFO - Launched FlashcardViewer
2026-08-01 09:25:23 - src.logic.user_session - INFO - Session ended for: Student User
2026-08-01 09:25:23 - src.controllers.main_controller - INFO - User logged out
2026-08-01 09:25:23 - src.ui.main_window - INFO - Logged out, returned to guest mode
2026-08-01 09:25:24 - src.controllers.flashcard_controller - INFO - FlashcardController initialized
2026-08-01 09:25:24 - src.ui.main_window - INFO - Launched FlashcardViewer
2026-08-01 09:27:36 - src.ui.main_window - DEBUG - Opened login dialog
2026-08-01 09:27:42 - src.ui.main_window - DEBUG - Settings panel shown with overlay
2026-08-01 09:27:44 - src.logic.app_settings - DEBUG - Settings saved
2026-08-01 09:27:44 - src.logic.translator - INFO - Language changed to: en
2026-08-01 09:27:44 - src.main - INFO - Qt translations loaded for: en
2026-08-01 09:27:44 - src.controllers.main_controller - INFO - Language changed to: en
2026-08-01 09:27:44 - src.ui.main_window - DEBUG - Settings panel retranslated
2026-08-01 09:27:44 - src.ui.main_window - DEBUG - Login dialog retranslated
2026-08-01 09:27:44 - src.ui.main_window - INFO - Language changed to: en
2026-08-01 09:29:34 - src.ui.main_window - DEBUG - Settings panel and overlay hidden
2026-08-01 09:29:35 - src.controllers.flashcard_controller - INFO - FlashcardController initialized
2026-08-01 09:29:35 - src.ui.main_window - INFO - Launched FlashcardViewer
2026-08-01 09:29:37 - src.controllers.flashcard_controller - INFO - Starting deck: Sample Deck
2026-08-01 09:29:37 - src.controllers.flashcard_controller - INFO - Deck started with 2 cards to study
2026-08-01 09:29:39 - src.ui.flashcard_viewer - INFO - Returning to deck selection menu.
2026-08-01 09:29:39 - src.controllers.flashcard_controller - INFO - Ending session. Stats: {'known': 0, 'unknown': 0}
2026-08-01 09:52:29 - root - INFO - Logging initialized. File: C:\Users\And\PythonProjects\FlashcardApp\logs\quiz_app.log
2026-08-01 09:52:29 - __main__ - INFO - Qt translations loaded for: en
2026-08-01 09:52:29 - src.logic.app_settings - DEBUG - Settings saved
2026-08-01 09:52:29 - src.logic.translator - INFO - Language changed to: en
2026-08-01 09:52:29 - src.controllers.main_controller - INFO - MainController initialized
2026-08-01 09:52:32 - src.logic.app_settings - DEBUG - Settings saved
2026-08-01 09:52:32 - src.ui.main_window - INFO - Applied light theme
2026-08-01 09:52:32 - src.logic.user_session - INFO - Session ended for: guest
2026-08-01 09:52:32 - src.controllers.main_controller - INFO - Continuing as guest
2026-08-01 09:52:32 - __main__ - INFO - Qt translations loaded for: en
2026-08-01 09:52:32 - __main__ - INFO - Application started successfully
2026-08-01 09:52:33 - src.logic.app_settings - DEBUG - Settings saved
2026-08-01 09:52:33 - src.ui.main_window - INFO - Applied light theme
2026-08-01 09:52:33 - src.ui.main_window - DEBUG - Settings panel shown with overlay
2026-08-01 09:52:36 - src.ui.main_window - DEBUG - Settings panel and overlay hidden
2026-08-01 09:52:37 - src.controllers.flashcard_controller - INFO - FlashcardController initialized
2026-08-01 09:52:37 - src.ui.main_window - INFO - Launched FlashcardViewer
2026-08-01 09:53:02 - src.ui.main_window - DEBUG - Opened login dialog
2026-08-01 09:53:11 - src.storage.user_repository - INFO - User authenticated: student (role: student)
2026-08-01 09:53:11 - src.logic.user_session - INFO - Session started for: Student User
2026-08-01 09:53:11 - src.ui.main_window - INFO - Login successful: Student User
2026-08-01 09:53:18 - src.ui.main_window - INFO - Launched QuizViewer
2026-08-01 09:53:20 - src.controllers.flashcard_controller - INFO - FlashcardController initialized
2026-08-01 09:53:20 - src.ui.main_window - INFO - Launched FlashcardViewer
2026-08-01 09:53:45 - src.controllers.flashcard_controller - INFO - FlashcardController initialized
2026-08-01 09:53:45 - src.ui.main_window - INFO - Launched FlashcardViewer
2026-08-01 09:54:01 - src.controllers.flashcard_controller - INFO - FlashcardController initialized
2026-08-01 09:54:01 - src.ui.main_window - INFO - Launched FlashcardViewer
2026-08-01 09:54:05 - src.controllers.flashcard_controller - INFO - Starting deck: Sample Deck
2026-08-01 09:54:05 - src.controllers.flashcard_controller - INFO - Deck started with 2 cards to study
2026-08-01 09:54:06 - src.controllers.flashcard_controller - INFO - Study session complete
2026-08-01 09:54:07 - src.ui.flashcard_viewer - INFO - Returning to deck selection menu.
2026-08-01 09:54:07 - src.controllers.flashcard_controller - INFO - Ending session. Stats: {'known': 2, 'unknown': 0}
2026-08-01 09:54:09 - src.controllers.flashcard_controller - INFO - Starting deck: Sample Deck
2026-08-01 09:54:09 - src.controllers.flashcard_controller - INFO - Deck started with 2 cards to study
2026-08-01 09:54:10 - src.controllers.flashcard_controller - INFO - Study session complete
2026-08-01 09:54:11 - src.ui.flashcard_viewer - INFO - Returning to deck selection menu.
2026-08-01 09:54:11 - src.controllers.flashcard_controller - INFO - Ending session. Stats: {'known': 2, 'unknown': 0}
2026-08-01 09:54:11 - src.controllers.flashcard_controller - INFO - Starting deck: Sample Deck
2026-08-01 09:54:11 - src.controllers.flashcard_controller - INFO - Deck started with 2 cards to study
2026-08-01 09:54:12 - src.controllers.flashcard_controller - INFO - Study session complete
2026-08-01 09:54:13 - src.ui.flashcard_viewer - INFO - Returning to deck selection menu.
2026-08-01 09:54:13 - src.controllers.flashcard_controller - INFO - Ending session. Stats: {'known': 2, 'unknown': 0}
2026-08-01 09:54:14 - src.controllers.flashcard_controller - INFO - Starting deck: Sample Deck
2026-08-01 09:54:14 - src.controllers.flashcard_controller - INFO - Deck started with 2 cards to study
2026-08-01 09:54:14 - src.controllers.flashcard_controller - INFO - Study session complete
2026-08-01 09:54:15 - src.ui.flashcard_viewer - INFO - Returning to deck selection menu.
2026-08-01 09:54:15 - src.controllers.flashcard_controller - INFO - Ending session. Stats: {'known': 2, 'unknown': 0}
2026-08-01 09:54:16 - src.controllers.flashcard_controller - INFO - Starting deck: Sample Deck
2026-08-01 09:54:16 - src.controllers.flashcard_controller - INFO - Deck started with 2 cards to study
2026-08-01 09:54:16 - src.controllers.flashcard_controller - INFO - Study session complete
2026-08-01 09:54:17 - src.ui.flashcard_viewer - INFO - Returning to deck selection menu.
2026-08-01 09:54:17 - src.controllers.flashcard_controller - INFO - Ending session. Stats: {'known': 2, 'unknown': 0}
2026-08-01 09:54:18 - src.controllers.flashcard_controller - INFO - Starting deck: Sample Deck
2026-08-01 09:54:18 - src.controllers.flashcard_controller - INFO - Deck started with 2 cards to study
2026-08-01 09:54:25 - src.ui.flashcard_viewer - INFO - Returning to deck selection menu.
2026-08-01 09:54:25 - src.controllers.flashcard_controller - INFO - Ending session. Stats: {'known': 0, 'unknown': 0}
2026-08-01 09:54:29 - src.controllers.flashcard_controller - INFO - FlashcardController initialized
2026-08-01 09:54:29 - src.ui.main_window - INFO - Launched FlashcardViewer
2026-08-01 09:54:40 - src.logic.user_session - INFO - Session ended for: Student User
2026-08-01 09:54:40 - src.controllers.main_controller - INFO - User logged out
2026-08-01 09:54:40 - src.ui.main_window - INFO - Logged out, returned to guest mode
2026-08-01 09:54:41 - src.controllers.flashcard_controller - INFO - FlashcardController initialized
2026-08-01 09:54:41 - src.ui.main_window - INFO - Launched FlashcardViewer
2026-08-01 09:56:01 - src.ui.main_window - DEBUG - Opened login dialog
2026-08-01 09:56:07 - src.storage.user_repository - INFO - User authenticated: student (role: student)
2026-08-01 09:56:07 - src.logic.user_session - INFO - Session started for: Student User
2026-08-01 09:56:07 - src.ui.main_window - INFO - Login successful: Student User
2026-08-01 09:56:10 - src.logic.user_session - INFO - Session ended for: Student User
2026-08-01 09:56:10 - src.controllers.main_controller - INFO - User logged out
2026-08-01 09:56:10 - src.ui.main_window - INFO - Logged out, returned to guest mode
2026-08-01 09:56:11 - src.ui.main_window - DEBUG - Opened login dialog
2026-08-01 09:56:19 - src.ui.main_window - DEBUG - Opened login dialog
2026-08-01 09:56:20 - src.ui.main_window - DEBUG - Settings panel shown with overlay
2026-08-01 09:56:21 - src.ui.main_window - DEBUG - Settings panel and overlay hidden
2026-08-01 09:56:22 - src.ui.main_window - DEBUG - Opened login dialog
2026-08-01 09:56:23 - src.ui.main_window - DEBUG - Closed login dialog
2026-08-01 09:56:23 - src.ui.main_window - DEBUG - Settings panel shown with overlay
2026-08-01 09:56:27 - src.ui.main_window - DEBUG - Settings panel and overlay hidden
2026-08-01 09:56:28 - src.ui.main_window - DEBUG - Opened login dialog
2026-08-01 09:56:32 - src.storage.user_repository - INFO - User authenticated: student (role: student)
2026-08-01 09:56:32 - src.logic.user_session - INFO - Session started for: Student User
2026-08-01 09:56:32 - src.ui.main_window - INFO - Login successful: Student User
2026-08-01 09:56:33 - src.controllers.flashcard_controller - INFO - FlashcardController initialized
2026-08-01 09:56:33 - src.ui.main_window - INFO - Launched FlashcardViewer
2026-08-01 09:57:11 - src.logic.user_session - INFO - Session ended for: Student User
2026-08-01 09:57:11 - src.controllers.main_controller - INFO - User logged out
2026-08-01 09:57:11 - src.ui.main_window - INFO - Logged out, returned to guest mode
2026-08-01 09:57:12 - src.ui.main_window - DEBUG - Opened login dialog
2026-08-01 09:57:39 - src.storage.user_repository - INFO - User authenticated: admin (role: teacher)
2026-08-01 09:57:39 - src.logic.user_session - INFO - Session started for: Admin User
2026-08-01 09:57:39 - src.ui.main_window - INFO - Login successful: Admin User
2026-08-01 09:57:42 - src.ui.editor.flashcard_editor - INFO - Flashcard Editor initialized.
2026-08-01 09:57:42 - src.ui.main_window - INFO - Launched FlashcardEditor
2026-08-01 09:57:44 - src.ui.editor.flashcard_editor - INFO - NAV: 'Back to Main' clicked.
2026-08-01 09:57:44 - src.ui.editor.flashcard_editor - DEBUG - STATE: Checking for unsaved changes. Result: False
2026-08-01 09:57:44 - src.ui.editor.flashcard_editor - INFO - NAV: Proceeding to return to main menu.
2026-08-01 10:00:55 - root - INFO - Logging initialized. File: C:\Users\And\PythonProjects\FlashcardApp\logs\quiz_app.log
2026-08-01 10:00:55 - __main__ - INFO - Qt translations loaded for: en
2026-08-01 10:00:55 - src.logic.app_settings - DEBUG - Settings saved
2026-08-01 10:00:55 - src.logic.translator - INFO - Language changed to: en
2026-08-01 10:00:55 - src.controllers.main_controller - INFO - MainController initialized
2026-08-01 10:00:55 - src.logic.app_settings - DEBUG - Settings saved
2026-08-01 10:00:55 - src.ui.main_window - INFO - Applied light theme
2026-08-01 10:00:55 - src.logic.user_session - INFO - Session ended for: guest
2026-08-01 10:00:55 - src.controllers.main_controller - INFO - Continuing as guest
2026-08-01 10:00:55 - __main__ - INFO - Qt translations loaded for: en
2026-08-01 10:00:55 - __main__ - INFO - Application started successfully
2026-08-01 10:00:56 - src.controllers.flashcard_controller - INFO - FlashcardController initialized
2026-08-01 10:00:56 - src.ui.main_window - INFO - Launched FlashcardViewer
2026-08-01 10:01:02 - src.ui.main_window - DEBUG - Opened login dialog
2026-08-01 10:01:12 - src.storage.user_repository - INFO - User authenticated: student (role: student)
2026-08-01 10:01:12 - src.logic.user_session - INFO - Session started for: Student User
2026-08-01 10:01:12 - src.ui.main_window - INFO - Login successful: Student User
2026-08-01 10:01:13 - src.controllers.flashcard_controller - INFO - FlashcardController initialized
2026-08-01 10:01:13 - src.ui.main_window - INFO - Launched FlashcardViewer
2026-08-01 10:04:07 - root - INFO - Logging initialized. File: C:\Users\And\PythonProjects\FlashcardApp\logs\quiz_app.log
2026-08-01 10:04:07 - __main__ - INFO - Qt translations loaded for: en
2026-08-01 10:04:07 - src.logic.app_settings - DEBUG - Settings saved
2026-08-01 10:04:07 - src.logic.translator - INFO - Language changed to: en
2026-08-01 10:04:07 - src.controllers.main_controller - INFO - MainController initialized
2026-08-01 10:04:08 - src.logic.app_settings - DEBUG - Settings saved
2026-08-01 10:04:08 - src.ui.main_window - INFO - Applied light theme
2026-08-01 10:04:08 - src.logic.user_session - INFO - Session ended for: guest
2026-08-01 10:04:08 - src.controllers.main_controller - INFO - Continuing as guest
2026-08-01 10:04:08 - __main__ - INFO - Qt translations loaded for: en
2026-08-01 10:04:08 - __main__ - INFO - Application started successfully
2026-08-01 10:04:09 - src.controllers.flashcard_controller - INFO - FlashcardController initialized
2026-08-01 10:04:09 - src.ui.main_window - INFO - Launched FlashcardViewer
2026-08-01 10:04:13 - src.controllers.flashcard_controller - INFO - Starting deck: Sample Deck
2026-08-01 10:04:13 - src.controllers.flashcard_controller - INFO - Deck started with 2 cards to study
2026-08-01 10:04:14 - src.controllers.flashcard_controller - INFO - Study session complete
2026-08-01 10:04:14 - src.ui.flashcard_viewer - INFO - Returning to deck selection menu.
2026-08-01 10:04:14 - src.controllers.flashcard_controller - INFO - Ending session. Stats: {'known': 2, 'unknown': 0}
2026-08-01 10:04:16 - src.controllers.flashcard_controller - INFO - Starting deck: Sample Deck
2026-08-01 10:04:16 - src.controllers.flashcard_controller - INFO - Deck started with 2 cards to study
2026-08-01 10:04:17 - src.controllers.flashcard_controller - INFO - Study session complete
2026-08-01 10:04:18 - src.ui.flashcard_viewer - INFO - Returning to deck selection menu.
2026-08-01 10:04:18 - src.controllers.flashcard_controller - INFO - Ending session. Stats: {'known': 2, 'unknown': 0}
2026-08-01 10:04:18 - src.controllers.flashcard_controller - INFO - Starting deck: Sample Deck
2026-08-01 10:04:18 - src.controllers.flashcard_controller - INFO - Deck started with 2 cards to study
2026-08-01 10:04:19 - src.controllers.flashcard_controller - INFO - Study session complete
2026-08-01 10:04:20 - src.ui.flashcard_viewer - INFO - Returning to deck selection menu.
2026-08-01 10:04:20 - src.controllers.flashcard_controller - INFO - Ending session. Stats: {'known': 2, 'unknown': 0}
2026-08-01 10:04:20 - src.controllers.flashcard_controller - INFO - Starting deck: Sample Deck
2026-08-01 10:04:20 - src.controllers.flashcard_controller - INFO - Deck started with 2 cards to study
2026-08-01 10:04:21 - src.controllers.flashcard_controller - INFO - Study session complete
2026-08-01 10:04:22 - src.ui.flashcard_viewer - INFO - Returning to deck selection menu.
2026-08-01 10:04:22 - src.controllers.flashcard_controller - INFO - Ending session. Stats: {'known': 2, 'unknown': 0}
2026-08-01 10:04:23 - src.controllers.flashcard_controller - INFO - Starting deck: Sample Deck
2026-08-01 10:04:23 - src.controllers.flashcard_controller - INFO - Deck started with 2 cards to study
2026-08-01 10:04:24 - src.controllers.flashcard_controller - INFO - Study session complete
2026-08-01 10:04:24 - src.ui.flashcard_viewer - INFO - Returning to deck selection menu.
2026-08-01 10:04:24 - src.controllers.flashcard_controller - INFO - Ending session. Stats: {'known': 2, 'unknown': 0}
2026-08-01 10:04:25 - src.controllers.flashcard_controller - INFO - Starting deck: Sample Deck
2026-08-01 10:04:25 - src.controllers.flashcard_controller - INFO - Deck started with 2 cards to study
2026-08-01 10:04:44 - root - INFO - Logging initialized. File: C:\Users\And\PythonProjects\FlashcardApp\logs\quiz_app.log
2026-08-01 10:04:44 - __main__ - INFO - Qt translations loaded for: en
2026-08-01 10:04:44 - src.logic.app_settings - DEBUG - Settings saved
2026-08-01 10:04:44 - src.logic.translator - INFO - Language changed to: en
2026-08-01 10:04:44 - src.controllers.main_controller - INFO - MainController initialized
2026-08-01 10:04:44 - src.logic.app_settings - DEBUG - Settings saved
2026-08-01 10:04:44 - src.ui.main_window - INFO - Applied light theme
2026-08-01 10:04:44 - src.logic.user_session - INFO - Session ended for: guest
2026-08-01 10:04:44 - src.controllers.main_controller - INFO - Continuing as guest
2026-08-01 10:04:44 - __main__ - INFO - Qt translations loaded for: en
2026-08-01 10:04:44 - __main__ - INFO - Application started successfully
2026-08-01 10:04:45 - src.ui.main_window - DEBUG - Opened login dialog
2026-08-01 10:04:53 - src.storage.user_repository - INFO - User authenticated: student (role: student)
2026-08-01 10:04:53 - src.logic.user_session - INFO - Session started for: Student User
2026-08-01 10:04:53 - src.ui.main_window - INFO - Login successful: Student User
2026-08-01 10:04:54 - src.controllers.flashcard_controller - INFO - FlashcardController initialized
2026-08-01 10:04:54 - src.ui.main_window - INFO - Launched FlashcardViewer
2026-08-01 10:04:58 - src.controllers.flashcard_controller - INFO - Starting deck: Sample Deck
2026-08-01 10:04:58 - src.controllers.flashcard_controller - INFO - Deck started with 2 cards to study
2026-08-01 10:05:24 - root - INFO - Logging initialized. File: C:\Users\And\PythonProjects\FlashcardApp\logs\quiz_app.log
2026-08-01 10:05:24 - __main__ - INFO - Qt translations loaded for: en
2026-08-01 10:05:24 - src.logic.app_settings - DEBUG - Settings saved
2026-08-01 10:05:24 - src.logic.translator - INFO - Language changed to: en
2026-08-01 10:05:24 - src.controllers.main_controller - INFO - MainController initialized
2026-08-01 10:05:24 - src.logic.app_settings - DEBUG - Settings saved
2026-08-01 10:05:24 - src.ui.main_window - INFO - Applied light theme
2026-08-01 10:05:24 - src.logic.user_session - INFO - Session ended for: guest
2026-08-01 10:05:24 - src.controllers.main_controller - INFO - Continuing as guest
2026-08-01 10:05:24 - __main__ - INFO - Qt translations loaded for: en
2026-08-01 10:05:24 - __main__ - INFO - Application started successfully
2026-08-01 10:05:25 - src.controllers.flashcard_controller - INFO - FlashcardController initialized
2026-08-01 10:05:25 - src.ui.main_window - INFO - Launched FlashcardViewer
2026-08-01 10:05:26 - src.controllers.flashcard_controller - INFO - Starting deck: Sample Deck
2026-08-01 10:05:26 - src.controllers.flashcard_controller - INFO - Deck started with 2 cards to study
2026-08-01 14:34:36 - root - INFO - Logging initialized. File: C:\Users\And\PythonProjects\FlashcardApp\logs\quiz_app.log
2026-08-01 14:34:36 - __main__ - INFO - Qt translations loaded for: en
2026-08-01 14:34:36 - src.logic.app_settings - DEBUG - Settings saved
2026-08-01 14:34:36 - src.logic.translator - INFO - Language changed to: en
2026-08-01 14:34:36 - src.controllers.main_controller - INFO - MainController initialized
2026-08-01 14:34:38 - src.logic.app_settings - DEBUG - Settings saved
2026-08-01 14:34:38 - src.ui.main_window - INFO - Applied light theme
2026-08-01 14:34:38 - src.logic.user_session - INFO - Session ended for: guest
2026-08-01 14:34:38 - src.controllers.main_controller - INFO - Continuing as guest
2026-08-01 14:34:38 - __main__ - INFO - Qt translations loaded for: en
2026-08-01 14:34:38 - __main__ - INFO - Application started successfully
2026-08-01 14:34:39 - src.ui.main_window - DEBUG - Opened login dialog
2026-08-01 14:34:41 - src.ui.main_window - DEBUG - Closed login dialog
2026-08-01 14:34:41 - src.logic.app_settings - DEBUG - Settings saved
2026-08-01 14:34:41 - src.ui.main_window - INFO - Applied light theme
2026-08-01 14:34:41 - src.ui.main_window - DEBUG - Settings panel shown with overlay
2026-08-01 14:34:46 - src.ui.main_window - DEBUG - Settings panel and overlay hidden
2026-08-01 14:34:48 - src.controllers.flashcard_controller - INFO - FlashcardController initialized
2026-08-01 14:34:48 - src.ui.main_window - INFO - Launched FlashcardViewer
2026-08-01 14:44:59 - root - INFO - Logging initialized. File: C:\Users\And\PythonProjects\FlashcardApp\logs\quiz_app.log
2026-08-01 14:44:59 - __main__ - INFO - Qt translations loaded for: en
2026-08-01 14:44:59 - src.logic.app_settings - DEBUG - Settings saved
2026-08-01 14:44:59 - src.logic.translator - INFO - Language changed to: en
2026-08-01 14:44:59 - src.controllers.main_controller - INFO - MainController initialized
2026-08-01 14:44:59 - src.logic.app_settings - DEBUG - Settings saved
2026-08-01 14:44:59 - src.ui.main_window - INFO - Applied light theme
2026-08-01 14:44:59 - src.logic.user_session - INFO - Session ended for: guest
2026-08-01 14:44:59 - src.controllers.main_controller - INFO - Continuing as guest
2026-08-01 14:44:59 - __main__ - INFO - Qt translations loaded for: en
2026-08-01 14:44:59 - __main__ - INFO - Application started successfully
2026-08-01 14:45:01 - src.controllers.flashcard_controller - INFO - FlashcardController initialized
2026-08-01 14:45:01 - src.ui.main_window - INFO - Launched FlashcardViewer
2026-08-01 14:45:29 - src.controllers.flashcard_controller - INFO - FlashcardController initialized
2026-08-01 14:45:29 - src.ui.main_window - INFO - Launched FlashcardViewer
2026-08-01 14:45:34 - src.controllers.flashcard_controller - INFO - Starting deck: Sample Deck
2026-08-01 14:45:34 - src.controllers.flashcard_controller - INFO - Deck started with 1 cards to study
2026-08-01 14:45:38 - src.controllers.flashcard_controller - INFO - Card mastery toggled to: True
2026-08-01 14:45:39 - src.ui.flashcard_viewer - INFO - Returning to deck selection menu.
2026-08-01 14:45:39 - src.controllers.flashcard_controller - INFO - Ending session. Stats: {'known': 0, 'unknown': 0}
2026-08-01 14:45:41 - src.controllers.flashcard_controller - INFO - Starting deck: Sample Deck
2026-08-01 14:45:41 - src.controllers.flashcard_controller - INFO - Deck started with 0 cards to study
2026-08-01 14:45:41 - src.ui.flashcard_viewer - ERROR - Controller returned no card data.
2026-08-01 14:50:30 - root - INFO - Logging initialized. File: C:\Users\And\PythonProjects\FlashcardApp\logs\quiz_app.log
2026-08-01 14:50:30 - __main__ - INFO - Qt translations loaded for: en
2026-08-01 14:50:30 - src.logic.app_settings - DEBUG - Settings saved
2026-08-01 14:50:30 - src.logic.translator - INFO - Language changed to: en
2026-08-01 14:50:30 - src.controllers.main_controller - INFO - MainController initialized
2026-08-01 14:50:31 - src.logic.app_settings - DEBUG - Settings saved
2026-08-01 14:50:31 - src.ui.main_window - INFO - Applied light theme
2026-08-01 14:50:31 - src.logic.user_session - INFO - Session ended for: guest
2026-08-01 14:50:31 - src.controllers.main_controller - INFO - Continuing as guest
2026-08-01 14:50:31 - __main__ - INFO - Qt translations loaded for: en
2026-08-01 14:50:31 - __main__ - INFO - Application started successfully
2026-08-01 14:50:32 - src.controllers.flashcard_controller - INFO - FlashcardController initialized
2026-08-01 14:50:32 - src.ui.main_window - INFO - Launched FlashcardViewer
2026-08-01 14:55:15 - src.controllers.flashcard_controller - INFO - FlashcardController initialized
2026-08-01 14:55:15 - src.ui.main_window - INFO - Launched FlashcardViewer
2026-08-01 14:55:18 - src.controllers.flashcard_controller - INFO - Starting deck: Sample Deck
2026-08-01 14:55:18 - src.controllers.flashcard_controller - INFO - Deck started with 2 cards to study
2026-08-01 14:55:20 - src.controllers.flashcard_controller - INFO - Study session complete
2026-08-01 14:55:21 - src.ui.flashcard_viewer - INFO - Returning to deck selection menu.
2026-08-01 14:55:21 - src.controllers.flashcard_controller - INFO - Ending session. Stats: {'known': 2, 'unknown': 0}
2026-08-01 14:55:24 - src.controllers.flashcard_controller - INFO - Starting deck: Sample Deck
2026-08-01 14:55:24 - src.controllers.flashcard_controller - INFO - Deck started with 2 cards to study
2026-08-01 14:55:25 - src.controllers.flashcard_controller - INFO - Study session complete
2026-08-01 14:55:26 - src.ui.flashcard_viewer - INFO - Returning to deck selection menu.
2026-08-01 14:55:26 - src.controllers.flashcard_controller - INFO - Ending session. Stats: {'known': 2, 'unknown': 0}
2026-08-01 14:55:26 - src.controllers.flashcard_controller - INFO - Starting deck: Sample Deck
2026-08-01 14:55:26 - src.controllers.flashcard_controller - INFO - Deck started with 2 cards to study
2026-08-01 14:55:27 - src.controllers.flashcard_controller - INFO - Study session complete
2026-08-01 14:55:28 - src.ui.flashcard_viewer - INFO - Returning to deck selection menu.
2026-08-01 14:55:28 - src.controllers.flashcard_controller - INFO - Ending session. Stats: {'known': 2, 'unknown': 0}
2026-08-01 14:55:29 - src.controllers.flashcard_controller - INFO - Starting deck: Sample Deck
2026-08-01 14:55:29 - src.controllers.flashcard_controller - INFO - Deck started with 2 cards to study
2026-08-01 14:55:30 - src.controllers.flashcard_controller - INFO - Study session complete
2026-08-01 14:55:31 - src.ui.flashcard_viewer - INFO - Returning to deck selection menu.
2026-08-01 14:55:31 - src.controllers.flashcard_controller - INFO - Ending session. Stats: {'known': 2, 'unknown': 0}
2026-08-01 14:55:31 - src.controllers.flashcard_controller - INFO - Starting deck: Sample Deck
2026-08-01 14:55:31 - src.controllers.flashcard_controller - INFO - Deck started with 2 cards to study
2026-08-01 14:55:32 - src.controllers.flashcard_controller - INFO - Study session complete
2026-08-01 14:55:33 - src.ui.flashcard_viewer - INFO - Returning to deck selection menu.
2026-08-01 14:55:33 - src.controllers.flashcard_controller - INFO - Ending session. Stats: {'known': 2, 'unknown': 0}
2026-08-01 14:55:34 - src.controllers.flashcard_controller - INFO - Starting deck: Sample Deck
2026-08-01 14:55:34 - src.controllers.flashcard_controller - INFO - Deck started with 2 cards to study
2026-08-01 14:58:11 - root - INFO - Logging initialized. File: C:\Users\And\PythonProjects\FlashcardApp\logs\quiz_app.log
2026-08-01 14:58:11 - __main__ - INFO - Qt translations loaded for: en
2026-08-01 14:58:11 - src.logic.app_settings - DEBUG - Settings saved
2026-08-01 14:58:11 - src.logic.translator - INFO - Language changed to: en
2026-08-01 14:58:11 - src.controllers.main_controller - INFO - MainController initialized
2026-08-01 14:58:11 - src.logic.app_settings - DEBUG - Settings saved
2026-08-01 14:58:11 - src.ui.main_window - INFO - Applied light theme
2026-08-01 14:58:11 - src.logic.user_session - INFO - Session ended for: guest
2026-08-01 14:58:11 - src.controllers.main_controller - INFO - Continuing as guest
2026-08-01 14:58:11 - __main__ - INFO - Qt translations loaded for: en
2026-08-01 14:58:11 - __main__ - INFO - Application started successfully
2026-08-01 14:58:13 - src.controllers.flashcard_controller - INFO - FlashcardController initialized
2026-08-01 14:58:13 - src.ui.main_window - INFO - Launched FlashcardViewer
2026-08-01 14:58:15 - src.controllers.flashcard_controller - INFO - Starting deck: Sample Deck
2026-08-01 14:58:15 - src.controllers.flashcard_controller - INFO - Deck started with 51 cards to study
2026-08-01 14:58:17 - src.controllers.flashcard_controller - INFO - Card mastery toggled to: True
2026-08-01 14:58:19 - src.ui.flashcard_viewer - INFO - Returning to deck selection menu.
2026-08-01 14:58:19 - src.controllers.flashcard_controller - INFO - Ending session. Stats: {'known': 0, 'unknown': 0}
2026-08-01 14:58:22 - src.controllers.flashcard_controller - INFO - Starting deck: Sample Deck
2026-08-01 14:58:22 - src.controllers.flashcard_controller - INFO - Deck started with 50 cards to study
2026-08-01 14:58:34 - src.ui.flashcard_viewer - INFO - Returning to deck selection menu.
2026-08-01 14:58:34 - src.controllers.flashcard_controller - INFO - Ending session. Stats: {'known': 10, 'unknown': 0}
2026-08-01 14:58:36 - src.controllers.flashcard_controller - INFO - Starting deck: Sample Deck
2026-08-01 14:58:36 - src.controllers.flashcard_controller - INFO - Deck started with 50 cards to study
2026-08-01 14:58:40 - src.ui.flashcard_viewer - INFO - Returning to deck selection menu.
2026-08-01 14:58:40 - src.controllers.flashcard_controller - INFO - Ending session. Stats: {'known': 0, 'unknown': 0}
2026-08-01 14:58:41 - src.controllers.flashcard_controller - INFO - Starting deck: Sample Deck
2026-08-01 14:58:41 - src.controllers.flashcard_controller - INFO - Deck started with 50 cards to study
2026-08-02 08:11:08 - root - INFO - Logging initialized. File: C:\Users\And\PythonProjects\FlashcardApp\logs\quiz_app.log
2026-08-02 08:11:08 - __main__ - INFO - Qt translations loaded for: en
2026-08-02 08:11:08 - src.logic.app_settings - DEBUG - Settings saved
2026-08-02 08:11:08 - src.logic.translator - INFO - Language changed to: en
2026-08-02 08:11:08 - src.controllers.main_controller - INFO - MainController initialized
2026-08-02 08:11:09 - src.logic.app_settings - DEBUG - Settings saved
2026-08-02 08:11:09 - src.ui.main_window - INFO - Applied light theme
2026-08-02 08:11:09 - src.logic.user_session - INFO - Session ended for: guest
2026-08-02 08:11:09 - src.controllers.main_controller - INFO - Continuing as guest
2026-08-02 08:11:09 - __main__ - INFO - Qt translations loaded for: en
2026-08-02 08:11:09 - __main__ - INFO - Application started successfully
2026-08-02 08:11:10 - src.controllers.flashcard_controller - INFO - FlashcardController initialized
2026-08-02 08:11:10 - src.ui.main_window - INFO - Launched FlashcardViewer
2026-08-02 08:11:20 - src.controllers.flashcard_controller - INFO - FlashcardController initialized
2026-08-02 08:11:20 - src.ui.main_window - INFO - Launched FlashcardViewer
2026-08-02 08:11:21 - src.controllers.flashcard_controller - INFO - Starting deck: Sample Deck
2026-08-02 08:11:21 - src.controllers.flashcard_controller - INFO - Deck started with 51 cards to study
2026-08-02 08:31:19 - root - INFO - Logging initialized. File: C:\Users\And\PythonProjects\FlashcardApp\logs\quiz_app.log
2026-08-02 08:31:19 - __main__ - INFO - Qt translations loaded for: en
2026-08-02 08:31:19 - src.logic.app_settings - DEBUG - Settings saved
2026-08-02 08:31:19 - src.logic.translator - INFO - Language changed to: en
2026-08-02 08:31:19 - src.controllers.main_controller - INFO - MainController initialized
2026-08-02 08:31:21 - src.logic.app_settings - DEBUG - Settings saved
2026-08-02 08:31:21 - src.ui.main_window - INFO - Applied light theme
2026-08-02 08:31:21 - src.logic.user_session - INFO - Session ended for: guest
2026-08-02 08:31:21 - src.controllers.main_controller - INFO - Continuing as guest
2026-08-02 08:31:21 - __main__ - INFO - Qt translations loaded for: en
2026-08-02 08:31:21 - __main__ - INFO - Application started successfully
2026-08-02 08:31:22 - src.controllers.flashcard_controller - INFO - FlashcardController initialized
2026-08-02 08:31:22 - src.ui.main_window - INFO - Launched FlashcardViewer
2026-08-02 08:31:24 - src.controllers.flashcard_controller - INFO - Starting deck: Sample Deck
2026-08-02 08:31:24 - src.controllers.flashcard_controller - INFO - Deck started with 20 cards to study
2026-08-02 08:31:27 - src.ui.flashcard_viewer - INFO - Returning to deck selection menu.
2026-08-02 08:31:27 - src.controllers.flashcard_controller - INFO - Ending session. Stats: {'known': 0, 'unknown': 0}
2026-08-02 08:31:38 - src.controllers.flashcard_controller - INFO - FlashcardController initialized
2026-08-02 08:31:38 - src.ui.main_window - INFO - Launched FlashcardViewer
2026-08-02 08:31:40 - src.controllers.flashcard_controller - INFO - Starting deck: Sample Deck
2026-08-02 08:31:40 - src.controllers.flashcard_controller - INFO - Deck started with 20 cards to study
2026-08-02 08:31:42 - src.ui.flashcard_viewer - INFO - Returning to deck selection menu.
2026-08-02 08:31:42 - src.controllers.flashcard_controller - INFO - Ending session. Stats: {'known': 0, 'unknown': 0}
2026-08-02 08:31:44 - root - INFO - Logging initialized. File: C:\Users\And\PythonProjects\FlashcardApp\logs\quiz_app.log
2026-08-02 08:31:44 - __main__ - INFO - Qt translations loaded for: en
2026-08-02 08:31:44 - src.logic.app_settings - DEBUG - Settings saved
2026-08-02 08:31:44 - src.logic.translator - INFO - Language changed to: en
2026-08-02 08:31:44 - src.controllers.main_controller - INFO - MainController initialized
2026-08-02 08:31:45 - src.logic.app_settings - DEBUG - Settings saved
2026-08-02 08:31:45 - src.ui.main_window - INFO - Applied light theme
2026-08-02 08:31:45 - src.logic.user_session - INFO - Session ended for: guest
2026-08-02 08:31:45 - src.controllers.main_controller - INFO - Continuing as guest
2026-08-02 08:31:45 - __main__ - INFO - Qt translations loaded for: en
2026-08-02 08:31:45 - __main__ - INFO - Application started successfully
2026-08-02 08:31:46 - src.controllers.flashcard_controller - INFO - FlashcardController initialized
2026-08-02 08:31:46 - src.ui.main_window - INFO - Launched FlashcardViewer
2026-08-02 08:31:47 - src.controllers.flashcard_controller - INFO - Starting deck: Sample Deck
2026-08-02 08:31:47 - src.controllers.flashcard_controller - INFO - Deck started with 20 cards to study
2026-08-02 08:32:02 - src.controllers.flashcard_controller - INFO - Study session complete
2026-08-02 08:32:05 - src.ui.flashcard_viewer - INFO - Returning to deck selection menu.
2026-08-02 08:32:05 - src.controllers.flashcard_controller - INFO - Ending session. Stats: {'known': 20, 'unknown': 0}
2026-08-02 08:32:32 - src.controllers.flashcard_controller - INFO - Starting deck: Sample Deck Copy
2026-08-02 08:32:32 - src.controllers.flashcard_controller - INFO - Deck started with 2 cards to study
2026-08-02 08:32:36 - src.controllers.flashcard_controller - INFO - Study session complete
2026-08-02 08:32:37 - src.ui.flashcard_viewer - INFO - Returning to deck selection menu.
2026-08-02 08:32:37 - src.controllers.flashcard_controller - INFO - Ending session. Stats: {'known': 2, 'unknown': 0}
2026-08-02 08:33:09 - src.controllers.flashcard_controller - INFO - FlashcardController initialized
2026-08-02 08:33:09 - src.ui.main_window - INFO - Launched FlashcardViewer
2026-08-02 08:33:11 - src.controllers.flashcard_controller - INFO - Starting deck: Sample Deck Copy
2026-08-02 08:33:11 - src.controllers.flashcard_controller - INFO - Deck started with 2 cards to study
2026-08-02 08:33:12 - src.controllers.flashcard_controller - INFO - Study session complete
2026-08-02 08:33:14 - src.ui.flashcard_viewer - INFO - Returning to deck selection menu.
2026-08-02 08:33:14 - src.controllers.flashcard_controller - INFO - Ending session. Stats: {'known': 2, 'unknown': 0}
2026-08-02 08:33:38 - src.controllers.flashcard_controller - INFO - FlashcardController initialized
2026-08-02 08:33:38 - src.ui.main_window - INFO - Launched FlashcardViewer
2026-08-02 08:33:40 - src.controllers.flashcard_controller - INFO - Starting deck: Sample Deck Copy
2026-08-02 08:33:40 - src.controllers.flashcard_controller - INFO - Deck started with 2 cards to study
2026-08-02 08:33:46 - src.controllers.flashcard_controller - INFO - Study session complete
2026-08-02 08:33:47 - src.ui.flashcard_viewer - INFO - Returning to deck selection menu.
2026-08-02 08:33:47 - src.controllers.flashcard_controller - INFO - Ending session. Stats: {'known': 2, 'unknown': 0}
2026-08-02 08:33:49 - src.controllers.flashcard_controller - INFO - Starting deck: Sample Deck Copy
2026-08-02 08:33:49 - src.controllers.flashcard_controller - INFO - Deck started with 2 cards to study
2026-08-02 08:33:50 - src.controllers.flashcard_controller - INFO - Study session complete
2026-08-02 08:33:50 - src.ui.flashcard_viewer - INFO - Returning to deck selection menu.
2026-08-02 08:33:50 - src.controllers.flashcard_controller - INFO - Ending session. Stats: {'known': 2, 'unknown': 0}
2026-08-02 08:33:52 - src.controllers.flashcard_controller - INFO - Starting deck: Sample Deck Copy
2026-08-02 08:33:52 - src.controllers.flashcard_controller - INFO - Deck started with 2 cards to study
2026-08-02 08:33:53 - src.controllers.flashcard_controller - INFO - Study session complete
2026-08-02 08:33:53 - src.ui.flashcard_viewer - INFO - Returning to deck selection menu.
2026-08-02 08:33:53 - src.controllers.flashcard_controller - INFO - Ending session. Stats: {'known': 2, 'unknown': 0}
2026-08-02 08:33:54 - src.controllers.flashcard_controller - INFO - Starting deck: Sample Deck Copy
2026-08-02 08:33:54 - src.controllers.flashcard_controller - INFO - Deck started with 2 cards to study
2026-08-02 08:34:34 - root - INFO - Logging initialized. File: C:\Users\And\PythonProjects\FlashcardApp\logs\quiz_app.log
2026-08-02 08:34:35 - __main__ - INFO - Qt translations loaded for: en
2026-08-02 08:34:35 - src.logic.app_settings - DEBUG - Settings saved
2026-08-02 08:34:35 - src.logic.translator - INFO - Language changed to: en
2026-08-02 08:34:35 - src.controllers.main_controller - INFO - MainController initialized
2026-08-02 08:34:35 - src.logic.app_settings - DEBUG - Settings saved
2026-08-02 08:34:35 - src.ui.main_window - INFO - Applied light theme
2026-08-02 08:34:35 - src.logic.user_session - INFO - Session ended for: guest
2026-08-02 08:34:35 - src.controllers.main_controller - INFO - Continuing as guest
2026-08-02 08:34:35 - __main__ - INFO - Qt translations loaded for: en
2026-08-02 08:34:35 - __main__ - INFO - Application started successfully
2026-08-02 08:34:36 - src.controllers.flashcard_controller - INFO - FlashcardController initialized
2026-08-02 08:34:36 - src.ui.main_window - INFO - Launched FlashcardViewer
2026-08-02 08:34:43 - src.controllers.flashcard_controller - INFO - FlashcardController initialized
2026-08-02 08:34:43 - src.ui.main_window - INFO - Launched FlashcardViewer
2026-08-02 08:34:44 - src.controllers.flashcard_controller - INFO - Starting deck: Sample Deck Copy
2026-08-02 08:34:44 - src.controllers.flashcard_controller - INFO - Deck started with 2 cards to study
2026-08-02 08:34:46 - src.ui.flashcard_viewer - INFO - Returning to deck selection menu.
2026-08-02 08:34:46 - src.controllers.flashcard_controller - INFO - Ending session. Stats: {'known': 0, 'unknown': 0}
2026-08-02 08:34:49 - root - INFO - Logging initialized. File: C:\Users\And\PythonProjects\FlashcardApp\logs\quiz_app.log
2026-08-02 08:34:49 - __main__ - INFO - Qt translations loaded for: en
2026-08-02 08:34:49 - src.logic.app_settings - DEBUG - Settings saved
2026-08-02 08:34:49 - src.logic.translator - INFO - Language changed to: en
2026-08-02 08:34:49 - src.controllers.main_controller - INFO - MainController initialized
2026-08-02 08:34:50 - src.logic.app_settings - DEBUG - Settings saved
2026-08-02 08:34:50 - src.ui.main_window - INFO - Applied light theme
2026-08-02 08:34:50 - src.logic.user_session - INFO - Session ended for: guest
2026-08-02 08:34:50 - src.controllers.main_controller - INFO - Continuing as guest
2026-08-02 08:34:50 - __main__ - INFO - Qt translations loaded for: en
2026-08-02 08:34:50 - __main__ - INFO - Application started successfully
2026-08-02 08:34:51 - src.controllers.flashcard_controller - INFO - FlashcardController initialized
2026-08-02 08:34:51 - src.ui.main_window - INFO - Launched FlashcardViewer
2026-08-02 08:34:52 - src.controllers.flashcard_controller - INFO - Starting deck: Sample Deck Copy
2026-08-02 08:34:52 - src.controllers.flashcard_controller - INFO - Deck started with 2 cards to study
2026-08-02 08:35:11 - root - INFO - Logging initialized. File: C:\Users\And\PythonProjects\FlashcardApp\logs\quiz_app.log
2026-08-02 08:35:11 - __main__ - INFO - Qt translations loaded for: en
2026-08-02 08:35:11 - src.logic.app_settings - DEBUG - Settings saved
2026-08-02 08:35:11 - src.logic.translator - INFO - Language changed to: en
2026-08-02 08:35:11 - src.controllers.main_controller - INFO - MainController initialized
2026-08-02 08:35:11 - src.logic.app_settings - DEBUG - Settings saved
2026-08-02 08:35:11 - src.ui.main_window - INFO - Applied light theme
2026-08-02 08:35:11 - src.logic.user_session - INFO - Session ended for: guest
2026-08-02 08:35:11 - src.controllers.main_controller - INFO - Continuing as guest
2026-08-02 08:35:11 - __main__ - INFO - Qt translations loaded for: en
2026-08-02 08:35:11 - __main__ - INFO - Application started successfully
2026-08-02 08:35:13 - src.controllers.flashcard_controller - INFO - FlashcardController initialized
2026-08-02 08:35:13 - src.ui.main_window - INFO - Launched FlashcardViewer
2026-08-02 08:35:21 - src.controllers.flashcard_controller - INFO - FlashcardController initialized
2026-08-02 08:35:21 - src.ui.main_window - INFO - Launched FlashcardViewer
2026-08-02 08:35:22 - src.controllers.flashcard_controller - INFO - Starting deck: Sample Deck Copy
2026-08-02 08:35:22 - src.controllers.flashcard_controller - INFO - Deck started with 2 cards to study
2026-08-02 08:35:31 - src.ui.flashcard_viewer - INFO - Returning to deck selection menu.
2026-08-02 08:35:31 - src.controllers.flashcard_controller - INFO - Ending session. Stats: {'known': 1, 'unknown': 0}
2026-08-02 08:35:33 - src.controllers.flashcard_controller - INFO - Starting deck: Sample Deck Copy
2026-08-02 08:35:33 - src.controllers.flashcard_controller - INFO - Deck started with 2 cards to study
2026-08-02 08:35:37 - src.controllers.flashcard_controller - INFO - Study session complete
2026-08-02 08:35:38 - src.ui.flashcard_viewer - INFO - Returning to deck selection menu.
2026-08-02 08:35:38 - src.controllers.flashcard_controller - INFO - Ending session. Stats: {'known': 2, 'unknown': 0}
2026-08-02 08:35:47 - src.controllers.flashcard_controller - INFO - Starting deck: Sample Deck Copy
2026-08-02 08:35:47 - src.controllers.flashcard_controller - INFO - Deck started with 2 cards to study
2026-08-02 08:35:56 - src.ui.flashcard_viewer - INFO - Returning to deck selection menu.
2026-08-02 08:35:56 - src.controllers.flashcard_controller - INFO - Ending session. Stats: {'known': 1, 'unknown': 0}
2026-08-02 08:36:00 - src.controllers.flashcard_controller - INFO - Starting deck: Sample Deck Copy
2026-08-02 08:36:00 - src.controllers.flashcard_controller - INFO - Deck started with 2 cards to study
2026-08-02 08:36:01 - src.controllers.flashcard_controller - INFO - Study session complete
2026-08-02 08:36:02 - src.ui.flashcard_viewer - INFO - Returning to deck selection menu.
2026-08-02 08:36:02 - src.controllers.flashcard_controller - INFO - Ending session. Stats: {'known': 2, 'unknown': 0}
2026-08-02 08:39:34 - root - INFO - Logging initialized. File: C:\Users\And\PythonProjects\FlashcardApp\logs\quiz_app.log
2026-08-02 08:39:35 - __main__ - INFO - Qt translations loaded for: en
2026-08-02 08:39:35 - src.logic.app_settings - DEBUG - Settings saved
2026-08-02 08:39:35 - src.logic.translator - INFO - Language changed to: en
2026-08-02 08:39:35 - src.controllers.main_controller - INFO - MainController initialized
2026-08-02 08:39:35 - src.logic.app_settings - DEBUG - Settings saved
2026-08-02 08:39:35 - src.ui.main_window - INFO - Applied light theme
2026-08-02 08:39:35 - src.logic.user_session - INFO - Session ended for: guest
2026-08-02 08:39:35 - src.controllers.main_controller - INFO - Continuing as guest
2026-08-02 08:39:35 - __main__ - INFO - Qt translations loaded for: en
2026-08-02 08:39:35 - __main__ - INFO - Application started successfully
2026-08-02 08:39:36 - src.ui.main_window - DEBUG - Opened login dialog
2026-08-02 08:39:38 - src.ui.main_window - DEBUG - Closed login dialog
2026-08-02 08:39:38 - src.logic.app_settings - DEBUG - Settings saved
2026-08-02 08:39:38 - src.ui.main_window - INFO - Applied light theme
2026-08-02 08:39:38 - src.ui.main_window - DEBUG - Settings panel shown with overlay
2026-08-02 08:39:40 - src.ui.main_window - DEBUG - Settings panel and overlay hidden
2026-08-02 08:40:24 - src.ui.main_window - INFO - Launched QuizViewer
2026-08-02 08:41:32 - src.logic.quiz_logic - INFO - Initializing Quiz with 100 questions
2026-08-02 08:41:32 - src.logic.quiz_logic - DEBUG - Shuffling entire question pool for random selection
2026-08-02 08:41:32 - src.logic.quiz_logic - INFO - Selecting 20 random questions from pool
2026-08-02 08:41:32 - src.controllers.quiz_controller - INFO - Loaded quiz 'General Quiz (Copy)' with 100 questions
2026-08-02 08:41:52 - src.controllers.flashcard_controller - INFO - FlashcardController initialized
2026-08-02 08:41:52 - src.ui.main_window - INFO - Launched FlashcardViewer
2026-08-02 08:41:57 - src.ui.main_window - INFO - Launched QuizViewer
2026-08-02 08:42:00 - src.controllers.flashcard_controller - INFO - FlashcardController initialized
2026-08-02 08:42:00 - src.ui.main_window - INFO - Launched FlashcardViewer
2026-08-02 08:42:06 - src.ui.main_window - INFO - Launched QuizViewer
2026-08-02 08:42:17 - src.controllers.flashcard_controller - INFO - FlashcardController initialized
2026-08-02 08:42:17 - src.ui.main_window - INFO - Launched FlashcardViewer
2026-08-02 08:43:06 - src.ui.main_window - INFO - Launched QuizViewer
2026-08-02 08:43:10 - src.logic.quiz_logic - INFO - Initializing Quiz with 100 questions
2026-08-02 08:43:10 - src.logic.quiz_logic - DEBUG - Shuffling entire question pool for random selection
2026-08-02 08:43:10 - src.logic.quiz_logic - INFO - Selecting 20 random questions from pool
2026-08-02 08:43:10 - src.controllers.quiz_controller - INFO - Loaded quiz 'General Quiz' with 100 questions
2026-08-02 08:45:36 - src.logic.quiz_logic - INFO - Initializing Quiz with 100 questions
2026-08-02 08:45:36 - src.logic.quiz_logic - DEBUG - Shuffling entire question pool for random selection
2026-08-02 08:45:36 - src.logic.quiz_logic - INFO - Selecting 20 random questions from pool
2026-08-02 08:45:36 - src.controllers.quiz_controller - INFO - Loaded quiz 'General Quiz' with 100 questions
2026-08-02 08:45:38 - src.controllers.quiz_controller - INFO - Controller: Saved answer for 'What is the largest planet in ...' Total saved: 1
2026-08-02 08:45:42 - src.controllers.quiz_controller - INFO - Controller: Saved answer for 'Match country to capital:...' Total saved: 2
2026-08-02 08:45:42 - src.controllers.quiz_controller - INFO - Controller: Saved answer for 'Order historical periods:...' Total saved: 3
2026-08-02 08:45:45 - src.controllers.quiz_controller - INFO - Controller: Saved answer for 'Which planet is famous for its...' Total saved: 4
2026-08-02 08:45:49 - src.controllers.quiz_controller - INFO - Controller: Saved answer for 'Order these computers by relea...' Total saved: 5
2026-08-02 08:46:38 - src.logic.quiz_logic - INFO - Initializing Quiz with 100 questions
2026-08-02 08:46:38 - src.logic.quiz_logic - DEBUG - Shuffling entire question pool for random selection
2026-08-02 08:46:38 - src.logic.quiz_logic - INFO - Selecting 20 random questions from pool
2026-08-02 08:46:38 - src.controllers.quiz_controller - INFO - Loaded quiz 'General Quiz' with 100 questions
2026-08-02 08:47:06 - src.controllers.quiz_controller - INFO - Controller: Saved answer for 'Which organ pumps blood throug...' Total saved: 1
2026-08-02 11:26:41 - root - INFO - Logging initialized. File: C:\Users\And\PythonProjects\FlashcardApp\logs\quiz_app.log
2026-08-02 11:26:41 - __main__ - INFO - Qt translations loaded for: en
2026-08-02 11:26:41 - src.logic.app_settings - DEBUG - Settings saved
2026-08-02 11:26:41 - src.logic.translator - INFO - Language changed to: en
2026-08-02 11:26:41 - src.controllers.main_controller - INFO - MainController initialized
2026-08-02 11:26:48 - src.logic.app_settings - DEBUG - Settings saved
2026-08-02 11:26:48 - src.ui.main_window - INFO - Applied light theme
2026-08-02 11:26:48 - src.logic.user_session - INFO - Session ended for: guest
2026-08-02 11:26:48 - src.controllers.main_controller - INFO - Continuing as guest
2026-08-02 11:26:48 - __main__ - INFO - Qt translations loaded for: en
2026-08-02 11:26:48 - __main__ - INFO - Application started successfully
2026-08-02 11:26:59 - src.ui.main_window - INFO - Launched QuizViewer
2026-08-02 11:27:01 - src.logic.quiz_logic - INFO - Initializing Quiz with 100 questions
2026-08-02 11:27:01 - src.logic.quiz_logic - DEBUG - Shuffling entire question pool for random selection
2026-08-02 11:27:01 - src.logic.quiz_logic - INFO - Selecting 20 random questions from pool
2026-08-02 11:27:01 - src.controllers.quiz_controller - INFO - Loaded quiz 'General Quiz' with 100 questions
2026-08-02 11:27:05 - src.controllers.quiz_controller - INFO - Controller: Saved answer for 'What is the capital of Spain?...' Total saved: 1
2026-08-02 11:27:06 - src.controllers.quiz_controller - INFO - Controller: Saved answer for 'Which planet has the most moon...' Total saved: 2
2026-08-02 11:27:07 - src.controllers.quiz_controller - INFO - Controller: Saved answer for 'Which metal is used in thermom...' Total saved: 3
2026-08-02 11:27:11 - src.controllers.quiz_controller - INFO - Controller: Saved answer for 'Match author to book:...' Total saved: 4
2026-08-02 11:27:16 - src.controllers.quiz_controller - INFO - Controller: Saved answer for 'Which organ pumps blood throug...' Total saved: 5
2026-08-02 11:40:01 - root - INFO - Logging initialized. File: C:\Users\And\PythonProjects\FlashcardApp\logs\quiz_app.log
2026-08-02 11:40:01 - __main__ - INFO - Qt translations loaded for: en
2026-08-02 11:40:01 - src.logic.app_settings - DEBUG - Settings saved
2026-08-02 11:40:01 - src.logic.translator - INFO - Language changed to: en
2026-08-02 11:40:01 - src.controllers.main_controller - INFO - MainController initialized
2026-08-02 11:40:05 - src.logic.app_settings - DEBUG - Settings saved
2026-08-02 11:40:05 - src.ui.main_window - INFO - Applied light theme
2026-08-02 11:40:05 - src.logic.user_session - INFO - Session ended for: guest
2026-08-02 11:40:05 - src.controllers.main_controller - INFO - Continuing as guest
2026-08-02 11:40:05 - __main__ - INFO - Qt translations loaded for: en
2026-08-02 11:40:05 - __main__ - INFO - Application started successfully
2026-08-02 11:40:07 - src.logic.app_settings - DEBUG - Settings saved
2026-08-02 11:40:07 - src.ui.main_window - INFO - Applied light theme
2026-08-02 11:40:07 - src.ui.main_window - DEBUG - Settings panel shown with overlay
2026-08-02 11:40:08 - src.ui.main_window - DEBUG - Settings panel and overlay hidden
2026-08-02 11:40:09 - src.ui.main_window - DEBUG - Settings panel shown with overlay
2026-08-02 11:40:11 - src.ui.main_window - INFO - Cleared 0 quiz progress files for the active user
2026-08-02 11:40:11 - src.ui.main_window - DEBUG - Settings panel and overlay hidden
2026-08-02 11:40:13 - src.ui.main_window - INFO - Launched QuizViewer
2026-08-02 11:40:20 - src.controllers.flashcard_controller - INFO - FlashcardController initialized
2026-08-02 11:40:20 - src.ui.main_window - INFO - Launched FlashcardViewer
2026-08-02 11:40:23 - src.ui.main_window - INFO - Launched QuizViewer
2026-08-02 11:43:39 - src.logic.quiz_logic - INFO - Initializing Quiz with 100 questions
2026-08-02 11:43:39 - src.logic.quiz_logic - DEBUG - Shuffling entire question pool for random selection
2026-08-02 11:43:39 - src.logic.quiz_logic - INFO - Selecting 20 random questions from pool
2026-08-02 11:43:39 - src.controllers.quiz_controller - INFO - Loaded quiz 'General Quiz' with 100 questions
2026-08-02 11:43:43 - src.controllers.quiz_controller - INFO - Controller: Saved answer for 'Match author to book:...' Total saved: 1
2026-08-02 11:43:46 - src.controllers.quiz_controller - INFO - Controller: Saved answer for 'Order the cooking steps:...' Total saved: 2
2026-08-02 11:43:49 - src.controllers.quiz_controller - INFO - Controller: Saved answer for 'Which device stores digital da...' Total saved: 3
2026-08-02 11:47:28 - src.logic.quiz_logic - INFO - Initializing Quiz with 6 questions
2026-08-02 11:47:28 - src.logic.quiz_logic - DEBUG - Shuffling entire question pool for random selection
2026-08-02 11:47:28 - src.controllers.quiz_controller - INFO - Loaded quiz 'General Quiz (Copy)' with 6 questions
2026-08-02 11:47:34 - src.controllers.quiz_controller - INFO - Controller: Saved answer for 'Order the colors of a rainbow ...' Total saved: 1
2026-08-02 11:49:18 - root - INFO - Logging initialized. File: C:\Users\And\PythonProjects\FlashcardApp\logs\quiz_app.log
2026-08-02 11:49:18 - __main__ - INFO - Qt translations loaded for: en
2026-08-02 11:49:18 - src.logic.app_settings - DEBUG - Settings saved
2026-08-02 11:49:18 - src.logic.translator - INFO - Language changed to: en
2026-08-02 11:49:18 - src.controllers.main_controller - INFO - MainController initialized
2026-08-02 11:49:19 - src.logic.app_settings - DEBUG - Settings saved
2026-08-02 11:49:19 - src.ui.main_window - INFO - Applied light theme
2026-08-02 11:49:19 - src.logic.user_session - INFO - Session ended for: guest
2026-08-02 11:49:19 - src.controllers.main_controller - INFO - Continuing as guest
2026-08-02 11:49:19 - __main__ - INFO - Qt translations loaded for: en
2026-08-02 11:49:19 - __main__ - INFO - Application started successfully
2026-08-02 11:49:20 - src.ui.main_window - INFO - Launched QuizViewer
2026-08-02 11:49:22 - src.logic.quiz_logic - INFO - Initializing Quiz with 6 questions
2026-08-02 11:49:22 - src.logic.quiz_logic - DEBUG - Shuffling entire question pool for random selection
2026-08-02 11:49:22 - src.controllers.quiz_controller - INFO - Loaded quiz 'General Quiz (Copy)' with 6 questions
2026-08-02 11:49:24 - src.controllers.quiz_controller - INFO - Controller: Saved answer for 'Select all fruits:...' Total saved: 1
2026-08-02 11:49:26 - src.controllers.quiz_controller - INFO - Controller: Saved answer for 'Order the colors of a rainbow ...' Total saved: 2
2026-08-02 11:49:27 - src.controllers.quiz_controller - INFO - Controller: Saved answer for 'The human skeleton has more th...' Total saved: 3
2026-08-02 11:49:29 - src.controllers.quiz_controller - INFO - Controller: Saved answer for 'Which planet has the most moon...' Total saved: 4
2026-08-02 11:49:31 - src.controllers.quiz_controller - INFO - Controller: Saved answer for 'What is the capital city of Ja...' Total saved: 5
2026-08-02 11:49:33 - src.controllers.quiz_controller - INFO - Controller: Saved answer for 'Match country to capital:...' Total saved: 6
2026-08-02 11:50:05 - root - INFO - Logging initialized. File: C:\Users\And\PythonProjects\FlashcardApp\logs\quiz_app.log
2026-08-02 11:50:05 - __main__ - INFO - Qt translations loaded for: en
2026-08-02 11:50:05 - src.logic.app_settings - DEBUG - Settings saved
2026-08-02 11:50:05 - src.logic.translator - INFO - Language changed to: en
2026-08-02 11:50:05 - src.controllers.main_controller - INFO - MainController initialized
2026-08-02 11:50:06 - src.logic.app_settings - DEBUG - Settings saved
2026-08-02 11:50:06 - src.ui.main_window - INFO - Applied light theme
2026-08-02 11:50:06 - src.logic.user_session - INFO - Session ended for: guest
2026-08-02 11:50:06 - src.controllers.main_controller - INFO - Continuing as guest
2026-08-02 11:50:06 - __main__ - INFO - Qt translations loaded for: en
2026-08-02 11:50:06 - __main__ - INFO - Application started successfully
2026-08-02 11:50:07 - src.ui.main_window - INFO - Launched QuizViewer
2026-08-02 11:50:09 - src.logic.quiz_logic - INFO - Initializing Quiz with 6 questions
2026-08-02 11:50:09 - src.logic.quiz_logic - DEBUG - Shuffling entire question pool for random selection
2026-08-02 11:50:09 - src.controllers.quiz_controller - INFO - Loaded quiz 'General Quiz (Copy)' with 6 questions
2026-08-02 11:50:22 - src.logic.quiz_logic - INFO - Initializing Quiz with 6 questions
2026-08-02 11:50:22 - src.logic.quiz_logic - DEBUG - Shuffling entire question pool for random selection
2026-08-02 11:50:22 - src.controllers.quiz_controller - INFO - Loaded quiz 'General Quiz (Copy)' with 6 questions
2026-08-02 11:50:24 - src.controllers.quiz_controller - INFO - Controller: Saved answer for 'What is the capital city of Ja...' Total saved: 1
2026-08-02 11:50:26 - src.controllers.quiz_controller - INFO - Controller: Saved answer for 'Match country to capital:...' Total saved: 2
2026-08-02 11:50:28 - src.controllers.quiz_controller - INFO - Controller: Saved answer for 'Which planet has the most moon...' Total saved: 3
2026-08-02 11:50:29 - src.controllers.quiz_controller - INFO - Controller: Saved answer for 'The human skeleton has more th...' Total saved: 4
2026-08-02 11:50:30 - src.controllers.quiz_controller - INFO - Controller: Saved answer for 'Select all fruits:...' Total saved: 5
2026-08-02 11:50:52 - src.logic.quiz_logic - INFO - Initializing Quiz with 5 questions
2026-08-02 11:50:52 - src.logic.quiz_logic - DEBUG - Shuffling entire question pool for random selection
2026-08-02 11:50:52 - src.controllers.quiz_controller - INFO - Loaded quiz 'General Quiz (Copy)' with 6 questions
2026-08-02 11:51:00 - src.ui.main_window - DEBUG - Opened login dialog
2026-08-02 11:51:04 - src.ui.main_window - DEBUG - Closed login dialog
2026-08-02 11:51:04 - src.logic.app_settings - DEBUG - Settings saved
2026-08-02 11:51:04 - src.ui.main_window - INFO - Applied light theme
2026-08-02 11:51:04 - src.ui.main_window - DEBUG - Settings panel shown with overlay
2026-08-02 11:51:06 - src.ui.main_window - INFO - Cleared 2 flashcard progress files for the active user
2026-08-02 11:51:07 - src.ui.main_window - INFO - Cleared 0 quiz progress files for the active user
2026-08-02 11:51:07 - src.ui.main_window - DEBUG - Settings panel and overlay hidden
2026-08-02 11:51:08 - src.controllers.flashcard_controller - INFO - FlashcardController initialized
2026-08-02 11:51:08 - src.ui.main_window - INFO - Launched FlashcardViewer
2026-08-02 11:51:14 - src.ui.main_window - DEBUG - Settings panel shown with overlay
2026-08-02 11:51:16 - src.ui.main_window - INFO - Cleared 0 flashcard progress files for the active user
2026-08-02 11:51:18 - src.ui.main_window - INFO - Cleared 0 quiz progress files for the active user
2026-08-02 11:54:00 - src.ui.main_window - DEBUG - Settings panel and overlay hidden
2026-08-02 19:32:43 - root - INFO - Logging initialized. File: C:\Users\And\PythonProjects\FlashcardApp\logs\quiz_app.log
2026-08-02 19:32:43 - __main__ - INFO - Qt translations loaded for: en
2026-08-02 19:32:43 - src.logic.app_settings - DEBUG - Settings saved
2026-08-02 19:32:43 - src.logic.translator - INFO - Language changed to: en
2026-08-02 19:32:43 - src.controllers.main_controller - INFO - MainController initialized
2026-08-02 19:32:43 - src.logic.app_settings - DEBUG - Settings saved
2026-08-02 19:32:43 - src.ui.main_window - INFO - Applied light theme
2026-08-02 19:32:43 - src.logic.user_session - INFO - Session ended for: guest
2026-08-02 19:32:43 - src.controllers.main_controller - INFO - Continuing as guest
2026-08-02 19:32:43 - __main__ - INFO - Qt translations loaded for: en
2026-08-02 19:32:43 - __main__ - INFO - Application started successfully
2026-08-02 19:32:45 - src.storage.quiz_repository - DEBUG - No saved quiz progress for user 'guest' at C:\Users\And\PythonProjects\FlashcardApp\data\quizzes\4d6e1a55-f5bd-4ec6-9911-5318ef748a9a\progress\guest.json
2026-08-02 19:32:45 - src.storage.quiz_repository - DEBUG - No saved quiz progress for user 'guest' at C:\Users\And\PythonProjects\FlashcardApp\data\quizzes\da5430fa-b771-4262-9383-90e4e3abc3f0\progress\guest.json
2026-08-02 19:32:45 - src.storage.quiz_repository - DEBUG - No saved quiz progress for user 'guest' at C:\Users\And\PythonProjects\FlashcardApp\data\quizzes\4d6e1a55-f5bd-4ec6-9911-5318ef748a9a\progress\guest.json
2026-08-02 19:32:45 - src.storage.quiz_repository - DEBUG - No saved quiz progress for user 'guest' at C:\Users\And\PythonProjects\FlashcardApp\data\quizzes\da5430fa-b771-4262-9383-90e4e3abc3f0\progress\guest.json
2026-08-02 19:32:45 - src.ui.main_window - INFO - Launched QuizViewer
2026-08-02 19:32:46 - src.storage.quiz_repository - DEBUG - No saved quiz progress for user 'guest' at C:\Users\And\PythonProjects\FlashcardApp\data\quizzes\4d6e1a55-f5bd-4ec6-9911-5318ef748a9a\progress\guest.json
2026-08-02 19:32:46 - src.storage.quiz_repository - DEBUG - No saved quiz progress for user 'guest' at C:\Users\And\PythonProjects\FlashcardApp\data\quizzes\da5430fa-b771-4262-9383-90e4e3abc3f0\progress\guest.json
2026-08-02 19:32:46 - src.storage.quiz_repository - DEBUG - No saved quiz progress for user 'guest' at C:\Users\And\PythonProjects\FlashcardApp\data\quizzes\da5430fa-b771-4262-9383-90e4e3abc3f0\progress\guest.json
2026-08-02 19:32:46 - src.logic.quiz_logic - INFO - Initializing Quiz with 6 questions
2026-08-02 19:32:46 - src.logic.quiz_logic - DEBUG - Shuffling entire question pool for random selection
2026-08-02 19:32:46 - src.controllers.quiz_controller - INFO - Loaded quiz 'General Quiz (Copy)' for user 'guest': 6 total, 6 learning questions
2026-08-02 19:32:49 - src.storage.quiz_repository - DEBUG - Saved progress for user 'guest' to C:\Users\And\PythonProjects\FlashcardApp\data\quizzes\da5430fa-b771-4262-9383-90e4e3abc3f0\progress\guest.json (1 question records)
2026-08-02 19:32:49 - src.controllers.quiz_controller - DEBUG - Updated attempts for question 'fba875bc': correct=1 wrong=0
2026-08-02 19:32:49 - src.controllers.quiz_controller - INFO - Recorded correct attempt for quiz question 'fba875bc' (session answers: 1)
2026-08-02 19:32:50 - src.storage.quiz_repository - DEBUG - Saved progress for user 'guest' to C:\Users\And\PythonProjects\FlashcardApp\data\quizzes\da5430fa-b771-4262-9383-90e4e3abc3f0\progress\guest.json (2 question records)
2026-08-02 19:32:50 - src.controllers.quiz_controller - DEBUG - Updated attempts for question '4f7afa52': correct=0 wrong=1
2026-08-02 19:32:50 - src.controllers.quiz_controller - INFO - Recorded wrong attempt for quiz question '4f7afa52' (session answers: 2)
2026-08-02 19:32:52 - src.storage.quiz_repository - DEBUG - Saved progress for user 'guest' to C:\Users\And\PythonProjects\FlashcardApp\data\quizzes\da5430fa-b771-4262-9383-90e4e3abc3f0\progress\guest.json (3 question records)
2026-08-02 19:32:52 - src.controllers.quiz_controller - DEBUG - Updated attempts for question 'a6d54666': correct=0 wrong=1
2026-08-02 19:32:52 - src.controllers.quiz_controller - INFO - Recorded wrong attempt for quiz question 'a6d54666' (session answers: 3)
2026-08-02 19:32:53 - src.storage.quiz_repository - DEBUG - Saved progress for user 'guest' to C:\Users\And\PythonProjects\FlashcardApp\data\quizzes\da5430fa-b771-4262-9383-90e4e3abc3f0\progress\guest.json (4 question records)
2026-08-02 19:32:53 - src.controllers.quiz_controller - DEBUG - Updated attempts for question 'aba262e2': correct=0 wrong=1
2026-08-02 19:32:53 - src.controllers.quiz_controller - INFO - Recorded wrong attempt for quiz question 'aba262e2' (session answers: 4)
2026-08-02 19:32:56 - src.storage.quiz_repository - DEBUG - Saved progress for user 'guest' to C:\Users\And\PythonProjects\FlashcardApp\data\quizzes\da5430fa-b771-4262-9383-90e4e3abc3f0\progress\guest.json (5 question records)
2026-08-02 19:32:56 - src.controllers.quiz_controller - DEBUG - Updated attempts for question 'bdcab1c9': correct=0 wrong=1
2026-08-02 19:32:56 - src.controllers.quiz_controller - INFO - Recorded wrong attempt for quiz question 'bdcab1c9' (session answers: 5)
2026-08-02 19:32:57 - src.storage.quiz_repository - DEBUG - Saved progress for user 'guest' to C:\Users\And\PythonProjects\FlashcardApp\data\quizzes\da5430fa-b771-4262-9383-90e4e3abc3f0\progress\guest.json (6 question records)
2026-08-02 19:32:57 - src.controllers.quiz_controller - DEBUG - Updated attempts for question 'e92d4a97': correct=0 wrong=1
2026-08-02 19:32:57 - src.controllers.quiz_controller - INFO - Recorded wrong attempt for quiz question 'e92d4a97' (session answers: 6)
2026-08-02 19:33:10 - src.storage.quiz_repository - DEBUG - No saved quiz progress for user 'guest' at C:\Users\And\PythonProjects\FlashcardApp\data\quizzes\4d6e1a55-f5bd-4ec6-9911-5318ef748a9a\progress\guest.json
2026-08-02 19:33:10 - src.storage.quiz_repository - DEBUG - Loaded progress for user 'guest' from C:\Users\And\PythonProjects\FlashcardApp\data\quizzes\da5430fa-b771-4262-9383-90e4e3abc3f0\progress\guest.json (6 question records)
2026-08-02 19:33:13 - src.logic.app_settings - DEBUG - Settings saved
2026-08-02 19:33:13 - src.ui.main_window - INFO - Applied light theme
2026-08-02 19:33:13 - src.ui.main_window - DEBUG - Settings panel shown with overlay
2026-08-02 19:33:15 - src.storage.quiz_repository - INFO - No quiz progress to reset for user 'guest' at C:\Users\And\PythonProjects\FlashcardApp\data\quizzes\4d6e1a55-f5bd-4ec6-9911-5318ef748a9a\progress\guest.json
2026-08-02 19:33:15 - src.storage.quiz_repository - INFO - Reset quiz progress for user 'guest' at C:\Users\And\PythonProjects\FlashcardApp\data\quizzes\da5430fa-b771-4262-9383-90e4e3abc3f0\progress\guest.json
2026-08-02 19:33:15 - src.storage.quiz_repository - INFO - Cleared progress for user 'guest' from 1 quizzes
2026-08-02 19:33:15 - src.ui.main_window - INFO - Cleared 1 quiz progress files for the active user
2026-08-02 19:33:18 - src.logic.app_settings - DEBUG - Settings saved
2026-08-02 19:33:18 - src.logic.translator - INFO - Language changed to: fr
2026-08-02 19:33:18 - src.main - INFO - Qt translations loaded for: fr
2026-08-02 19:33:18 - src.controllers.main_controller - INFO - Language changed to: fr
2026-08-02 19:33:18 - src.ui.main_window - DEBUG - Settings panel retranslated
2026-08-02 19:33:18 - src.ui.main_window - INFO - Language changed to: fr
2026-08-02 19:33:18 - src.ui.main_window - DEBUG - Settings panel and overlay hidden
2026-08-02 19:33:19 - src.storage.quiz_repository - DEBUG - No saved quiz progress for user 'guest' at C:\Users\And\PythonProjects\FlashcardApp\data\quizzes\4d6e1a55-f5bd-4ec6-9911-5318ef748a9a\progress\guest.json
2026-08-02 19:33:19 - src.storage.quiz_repository - DEBUG - No saved quiz progress for user 'guest' at C:\Users\And\PythonProjects\FlashcardApp\data\quizzes\da5430fa-b771-4262-9383-90e4e3abc3f0\progress\guest.json
2026-08-02 19:33:19 - src.storage.quiz_repository - DEBUG - No saved quiz progress for user 'guest' at C:\Users\And\PythonProjects\FlashcardApp\data\quizzes\4d6e1a55-f5bd-4ec6-9911-5318ef748a9a\progress\guest.json
2026-08-02 19:33:19 - src.storage.quiz_repository - DEBUG - No saved quiz progress for user 'guest' at C:\Users\And\PythonProjects\FlashcardApp\data\quizzes\da5430fa-b771-4262-9383-90e4e3abc3f0\progress\guest.json
2026-08-02 19:33:19 - src.ui.main_window - INFO - Launched QuizViewer
2026-08-02 19:33:32 - src.storage.quiz_repository - DEBUG - No saved quiz progress for user 'guest' at C:\Users\And\PythonProjects\FlashcardApp\data\quizzes\4d6e1a55-f5bd-4ec6-9911-5318ef748a9a\progress\guest.json
2026-08-02 19:33:32 - src.storage.quiz_repository - DEBUG - No saved quiz progress for user 'guest' at C:\Users\And\PythonProjects\FlashcardApp\data\quizzes\da5430fa-b771-4262-9383-90e4e3abc3f0\progress\guest.json
2026-08-02 19:33:32 - src.storage.quiz_repository - DEBUG - No saved quiz progress for user 'guest' at C:\Users\And\PythonProjects\FlashcardApp\data\quizzes\4d6e1a55-f5bd-4ec6-9911-5318ef748a9a\progress\guest.json
2026-08-02 19:33:32 - src.storage.quiz_repository - DEBUG - No saved quiz progress for user 'guest' at C:\Users\And\PythonProjects\FlashcardApp\data\quizzes\da5430fa-b771-4262-9383-90e4e3abc3f0\progress\guest.json
2026-08-02 19:33:32 - src.ui.main_window - INFO - Launched QuizViewer
2026-08-02 19:33:33 - src.storage.quiz_repository - DEBUG - No saved quiz progress for user 'guest' at C:\Users\And\PythonProjects\FlashcardApp\data\quizzes\4d6e1a55-f5bd-4ec6-9911-5318ef748a9a\progress\guest.json
2026-08-02 19:33:33 - src.storage.quiz_repository - DEBUG - No saved quiz progress for user 'guest' at C:\Users\And\PythonProjects\FlashcardApp\data\quizzes\da5430fa-b771-4262-9383-90e4e3abc3f0\progress\guest.json
2026-08-02 19:33:33 - src.storage.quiz_repository - DEBUG - No saved quiz progress for user 'guest' at C:\Users\And\PythonProjects\FlashcardApp\data\quizzes\da5430fa-b771-4262-9383-90e4e3abc3f0\progress\guest.json
2026-08-02 19:33:33 - src.logic.quiz_logic - INFO - Initializing Quiz with 6 questions
2026-08-02 19:33:33 - src.logic.quiz_logic - DEBUG - Shuffling entire question pool for random selection
2026-08-02 19:33:33 - src.controllers.quiz_controller - INFO - Loaded quiz 'General Quiz (Copy)' for user 'guest': 6 total, 6 learning questions
2026-08-02 19:33:44 - src.storage.quiz_repository - DEBUG - No saved quiz progress for user 'guest' at C:\Users\And\PythonProjects\FlashcardApp\data\quizzes\4d6e1a55-f5bd-4ec6-9911-5318ef748a9a\progress\guest.json
2026-08-02 19:33:44 - src.storage.quiz_repository - DEBUG - No saved quiz progress for user 'guest' at C:\Users\And\PythonProjects\FlashcardApp\data\quizzes\da5430fa-b771-4262-9383-90e4e3abc3f0\progress\guest.json
2026-08-02 19:33:46 - src.controllers.flashcard_controller - INFO - FlashcardController initialized
2026-08-02 19:33:46 - src.storage.flashcard_repository - DEBUG - No saved deck progress for user 'guest' at C:\Users\And\PythonProjects\FlashcardApp\data\flashcards\073af40a-153f-4940-a305-5f4b764f92c4\progress\guest.json
2026-08-02 19:33:46 - src.storage.flashcard_repository - DEBUG - No saved deck progress for user 'guest' at C:\Users\And\PythonProjects\FlashcardApp\data\flashcards\8f348fc7-0545-413c-96c6-52b0800b4ef0\progress\guest.json
2026-08-02 19:33:46 - src.storage.flashcard_repository - DEBUG - No saved deck progress for user 'guest' at C:\Users\And\PythonProjects\FlashcardApp\data\flashcards\073af40a-153f-4940-a305-5f4b764f92c4\progress\guest.json
2026-08-02 19:33:46 - src.storage.flashcard_repository - DEBUG - No saved deck progress for user 'guest' at C:\Users\And\PythonProjects\FlashcardApp\data\flashcards\8f348fc7-0545-413c-96c6-52b0800b4ef0\progress\guest.json
2026-08-02 19:33:46 - src.ui.main_window - INFO - Launched FlashcardViewer
2026-08-02 19:33:50 - src.ui.main_window - DEBUG - Settings panel shown with overlay
2026-08-02 19:33:53 - src.logic.app_settings - DEBUG - Settings saved
2026-08-02 19:33:53 - src.logic.translator - INFO - Language changed to: en
2026-08-02 19:33:53 - src.main - INFO - Qt translations loaded for: en
2026-08-02 19:33:53 - src.controllers.main_controller - INFO - Language changed to: en
2026-08-02 19:33:53 - src.ui.main_window - DEBUG - Settings panel retranslated
2026-08-02 19:33:53 - src.ui.main_window - INFO - Language changed to: en
2026-08-02 19:33:53 - src.ui.main_window - DEBUG - Settings panel and overlay hidden
2026-08-02 19:33:54 - src.controllers.flashcard_controller - INFO - FlashcardController initialized
2026-08-02 19:33:54 - src.storage.flashcard_repository - DEBUG - No saved deck progress for user 'guest' at C:\Users\And\PythonProjects\FlashcardApp\data\flashcards\073af40a-153f-4940-a305-5f4b764f92c4\progress\guest.json
2026-08-02 19:33:54 - src.storage.flashcard_repository - DEBUG - No saved deck progress for user 'guest' at C:\Users\And\PythonProjects\FlashcardApp\data\flashcards\8f348fc7-0545-413c-96c6-52b0800b4ef0\progress\guest.json
2026-08-02 19:33:54 - src.storage.flashcard_repository - DEBUG - No saved deck progress for user 'guest' at C:\Users\And\PythonProjects\FlashcardApp\data\flashcards\073af40a-153f-4940-a305-5f4b764f92c4\progress\guest.json
2026-08-02 19:33:54 - src.storage.flashcard_repository - DEBUG - No saved deck progress for user 'guest' at C:\Users\And\PythonProjects\FlashcardApp\data\flashcards\8f348fc7-0545-413c-96c6-52b0800b4ef0\progress\guest.json
2026-08-02 19:33:54 - src.ui.main_window - INFO - Launched FlashcardViewer
2026-08-02 19:33:57 - src.storage.flashcard_repository - DEBUG - No saved deck progress for user 'guest' at C:\Users\And\PythonProjects\FlashcardApp\data\flashcards\073af40a-153f-4940-a305-5f4b764f92c4\progress\guest.json
2026-08-02 19:33:57 - src.storage.flashcard_repository - DEBUG - No saved deck progress for user 'guest' at C:\Users\And\PythonProjects\FlashcardApp\data\flashcards\8f348fc7-0545-413c-96c6-52b0800b4ef0\progress\guest.json
2026-08-02 19:33:57 - src.controllers.flashcard_controller - INFO - Starting deck 'Sample Deck Copy' for user 'guest'
2026-08-02 19:33:57 - src.storage.flashcard_repository - DEBUG - No saved deck progress for user 'guest' at C:\Users\And\PythonProjects\FlashcardApp\data\flashcards\8f348fc7-0545-413c-96c6-52b0800b4ef0\progress\guest.json
2026-08-02 19:33:57 - src.controllers.flashcard_controller - INFO - Deck 'Sample Deck Copy' started: 2 total cards, 2 cards in learning queue
2026-08-02 19:33:58 - src.storage.flashcard_repository - DEBUG - Saved progress for user 'guest' to C:\Users\And\PythonProjects\FlashcardApp\data\flashcards\8f348fc7-0545-413c-96c6-52b0800b4ef0\progress\guest.json (1 card records)
2026-08-02 19:33:58 - src.controllers.flashcard_controller - INFO - Recorded correct attempt for flashcard '66cac1b9-229f-431e-b1b7-b95573389fd5': correct=1 wrong=0
2026-08-02 19:33:59 - src.storage.flashcard_repository - DEBUG - Saved progress for user 'guest' to C:\Users\And\PythonProjects\FlashcardApp\data\flashcards\8f348fc7-0545-413c-96c6-52b0800b4ef0\progress\guest.json (2 card records)
2026-08-02 19:33:59 - src.controllers.flashcard_controller - INFO - Recorded correct attempt for flashcard 'da37e2d4-5d91-40ea-9774-a27e7e5f5ba7': correct=1 wrong=0
2026-08-02 19:33:59 - src.controllers.flashcard_controller - INFO - Study session complete
2026-08-02 19:33:59 - src.ui.flashcard_viewer - INFO - Returning to deck selection menu.
2026-08-02 19:33:59 - src.storage.flashcard_repository - DEBUG - No saved deck progress for user 'guest' at C:\Users\And\PythonProjects\FlashcardApp\data\flashcards\073af40a-153f-4940-a305-5f4b764f92c4\progress\guest.json
2026-08-02 19:33:59 - src.storage.flashcard_repository - DEBUG - Loaded progress for user 'guest' from C:\Users\And\PythonProjects\FlashcardApp\data\flashcards\8f348fc7-0545-413c-96c6-52b0800b4ef0\progress\guest.json (2 card records)
2026-08-02 19:33:59 - src.controllers.flashcard_controller - INFO - Ending session. Stats: {'known': 2, 'unknown': 0}
2026-08-02 19:34:01 - src.storage.flashcard_repository - DEBUG - No saved deck progress for user 'guest' at C:\Users\And\PythonProjects\FlashcardApp\data\flashcards\073af40a-153f-4940-a305-5f4b764f92c4\progress\guest.json
2026-08-02 19:34:01 - src.storage.flashcard_repository - DEBUG - Loaded progress for user 'guest' from C:\Users\And\PythonProjects\FlashcardApp\data\flashcards\8f348fc7-0545-413c-96c6-52b0800b4ef0\progress\guest.json (2 card records)
2026-08-02 19:34:01 - src.controllers.flashcard_controller - INFO - Starting deck 'Sample Deck Copy' for user 'guest'
2026-08-02 19:34:01 - src.storage.flashcard_repository - DEBUG - Loaded progress for user 'guest' from C:\Users\And\PythonProjects\FlashcardApp\data\flashcards\8f348fc7-0545-413c-96c6-52b0800b4ef0\progress\guest.json (2 card records)
2026-08-02 19:34:01 - src.controllers.flashcard_controller - INFO - Deck 'Sample Deck Copy' started: 2 total cards, 2 cards in learning queue
2026-08-02 19:34:01 - src.storage.flashcard_repository - DEBUG - Saved progress for user 'guest' to C:\Users\And\PythonProjects\FlashcardApp\data\flashcards\8f348fc7-0545-413c-96c6-52b0800b4ef0\progress\guest.json (2 card records)
2026-08-02 19:34:01 - src.controllers.flashcard_controller - INFO - Recorded correct attempt for flashcard 'da37e2d4-5d91-40ea-9774-a27e7e5f5ba7': correct=2 wrong=0
2026-08-02 19:34:02 - src.storage.flashcard_repository - DEBUG - Saved progress for user 'guest' to C:\Users\And\PythonProjects\FlashcardApp\data\flashcards\8f348fc7-0545-413c-96c6-52b0800b4ef0\progress\guest.json (2 card records)
2026-08-02 19:34:02 - src.controllers.flashcard_controller - INFO - Recorded correct attempt for flashcard '66cac1b9-229f-431e-b1b7-b95573389fd5': correct=2 wrong=0
2026-08-02 19:34:02 - src.controllers.flashcard_controller - INFO - Study session complete
2026-08-02 19:34:02 - src.ui.flashcard_viewer - INFO - Returning to deck selection menu.
2026-08-02 19:34:02 - src.storage.flashcard_repository - DEBUG - No saved deck progress for user 'guest' at C:\Users\And\PythonProjects\FlashcardApp\data\flashcards\073af40a-153f-4940-a305-5f4b764f92c4\progress\guest.json
2026-08-02 19:34:02 - src.storage.flashcard_repository - DEBUG - Loaded progress for user 'guest' from C:\Users\And\PythonProjects\FlashcardApp\data\flashcards\8f348fc7-0545-413c-96c6-52b0800b4ef0\progress\guest.json (2 card records)
2026-08-02 19:34:02 - src.controllers.flashcard_controller - INFO - Ending session. Stats: {'known': 2, 'unknown': 0}
2026-08-02 19:34:03 - src.storage.flashcard_repository - DEBUG - No saved deck progress for user 'guest' at C:\Users\And\PythonProjects\FlashcardApp\data\flashcards\073af40a-153f-4940-a305-5f4b764f92c4\progress\guest.json
2026-08-02 19:34:03 - src.storage.flashcard_repository - DEBUG - Loaded progress for user 'guest' from C:\Users\And\PythonProjects\FlashcardApp\data\flashcards\8f348fc7-0545-413c-96c6-52b0800b4ef0\progress\guest.json (2 card records)
2026-08-02 19:34:03 - src.controllers.flashcard_controller - INFO - Starting deck 'Sample Deck Copy' for user 'guest'
2026-08-02 19:34:03 - src.storage.flashcard_repository - DEBUG - Loaded progress for user 'guest' from C:\Users\And\PythonProjects\FlashcardApp\data\flashcards\8f348fc7-0545-413c-96c6-52b0800b4ef0\progress\guest.json (2 card records)
2026-08-02 19:34:03 - src.controllers.flashcard_controller - INFO - Deck 'Sample Deck Copy' started: 2 total cards, 2 cards in learning queue
2026-08-02 19:34:04 - src.storage.flashcard_repository - DEBUG - Saved progress for user 'guest' to C:\Users\And\PythonProjects\FlashcardApp\data\flashcards\8f348fc7-0545-413c-96c6-52b0800b4ef0\progress\guest.json (2 card records)
2026-08-02 19:34:04 - src.controllers.flashcard_controller - INFO - Recorded correct attempt for flashcard 'da37e2d4-5d91-40ea-9774-a27e7e5f5ba7': correct=3 wrong=0
2026-08-02 19:34:05 - src.storage.flashcard_repository - DEBUG - Saved progress for user 'guest' to C:\Users\And\PythonProjects\FlashcardApp\data\flashcards\8f348fc7-0545-413c-96c6-52b0800b4ef0\progress\guest.json (2 card records)
2026-08-02 19:34:05 - src.controllers.flashcard_controller - INFO - Recorded correct attempt for flashcard '66cac1b9-229f-431e-b1b7-b95573389fd5': correct=3 wrong=0
2026-08-02 19:34:05 - src.controllers.flashcard_controller - INFO - Study session complete
2026-08-02 19:34:05 - src.ui.flashcard_viewer - INFO - Returning to deck selection menu.
2026-08-02 19:34:05 - src.storage.flashcard_repository - DEBUG - No saved deck progress for user 'guest' at C:\Users\And\PythonProjects\FlashcardApp\data\flashcards\073af40a-153f-4940-a305-5f4b764f92c4\progress\guest.json
2026-08-02 19:34:05 - src.storage.flashcard_repository - DEBUG - Loaded progress for user 'guest' from C:\Users\And\PythonProjects\FlashcardApp\data\flashcards\8f348fc7-0545-413c-96c6-52b0800b4ef0\progress\guest.json (2 card records)
2026-08-02 19:34:05 - src.controllers.flashcard_controller - INFO - Ending session. Stats: {'known': 2, 'unknown': 0}
2026-08-02 19:34:11 - src.storage.quiz_repository - DEBUG - No saved quiz progress for user 'guest' at C:\Users\And\PythonProjects\FlashcardApp\data\quizzes\4d6e1a55-f5bd-4ec6-9911-5318ef748a9a\progress\guest.json
2026-08-02 19:34:11 - src.storage.quiz_repository - DEBUG - No saved quiz progress for user 'guest' at C:\Users\And\PythonProjects\FlashcardApp\data\quizzes\da5430fa-b771-4262-9383-90e4e3abc3f0\progress\guest.json
2026-08-02 19:34:11 - src.storage.quiz_repository - DEBUG - No saved quiz progress for user 'guest' at C:\Users\And\PythonProjects\FlashcardApp\data\quizzes\4d6e1a55-f5bd-4ec6-9911-5318ef748a9a\progress\guest.json
2026-08-02 19:34:11 - src.storage.quiz_repository - DEBUG - No saved quiz progress for user 'guest' at C:\Users\And\PythonProjects\FlashcardApp\data\quizzes\da5430fa-b771-4262-9383-90e4e3abc3f0\progress\guest.json
2026-08-02 19:34:11 - src.ui.main_window - INFO - Launched QuizViewer
2026-08-02 19:34:20 - src.controllers.flashcard_controller - INFO - FlashcardController initialized
2026-08-02 19:34:20 - src.storage.flashcard_repository - DEBUG - No saved deck progress for user 'guest' at C:\Users\And\PythonProjects\FlashcardApp\data\flashcards\073af40a-153f-4940-a305-5f4b764f92c4\progress\guest.json
2026-08-02 19:34:20 - src.storage.flashcard_repository - DEBUG - Loaded progress for user 'guest' from C:\Users\And\PythonProjects\FlashcardApp\data\flashcards\8f348fc7-0545-413c-96c6-52b0800b4ef0\progress\guest.json (2 card records)
2026-08-02 19:34:20 - src.storage.flashcard_repository - DEBUG - No saved deck progress for user 'guest' at C:\Users\And\PythonProjects\FlashcardApp\data\flashcards\073af40a-153f-4940-a305-5f4b764f92c4\progress\guest.json
2026-08-02 19:34:20 - src.storage.flashcard_repository - DEBUG - Loaded progress for user 'guest' from C:\Users\And\PythonProjects\FlashcardApp\data\flashcards\8f348fc7-0545-413c-96c6-52b0800b4ef0\progress\guest.json (2 card records)
2026-08-02 19:34:20 - src.ui.main_window - INFO - Launched FlashcardViewer
2026-08-02 19:34:33 - src.storage.quiz_repository - DEBUG - No saved quiz progress for user 'guest' at C:\Users\And\PythonProjects\FlashcardApp\data\quizzes\4d6e1a55-f5bd-4ec6-9911-5318ef748a9a\progress\guest.json
2026-08-02 19:34:33 - src.storage.quiz_repository - DEBUG - No saved quiz progress for user 'guest' at C:\Users\And\PythonProjects\FlashcardApp\data\quizzes\da5430fa-b771-4262-9383-90e4e3abc3f0\progress\guest.json
2026-08-02 19:34:33 - src.storage.quiz_repository - DEBUG - No saved quiz progress for user 'guest' at C:\Users\And\PythonProjects\FlashcardApp\data\quizzes\4d6e1a55-f5bd-4ec6-9911-5318ef748a9a\progress\guest.json
2026-08-02 19:34:33 - src.storage.quiz_repository - DEBUG - No saved quiz progress for user 'guest' at C:\Users\And\PythonProjects\FlashcardApp\data\quizzes\da5430fa-b771-4262-9383-90e4e3abc3f0\progress\guest.json
2026-08-02 19:34:33 - src.ui.main_window - INFO - Launched QuizViewer
2026-08-02 19:34:39 - src.controllers.flashcard_controller - INFO - FlashcardController initialized
2026-08-02 19:34:39 - src.storage.flashcard_repository - DEBUG - No saved deck progress for user 'guest' at C:\Users\And\PythonProjects\FlashcardApp\data\flashcards\073af40a-153f-4940-a305-5f4b764f92c4\progress\guest.json
2026-08-02 19:34:39 - src.storage.flashcard_repository - DEBUG - Loaded progress for user 'guest' from C:\Users\And\PythonProjects\FlashcardApp\data\flashcards\8f348fc7-0545-413c-96c6-52b0800b4ef0\progress\guest.json (2 card records)
2026-08-02 19:34:39 - src.storage.flashcard_repository - DEBUG - No saved deck progress for user 'guest' at C:\Users\And\PythonProjects\FlashcardApp\data\flashcards\073af40a-153f-4940-a305-5f4b764f92c4\progress\guest.json
2026-08-02 19:34:39 - src.storage.flashcard_repository - DEBUG - Loaded progress for user 'guest' from C:\Users\And\PythonProjects\FlashcardApp\data\flashcards\8f348fc7-0545-413c-96c6-52b0800b4ef0\progress\guest.json (2 card records)
2026-08-02 19:34:39 - src.ui.main_window - INFO - Launched FlashcardViewer
2026-08-02 19:40:22 - src.storage.flashcard_repository - DEBUG - No saved deck progress for user 'guest' at C:\Users\And\PythonProjects\FlashcardApp\data\flashcards\073af40a-153f-4940-a305-5f4b764f92c4\progress\guest.json
2026-08-02 19:40:22 - src.storage.flashcard_repository - DEBUG - Loaded progress for user 'guest' from C:\Users\And\PythonProjects\FlashcardApp\data\flashcards\8f348fc7-0545-413c-96c6-52b0800b4ef0\progress\guest.json (2 card records)
2026-08-02 19:40:22 - src.controllers.flashcard_controller - INFO - Starting deck 'Sample Deck Copy' for user 'guest'
2026-08-02 19:40:22 - src.storage.flashcard_repository - DEBUG - Loaded progress for user 'guest' from C:\Users\And\PythonProjects\FlashcardApp\data\flashcards\8f348fc7-0545-413c-96c6-52b0800b4ef0\progress\guest.json (2 card records)
2026-08-02 19:40:22 - src.controllers.flashcard_controller - INFO - Deck 'Sample Deck Copy' started: 2 total cards, 2 cards in learning queue
2026-08-02 19:40:23 - src.storage.flashcard_repository - DEBUG - Saved progress for user 'guest' to C:\Users\And\PythonProjects\FlashcardApp\data\flashcards\8f348fc7-0545-413c-96c6-52b0800b4ef0\progress\guest.json (2 card records)
2026-08-02 19:40:23 - src.controllers.flashcard_controller - INFO - Recorded correct attempt for flashcard '66cac1b9-229f-431e-b1b7-b95573389fd5': correct=4 wrong=0
2026-08-02 19:40:23 - src.storage.flashcard_repository - DEBUG - Saved progress for user 'guest' to C:\Users\And\PythonProjects\FlashcardApp\data\flashcards\8f348fc7-0545-413c-96c6-52b0800b4ef0\progress\guest.json (2 card records)
2026-08-02 19:40:23 - src.controllers.flashcard_controller - INFO - Recorded correct attempt for flashcard 'da37e2d4-5d91-40ea-9774-a27e7e5f5ba7': correct=4 wrong=0
2026-08-02 19:40:23 - src.controllers.flashcard_controller - INFO - Study session complete
2026-08-02 19:40:24 - src.ui.flashcard_viewer - INFO - Returning to deck selection menu.
2026-08-02 19:40:24 - src.storage.flashcard_repository - DEBUG - No saved deck progress for user 'guest' at C:\Users\And\PythonProjects\FlashcardApp\data\flashcards\073af40a-153f-4940-a305-5f4b764f92c4\progress\guest.json
2026-08-02 19:40:24 - src.storage.flashcard_repository - DEBUG - Loaded progress for user 'guest' from C:\Users\And\PythonProjects\FlashcardApp\data\flashcards\8f348fc7-0545-413c-96c6-52b0800b4ef0\progress\guest.json (2 card records)
2026-08-02 19:40:24 - src.controllers.flashcard_controller - INFO - Ending session. Stats: {'known': 2, 'unknown': 0}
2026-08-02 19:40:47 - src.storage.flashcard_repository - DEBUG - No saved deck progress for user 'guest' at C:\Users\And\PythonProjects\FlashcardApp\data\flashcards\073af40a-153f-4940-a305-5f4b764f92c4\progress\guest.json
2026-08-02 19:40:47 - src.storage.flashcard_repository - DEBUG - Loaded progress for user 'guest' from C:\Users\And\PythonProjects\FlashcardApp\data\flashcards\8f348fc7-0545-413c-96c6-52b0800b4ef0\progress\guest.json (2 card records)
2026-08-02 19:40:47 - src.controllers.flashcard_controller - INFO - Starting deck 'Sample Deck Copy' for user 'guest'
2026-08-02 19:40:47 - src.storage.flashcard_repository - DEBUG - Loaded progress for user 'guest' from C:\Users\And\PythonProjects\FlashcardApp\data\flashcards\8f348fc7-0545-413c-96c6-52b0800b4ef0\progress\guest.json (2 card records)
2026-08-02 19:40:47 - src.controllers.flashcard_controller - INFO - Deck 'Sample Deck Copy' started: 2 total cards, 2 cards in learning queue
2026-08-02 19:42:39 - src.storage.flashcard_repository - DEBUG - Saved progress for user 'guest' to C:\Users\And\PythonProjects\FlashcardApp\data\flashcards\8f348fc7-0545-413c-96c6-52b0800b4ef0\progress\guest.json (2 card records)
2026-08-02 19:42:39 - src.controllers.flashcard_controller - INFO - Recorded correct attempt for flashcard '66cac1b9-229f-431e-b1b7-b95573389fd5': correct=6 wrong=0
2026-08-02 19:53:19 - root - INFO - Logging initialized. File: C:\Users\And\PythonProjects\FlashcardApp\logs\quiz_app.log
2026-08-02 19:53:19 - __main__ - INFO - Qt translations loaded for: en
2026-08-02 19:53:19 - src.logic.app_settings - DEBUG - Settings saved
2026-08-02 19:53:19 - src.logic.translator - INFO - Language changed to: en
2026-08-02 19:53:19 - src.controllers.main_controller - INFO - MainController initialized
2026-08-02 19:53:20 - src.logic.app_settings - DEBUG - Settings saved
2026-08-02 19:53:20 - src.ui.main_window - INFO - Applied light theme
2026-08-02 19:53:20 - src.logic.user_session - INFO - Session ended for: guest
2026-08-02 19:53:20 - src.controllers.main_controller - INFO - Continuing as guest
2026-08-02 19:53:20 - __main__ - INFO - Qt translations loaded for: en
2026-08-02 19:53:20 - __main__ - INFO - Application started successfully
2026-08-02 19:53:21 - src.controllers.flashcard_controller - INFO - FlashcardController initialized
2026-08-02 19:53:21 - src.storage.flashcard_repository - DEBUG - No saved deck progress for user 'guest' at C:\Users\And\PythonProjects\FlashcardApp\data\flashcards\073af40a-153f-4940-a305-5f4b764f92c4\progress\guest.json
2026-08-02 19:53:21 - src.storage.flashcard_repository - DEBUG - Loaded progress for user 'guest' from C:\Users\And\PythonProjects\FlashcardApp\data\flashcards\8f348fc7-0545-413c-96c6-52b0800b4ef0\progress\guest.json (2 card records)
2026-08-02 19:53:21 - src.storage.flashcard_repository - DEBUG - No saved deck progress for user 'guest' at C:\Users\And\PythonProjects\FlashcardApp\data\flashcards\073af40a-153f-4940-a305-5f4b764f92c4\progress\guest.json
2026-08-02 19:53:21 - src.storage.flashcard_repository - DEBUG - Loaded progress for user 'guest' from C:\Users\And\PythonProjects\FlashcardApp\data\flashcards\8f348fc7-0545-413c-96c6-52b0800b4ef0\progress\guest.json (2 card records)
2026-08-02 19:53:21 - src.ui.main_window - INFO - Launched FlashcardViewer
2026-08-02 19:53:22 - src.storage.flashcard_repository - DEBUG - No saved deck progress for user 'guest' at C:\Users\And\PythonProjects\FlashcardApp\data\flashcards\073af40a-153f-4940-a305-5f4b764f92c4\progress\guest.json
2026-08-02 19:53:22 - src.storage.flashcard_repository - DEBUG - Loaded progress for user 'guest' from C:\Users\And\PythonProjects\FlashcardApp\data\flashcards\8f348fc7-0545-413c-96c6-52b0800b4ef0\progress\guest.json (2 card records)
2026-08-02 19:53:22 - src.controllers.flashcard_controller - INFO - Starting deck 'Sample Deck Copy' for user 'guest'
2026-08-02 19:53:22 - src.storage.flashcard_repository - DEBUG - Loaded progress for user 'guest' from C:\Users\And\PythonProjects\FlashcardApp\data\flashcards\8f348fc7-0545-413c-96c6-52b0800b4ef0\progress\guest.json (2 card records)
2026-08-02 19:53:22 - src.controllers.flashcard_controller - INFO - Deck 'Sample Deck Copy' started: 2 total cards, 2 cards in learning queue
2026-08-02 19:53:31 - src.storage.flashcard_repository - DEBUG - Saved progress for user 'guest' to C:\Users\And\PythonProjects\FlashcardApp\data\flashcards\8f348fc7-0545-413c-96c6-52b0800b4ef0\progress\guest.json (2 card records)
2026-08-02 19:53:31 - src.controllers.flashcard_controller - INFO - Recorded correct attempt for flashcard '66cac1b9-229f-431e-b1b7-b95573389fd5': correct=7 wrong=0
2026-08-02 19:53:31 - src.storage.flashcard_repository - DEBUG - Saved progress for user 'guest' to C:\Users\And\PythonProjects\FlashcardApp\data\flashcards\8f348fc7-0545-413c-96c6-52b0800b4ef0\progress\guest.json (2 card records)
2026-08-02 19:53:31 - src.controllers.flashcard_controller - INFO - Recorded correct attempt for flashcard 'da37e2d4-5d91-40ea-9774-a27e7e5f5ba7': correct=5 wrong=0
2026-08-02 19:53:31 - src.controllers.flashcard_controller - INFO - Study session complete
2026-08-02 19:53:32 - src.ui.flashcard_viewer - INFO - Returning to deck selection menu.
2026-08-02 19:53:32 - src.storage.flashcard_repository - DEBUG - No saved deck progress for user 'guest' at C:\Users\And\PythonProjects\FlashcardApp\data\flashcards\073af40a-153f-4940-a305-5f4b764f92c4\progress\guest.json
2026-08-02 19:53:32 - src.storage.flashcard_repository - DEBUG - Loaded progress for user 'guest' from C:\Users\And\PythonProjects\FlashcardApp\data\flashcards\8f348fc7-0545-413c-96c6-52b0800b4ef0\progress\guest.json (2 card records)
2026-08-02 19:53:32 - src.controllers.flashcard_controller - INFO - Ending session. Stats: {'known': 2, 'unknown': 0}
2026-08-02 19:53:33 - src.storage.flashcard_repository - DEBUG - No saved deck progress for user 'guest' at C:\Users\And\PythonProjects\FlashcardApp\data\flashcards\073af40a-153f-4940-a305-5f4b764f92c4\progress\guest.json
2026-08-02 19:53:33 - src.storage.flashcard_repository - DEBUG - Loaded progress for user 'guest' from C:\Users\And\PythonProjects\FlashcardApp\data\flashcards\8f348fc7-0545-413c-96c6-52b0800b4ef0\progress\guest.json (2 card records)
2026-08-02 19:53:33 - src.controllers.flashcard_controller - INFO - Starting deck 'Sample Deck Copy' for user 'guest'
2026-08-02 19:53:33 - src.storage.flashcard_repository - DEBUG - Loaded progress for user 'guest' from C:\Users\And\PythonProjects\FlashcardApp\data\flashcards\8f348fc7-0545-413c-96c6-52b0800b4ef0\progress\guest.json (2 card records)
2026-08-02 19:53:33 - src.controllers.flashcard_controller - INFO - Deck 'Sample Deck Copy' started: 2 total cards, 2 cards in learning queue
2026-08-02 20:09:34 - root - INFO - Logging initialized. File: C:\Users\And\PythonProjects\FlashcardApp\logs\quiz_app.log
2026-08-02 20:09:34 - __main__ - INFO - Qt translations loaded for: en
2026-08-02 20:09:34 - src.logic.app_settings - DEBUG - Settings saved
2026-08-02 20:09:34 - src.logic.translator - INFO - Language changed to: en
2026-08-02 20:09:34 - src.controllers.main_controller - INFO - MainController initialized
2026-08-02 20:09:35 - src.logic.app_settings - DEBUG - Settings saved
2026-08-02 20:09:35 - src.ui.main_window - INFO - Applied light theme
2026-08-02 20:09:35 - src.logic.user_session - INFO - Session ended for: guest
2026-08-02 20:09:35 - src.controllers.main_controller - INFO - Continuing as guest
2026-08-02 20:09:35 - __main__ - INFO - Qt translations loaded for: en
2026-08-02 20:09:35 - __main__ - INFO - Application started successfully
2026-08-02 20:09:36 - src.controllers.flashcard_controller - INFO - FlashcardController initialized
2026-08-02 20:09:36 - src.storage.flashcard_repository - DEBUG - No saved deck progress for user 'guest' at C:\Users\And\PythonProjects\FlashcardApp\data\flashcards\073af40a-153f-4940-a305-5f4b764f92c4\progress\guest.json
2026-08-02 20:09:36 - src.storage.flashcard_repository - DEBUG - Loaded progress for user 'guest' from C:\Users\And\PythonProjects\FlashcardApp\data\flashcards\8f348fc7-0545-413c-96c6-52b0800b4ef0\progress\guest.json (2 card records)
2026-08-02 20:09:36 - src.storage.flashcard_repository - DEBUG - No saved deck progress for user 'guest' at C:\Users\And\PythonProjects\FlashcardApp\data\flashcards\073af40a-153f-4940-a305-5f4b764f92c4\progress\guest.json
2026-08-02 20:09:36 - src.storage.flashcard_repository - DEBUG - Loaded progress for user 'guest' from C:\Users\And\PythonProjects\FlashcardApp\data\flashcards\8f348fc7-0545-413c-96c6-52b0800b4ef0\progress\guest.json (2 card records)
2026-08-02 20:09:36 - src.ui.main_window - INFO - Launched FlashcardViewer
2026-08-02 20:09:37 - src.storage.flashcard_repository - DEBUG - No saved deck progress for user 'guest' at C:\Users\And\PythonProjects\FlashcardApp\data\flashcards\073af40a-153f-4940-a305-5f4b764f92c4\progress\guest.json
2026-08-02 20:09:37 - src.storage.flashcard_repository - DEBUG - Loaded progress for user 'guest' from C:\Users\And\PythonProjects\FlashcardApp\data\flashcards\8f348fc7-0545-413c-96c6-52b0800b4ef0\progress\guest.json (2 card records)
2026-08-02 20:09:37 - src.controllers.flashcard_controller - INFO - Starting deck 'Sample Deck Copy' for user 'guest'
2026-08-02 20:09:37 - src.storage.flashcard_repository - DEBUG - Loaded progress for user 'guest' from C:\Users\And\PythonProjects\FlashcardApp\data\flashcards\8f348fc7-0545-413c-96c6-52b0800b4ef0\progress\guest.json (2 card records)
2026-08-02 20:09:37 - src.controllers.flashcard_controller - INFO - Deck 'Sample Deck Copy' started: 2 total cards, 2 cards in learning queue
2026-08-02 20:10:22 - src.storage.flashcard_repository - DEBUG - Saved progress for user 'guest' to C:\Users\And\PythonProjects\FlashcardApp\data\flashcards\8f348fc7-0545-413c-96c6-52b0800b4ef0\progress\guest.json (2 card records)
2026-08-02 20:10:22 - src.controllers.flashcard_controller - INFO - Flashcard '66cac1b9-229f-431e-b1b7-b95573389fd5' mastery changed to True
2026-08-02 20:20:55 - root - INFO - Logging initialized. File: C:\Users\And\PythonProjects\FlashcardApp\logs\quiz_app.log
2026-08-02 20:20:55 - __main__ - INFO - Qt translations loaded for: en
2026-08-02 20:20:55 - src.logic.app_settings - DEBUG - Settings saved
2026-08-02 20:20:55 - src.logic.translator - INFO - Language changed to: en
2026-08-02 20:20:55 - src.controllers.main_controller - INFO - MainController initialized
2026-08-02 20:20:55 - src.logic.app_settings - DEBUG - Settings saved
2026-08-02 20:20:55 - src.ui.main_window - INFO - Applied light theme
2026-08-02 20:20:55 - src.logic.user_session - INFO - Session ended for: guest
2026-08-02 20:20:55 - src.controllers.main_controller - INFO - Continuing as guest
2026-08-02 20:20:55 - __main__ - INFO - Qt translations loaded for: en
2026-08-02 20:20:55 - __main__ - INFO - Application started successfully
2026-08-02 20:20:56 - src.controllers.flashcard_controller - INFO - FlashcardController initialized
2026-08-02 20:20:56 - src.storage.flashcard_repository - DEBUG - No saved deck progress for user 'guest' at C:\Users\And\PythonProjects\FlashcardApp\data\flashcards\073af40a-153f-4940-a305-5f4b764f92c4\progress\guest.json
2026-08-02 20:20:56 - src.storage.flashcard_repository - DEBUG - Loaded progress for user 'guest' from C:\Users\And\PythonProjects\FlashcardApp\data\flashcards\8f348fc7-0545-413c-96c6-52b0800b4ef0\progress\guest.json (2 card records)
2026-08-02 20:20:56 - src.storage.flashcard_repository - DEBUG - No saved deck progress for user 'guest' at C:\Users\And\PythonProjects\FlashcardApp\data\flashcards\073af40a-153f-4940-a305-5f4b764f92c4\progress\guest.json
2026-08-02 20:20:56 - src.storage.flashcard_repository - DEBUG - Loaded progress for user 'guest' from C:\Users\And\PythonProjects\FlashcardApp\data\flashcards\8f348fc7-0545-413c-96c6-52b0800b4ef0\progress\guest.json (2 card records)
2026-08-02 20:20:56 - src.ui.main_window - INFO - Launched FlashcardViewer
2026-08-02 20:20:57 - src.storage.flashcard_repository - DEBUG - No saved deck progress for user 'guest' at C:\Users\And\PythonProjects\FlashcardApp\data\flashcards\073af40a-153f-4940-a305-5f4b764f92c4\progress\guest.json
2026-08-02 20:20:57 - src.storage.flashcard_repository - DEBUG - Loaded progress for user 'guest' from C:\Users\And\PythonProjects\FlashcardApp\data\flashcards\8f348fc7-0545-413c-96c6-52b0800b4ef0\progress\guest.json (2 card records)
2026-08-02 20:20:57 - src.controllers.flashcard_controller - INFO - Starting deck 'Sample Deck Copy' for user 'guest'
2026-08-02 20:20:57 - src.storage.flashcard_repository - DEBUG - Loaded progress for user 'guest' from C:\Users\And\PythonProjects\FlashcardApp\data\flashcards\8f348fc7-0545-413c-96c6-52b0800b4ef0\progress\guest.json (2 card records)
2026-08-02 20:20:57 - src.controllers.flashcard_controller - INFO - Deck 'Sample Deck Copy' started: 2 total cards, 1 cards in learning queue
2026-08-02 20:21:07 - src.ui.flashcard_viewer - INFO - Returning to deck selection menu.
2026-08-02 20:21:07 - src.storage.flashcard_repository - DEBUG - No saved deck progress for user 'guest' at C:\Users\And\PythonProjects\FlashcardApp\data\flashcards\073af40a-153f-4940-a305-5f4b764f92c4\progress\guest.json
2026-08-02 20:21:07 - src.storage.flashcard_repository - DEBUG - Loaded progress for user 'guest' from C:\Users\And\PythonProjects\FlashcardApp\data\flashcards\8f348fc7-0545-413c-96c6-52b0800b4ef0\progress\guest.json (2 card records)
2026-08-02 20:21:07 - src.controllers.flashcard_controller - INFO - Ending session. Stats: {'known': 0, 'unknown': 0}
2026-08-02 20:21:11 - src.storage.flashcard_repository - DEBUG - No saved deck progress for user 'guest' at C:\Users\And\PythonProjects\FlashcardApp\data\flashcards\073af40a-153f-4940-a305-5f4b764f92c4\progress\guest.json
2026-08-02 20:21:11 - src.storage.flashcard_repository - DEBUG - Loaded progress for user 'guest' from C:\Users\And\PythonProjects\FlashcardApp\data\flashcards\8f348fc7-0545-413c-96c6-52b0800b4ef0\progress\guest.json (2 card records)
2026-08-02 20:21:11 - src.controllers.flashcard_controller - INFO - Starting deck 'Sample Deck' for user 'guest'
2026-08-02 20:21:11 - src.storage.flashcard_repository - DEBUG - No saved deck progress for user 'guest' at C:\Users\And\PythonProjects\FlashcardApp\data\flashcards\073af40a-153f-4940-a305-5f4b764f92c4\progress\guest.json
2026-08-02 20:21:11 - src.controllers.flashcard_controller - INFO - Deck 'Sample Deck' started: 51 total cards, 20 cards in learning queue
2026-08-02 20:21:13 - src.ui.flashcard_viewer - INFO - Returning to deck selection menu.
2026-08-02 20:21:13 - src.storage.flashcard_repository - DEBUG - No saved deck progress for user 'guest' at C:\Users\And\PythonProjects\FlashcardApp\data\flashcards\073af40a-153f-4940-a305-5f4b764f92c4\progress\guest.json
2026-08-02 20:21:13 - src.storage.flashcard_repository - DEBUG - Loaded progress for user 'guest' from C:\Users\And\PythonProjects\FlashcardApp\data\flashcards\8f348fc7-0545-413c-96c6-52b0800b4ef0\progress\guest.json (2 card records)
2026-08-02 20:21:13 - src.controllers.flashcard_controller - INFO - Ending session. Stats: {'known': 0, 'unknown': 0}
2026-08-02 20:21:15 - src.storage.flashcard_repository - DEBUG - No saved deck progress for user 'guest' at C:\Users\And\PythonProjects\FlashcardApp\data\flashcards\073af40a-153f-4940-a305-5f4b764f92c4\progress\guest.json
2026-08-02 20:21:15 - src.storage.flashcard_repository - DEBUG - Loaded progress for user 'guest' from C:\Users\And\PythonProjects\FlashcardApp\data\flashcards\8f348fc7-0545-413c-96c6-52b0800b4ef0\progress\guest.json (2 card records)
2026-08-02 20:21:15 - src.controllers.flashcard_controller - INFO - Starting deck 'Sample Deck Copy' for user 'guest'
2026-08-02 20:21:15 - src.storage.flashcard_repository - DEBUG - Loaded progress for user 'guest' from C:\Users\And\PythonProjects\FlashcardApp\data\flashcards\8f348fc7-0545-413c-96c6-52b0800b4ef0\progress\guest.json (2 card records)
2026-08-02 20:21:15 - src.controllers.flashcard_controller - INFO - Deck 'Sample Deck Copy' started: 2 total cards, 1 cards in learning queue
2026-08-02 20:21:17 - src.ui.flashcard_viewer - INFO - Returning to deck selection menu.
2026-08-02 20:21:17 - src.storage.flashcard_repository - DEBUG - No saved deck progress for user 'guest' at C:\Users\And\PythonProjects\FlashcardApp\data\flashcards\073af40a-153f-4940-a305-5f4b764f92c4\progress\guest.json
2026-08-02 20:21:17 - src.storage.flashcard_repository - DEBUG - Loaded progress for user 'guest' from C:\Users\And\PythonProjects\FlashcardApp\data\flashcards\8f348fc7-0545-413c-96c6-52b0800b4ef0\progress\guest.json (2 card records)
2026-08-02 20:21:17 - src.controllers.flashcard_controller - INFO - Ending session. Stats: {'known': 0, 'unknown': 0}
2026-08-02 20:21:18 - src.storage.flashcard_repository - DEBUG - No saved deck progress for user 'guest' at C:\Users\And\PythonProjects\FlashcardApp\data\flashcards\073af40a-153f-4940-a305-5f4b764f92c4\progress\guest.json
2026-08-02 20:21:18 - src.storage.flashcard_repository - DEBUG - Loaded progress for user 'guest' from C:\Users\And\PythonProjects\FlashcardApp\data\flashcards\8f348fc7-0545-413c-96c6-52b0800b4ef0\progress\guest.json (2 card records)
2026-08-02 20:21:18 - src.controllers.flashcard_controller - INFO - Starting deck 'Sample Deck Copy' for user 'guest'
2026-08-02 20:21:18 - src.storage.flashcard_repository - DEBUG - Loaded progress for user 'guest' from C:\Users\And\PythonProjects\FlashcardApp\data\flashcards\8f348fc7-0545-413c-96c6-52b0800b4ef0\progress\guest.json (2 card records)
2026-08-02 20:21:18 - src.controllers.flashcard_controller - INFO - Deck 'Sample Deck Copy' started: 2 total cards, 1 cards in learning queue
2026-08-02 20:21:23 - src.storage.flashcard_repository - DEBUG - Saved progress for user 'guest' to C:\Users\And\PythonProjects\FlashcardApp\data\flashcards\8f348fc7-0545-413c-96c6-52b0800b4ef0\progress\guest.json (2 card records)
2026-08-02 20:21:23 - src.controllers.flashcard_controller - INFO - Recorded correct attempt for flashcard 'da37e2d4-5d91-40ea-9774-a27e7e5f5ba7': correct=6 wrong=0
2026-08-02 20:21:23 - src.controllers.flashcard_controller - INFO - Study session complete
2026-08-02 20:21:24 - src.ui.flashcard_viewer - INFO - Returning to deck selection menu.
2026-08-02 20:21:24 - src.storage.flashcard_repository - DEBUG - No saved deck progress for user 'guest' at C:\Users\And\PythonProjects\FlashcardApp\data\flashcards\073af40a-153f-4940-a305-5f4b764f92c4\progress\guest.json
2026-08-02 20:21:24 - src.storage.flashcard_repository - DEBUG - Loaded progress for user 'guest' from C:\Users\And\PythonProjects\FlashcardApp\data\flashcards\8f348fc7-0545-413c-96c6-52b0800b4ef0\progress\guest.json (2 card records)
2026-08-02 20:21:24 - src.controllers.flashcard_controller - INFO - Ending session. Stats: {'known': 1, 'unknown': 0}
2026-08-02 20:21:26 - src.storage.flashcard_repository - DEBUG - No saved deck progress for user 'guest' at C:\Users\And\PythonProjects\FlashcardApp\data\flashcards\073af40a-153f-4940-a305-5f4b764f92c4\progress\guest.json
2026-08-02 20:21:26 - src.storage.flashcard_repository - DEBUG - Loaded progress for user 'guest' from C:\Users\And\PythonProjects\FlashcardApp\data\flashcards\8f348fc7-0545-413c-96c6-52b0800b4ef0\progress\guest.json (2 card records)
2026-08-02 20:21:26 - src.controllers.flashcard_controller - INFO - Starting deck 'Sample Deck Copy' for user 'guest'
2026-08-02 20:21:26 - src.storage.flashcard_repository - DEBUG - Loaded progress for user 'guest' from C:\Users\And\PythonProjects\FlashcardApp\data\flashcards\8f348fc7-0545-413c-96c6-52b0800b4ef0\progress\guest.json (2 card records)
2026-08-02 20:21:26 - src.controllers.flashcard_controller - INFO - Deck 'Sample Deck Copy' started: 2 total cards, 1 cards in learning queue
2026-08-02 20:21:29 - src.storage.flashcard_repository - DEBUG - Saved progress for user 'guest' to C:\Users\And\PythonProjects\FlashcardApp\data\flashcards\8f348fc7-0545-413c-96c6-52b0800b4ef0\progress\guest.json (2 card records)
2026-08-02 20:21:29 - src.controllers.flashcard_controller - INFO - Recorded correct attempt for flashcard 'da37e2d4-5d91-40ea-9774-a27e7e5f5ba7': correct=7 wrong=0
2026-08-02 20:21:29 - src.controllers.flashcard_controller - INFO - Study session complete
2026-08-02 20:21:32 - src.ui.flashcard_viewer - INFO - Returning to deck selection menu.
2026-08-02 20:21:32 - src.storage.flashcard_repository - DEBUG - No saved deck progress for user 'guest' at C:\Users\And\PythonProjects\FlashcardApp\data\flashcards\073af40a-153f-4940-a305-5f4b764f92c4\progress\guest.json
2026-08-02 20:21:32 - src.storage.flashcard_repository - DEBUG - Loaded progress for user 'guest' from C:\Users\And\PythonProjects\FlashcardApp\data\flashcards\8f348fc7-0545-413c-96c6-52b0800b4ef0\progress\guest.json (2 card records)
2026-08-02 20:21:32 - src.controllers.flashcard_controller - INFO - Ending session. Stats: {'known': 1, 'unknown': 0}
2026-08-02 20:21:37 - src.storage.flashcard_repository - INFO - No deck progress to reset for user 'guest' at C:\Users\And\PythonProjects\FlashcardApp\data\flashcards\073af40a-153f-4940-a305-5f4b764f92c4\progress\guest.json
2026-08-02 20:21:37 - src.storage.flashcard_repository - INFO - Reset deck progress for user 'guest' at C:\Users\And\PythonProjects\FlashcardApp\data\flashcards\8f348fc7-0545-413c-96c6-52b0800b4ef0\progress\guest.json
2026-08-02 20:21:37 - src.storage.flashcard_repository - INFO - Cleared progress for user 'guest' from 1 decks
2026-08-02 20:21:37 - src.controllers.flashcard_controller - INFO - All deck progress cleared for user 'guest' (1 decks)
2026-08-02 20:21:37 - src.storage.flashcard_repository - DEBUG - No saved deck progress for user 'guest' at C:\Users\And\PythonProjects\FlashcardApp\data\flashcards\073af40a-153f-4940-a305-5f4b764f92c4\progress\guest.json
2026-08-02 20:21:37 - src.storage.flashcard_repository - DEBUG - No saved deck progress for user 'guest' at C:\Users\And\PythonProjects\FlashcardApp\data\flashcards\8f348fc7-0545-413c-96c6-52b0800b4ef0\progress\guest.json
2026-08-02 20:34:12 - root - INFO - Logging initialized. File: C:\Users\And\PythonProjects\FlashcardApp\logs\quiz_app.log
2026-08-02 20:34:12 - __main__ - INFO - Qt translations loaded for: en
2026-08-02 20:34:12 - src.logic.app_settings - DEBUG - Settings saved
2026-08-02 20:34:12 - src.logic.translator - INFO - Language changed to: en
2026-08-02 20:34:12 - src.controllers.main_controller - INFO - MainController initialized
2026-08-02 20:34:12 - src.logic.app_settings - DEBUG - Settings saved
2026-08-02 20:34:12 - src.ui.main_window - INFO - Applied light theme
2026-08-02 20:34:12 - src.logic.user_session - INFO - Session ended for: guest
2026-08-02 20:34:12 - src.controllers.main_controller - INFO - Continuing as guest
2026-08-02 20:34:12 - __main__ - INFO - Qt translations loaded for: en
2026-08-02 20:34:12 - __main__ - INFO - Application started successfully
2026-08-02 20:34:20 - src.storage.quiz_repository - DEBUG - No saved quiz progress for user 'guest' at C:\Users\And\PythonProjects\FlashcardApp\data\quizzes\4d6e1a55-f5bd-4ec6-9911-5318ef748a9a\progress\guest.json
2026-08-02 20:34:20 - src.storage.quiz_repository - DEBUG - No saved quiz progress for user 'guest' at C:\Users\And\PythonProjects\FlashcardApp\data\quizzes\da5430fa-b771-4262-9383-90e4e3abc3f0\progress\guest.json
2026-08-02 20:34:20 - src.storage.quiz_repository - DEBUG - No saved quiz progress for user 'guest' at C:\Users\And\PythonProjects\FlashcardApp\data\quizzes\4d6e1a55-f5bd-4ec6-9911-5318ef748a9a\progress\guest.json
2026-08-02 20:34:20 - src.storage.quiz_repository - DEBUG - No saved quiz progress for user 'guest' at C:\Users\And\PythonProjects\FlashcardApp\data\quizzes\da5430fa-b771-4262-9383-90e4e3abc3f0\progress\guest.json
2026-08-02 20:34:20 - src.ui.main_window - INFO - Launched QuizViewer
2026-08-02 20:34:21 - src.storage.quiz_repository - DEBUG - No saved quiz progress for user 'guest' at C:\Users\And\PythonProjects\FlashcardApp\data\quizzes\4d6e1a55-f5bd-4ec6-9911-5318ef748a9a\progress\guest.json
2026-08-02 20:34:21 - src.storage.quiz_repository - DEBUG - No saved quiz progress for user 'guest' at C:\Users\And\PythonProjects\FlashcardApp\data\quizzes\da5430fa-b771-4262-9383-90e4e3abc3f0\progress\guest.json
2026-08-02 20:34:21 - src.storage.quiz_repository - DEBUG - No saved quiz progress for user 'guest' at C:\Users\And\PythonProjects\FlashcardApp\data\quizzes\da5430fa-b771-4262-9383-90e4e3abc3f0\progress\guest.json
2026-08-02 20:34:21 - src.logic.quiz_logic - INFO - Initializing Quiz with 6 questions
2026-08-02 20:34:21 - src.logic.quiz_logic - DEBUG - Shuffling entire question pool for random selection
2026-08-02 20:34:21 - src.controllers.quiz_controller - INFO - Loaded quiz 'General Quiz (Copy)' for user 'guest': 6 total, 6 learning questions
2026-08-02 20:34:25 - src.storage.quiz_repository - DEBUG - Saved progress for user 'guest' to C:\Users\And\PythonProjects\FlashcardApp\data\quizzes\da5430fa-b771-4262-9383-90e4e3abc3f0\progress\guest.json (1 question records)
2026-08-02 20:34:25 - src.controllers.quiz_controller - DEBUG - Updated attempts for question 'e92d4a97': correct=0 wrong=1
2026-08-02 20:34:25 - src.controllers.quiz_controller - INFO - Recorded wrong attempt for quiz question 'e92d4a97' (session answers: 1)
2026-08-02 20:34:27 - src.storage.quiz_repository - DEBUG - Saved progress for user 'guest' to C:\Users\And\PythonProjects\FlashcardApp\data\quizzes\da5430fa-b771-4262-9383-90e4e3abc3f0\progress\guest.json (2 question records)
2026-08-02 20:34:27 - src.controllers.quiz_controller - DEBUG - Updated attempts for question 'bdcab1c9': correct=0 wrong=1
2026-08-02 20:34:27 - src.controllers.quiz_controller - INFO - Recorded wrong attempt for quiz question 'bdcab1c9' (session answers: 2)
2026-08-02 20:34:29 - src.storage.quiz_repository - DEBUG - Saved progress for user 'guest' to C:\Users\And\PythonProjects\FlashcardApp\data\quizzes\da5430fa-b771-4262-9383-90e4e3abc3f0\progress\guest.json (3 question records)
2026-08-02 20:34:29 - src.controllers.quiz_controller - DEBUG - Updated attempts for question 'a6d54666': correct=0 wrong=1
2026-08-02 20:34:29 - src.controllers.quiz_controller - INFO - Recorded wrong attempt for quiz question 'a6d54666' (session answers: 3)
2026-08-02 20:34:36 - src.storage.quiz_repository - DEBUG - No saved quiz progress for user 'guest' at C:\Users\And\PythonProjects\FlashcardApp\data\quizzes\4d6e1a55-f5bd-4ec6-9911-5318ef748a9a\progress\guest.json
2026-08-02 20:34:36 - src.storage.quiz_repository - DEBUG - Loaded progress for user 'guest' from C:\Users\And\PythonProjects\FlashcardApp\data\quizzes\da5430fa-b771-4262-9383-90e4e3abc3f0\progress\guest.json (3 question records)
2026-08-02 20:35:26 - root - INFO - Logging initialized. File: C:\Users\And\PythonProjects\FlashcardApp\logs\quiz_app.log
2026-08-02 20:35:26 - __main__ - INFO - Qt translations loaded for: en
2026-08-02 20:35:26 - src.logic.app_settings - DEBUG - Settings saved
2026-08-02 20:35:26 - src.logic.translator - INFO - Language changed to: en
2026-08-02 20:35:26 - src.controllers.main_controller - INFO - MainController initialized
2026-08-02 20:35:26 - src.logic.app_settings - DEBUG - Settings saved
2026-08-02 20:35:26 - src.ui.main_window - INFO - Applied light theme
2026-08-02 20:35:26 - src.logic.user_session - INFO - Session ended for: guest
2026-08-02 20:35:26 - src.controllers.main_controller - INFO - Continuing as guest
2026-08-02 20:35:26 - __main__ - INFO - Qt translations loaded for: en
2026-08-02 20:35:26 - __main__ - INFO - Application started successfully
2026-08-02 20:35:27 - src.logic.app_settings - DEBUG - Settings saved
2026-08-02 20:35:27 - src.ui.main_window - INFO - Applied light theme
2026-08-02 20:35:27 - src.ui.main_window - DEBUG - Settings panel shown with overlay
2026-08-02 20:35:37 - src.ui.main_window - DEBUG - Settings panel and overlay hidden
2026-08-02 20:35:52 - src.ui.main_window - DEBUG - Settings panel shown with overlay
2026-08-02 20:35:54 - src.ui.main_window - DEBUG - Settings panel and overlay hidden
2026-08-02 20:36:30 - src.controllers.flashcard_controller - INFO - FlashcardController initialized
2026-08-02 20:36:30 - src.storage.flashcard_repository - DEBUG - No saved deck progress for user 'guest' at C:\Users\And\PythonProjects\FlashcardApp\data\flashcards\073af40a-153f-4940-a305-5f4b764f92c4\progress\guest.json
2026-08-02 20:36:30 - src.storage.flashcard_repository - DEBUG - No saved deck progress for user 'guest' at C:\Users\And\PythonProjects\FlashcardApp\data\flashcards\8f348fc7-0545-413c-96c6-52b0800b4ef0\progress\guest.json
2026-08-02 20:36:30 - src.storage.flashcard_repository - DEBUG - No saved deck progress for user 'guest' at C:\Users\And\PythonProjects\FlashcardApp\data\flashcards\073af40a-153f-4940-a305-5f4b764f92c4\progress\guest.json
2026-08-02 20:36:30 - src.storage.flashcard_repository - DEBUG - No saved deck progress for user 'guest' at C:\Users\And\PythonProjects\FlashcardApp\data\flashcards\8f348fc7-0545-413c-96c6-52b0800b4ef0\progress\guest.json
2026-08-02 20:36:30 - src.ui.main_window - INFO - Launched FlashcardViewer
2026-08-02 20:36:31 - src.storage.flashcard_repository - DEBUG - No saved deck progress for user 'guest' at C:\Users\And\PythonProjects\FlashcardApp\data\flashcards\073af40a-153f-4940-a305-5f4b764f92c4\progress\guest.json
2026-08-02 20:36:31 - src.storage.flashcard_repository - DEBUG - No saved deck progress for user 'guest' at C:\Users\And\PythonProjects\FlashcardApp\data\flashcards\8f348fc7-0545-413c-96c6-52b0800b4ef0\progress\guest.json
2026-08-02 20:36:31 - src.controllers.flashcard_controller - INFO - Starting deck 'Sample Deck Copy' for user 'guest'
2026-08-02 20:36:31 - src.storage.flashcard_repository - DEBUG - No saved deck progress for user 'guest' at C:\Users\And\PythonProjects\FlashcardApp\data\flashcards\8f348fc7-0545-413c-96c6-52b0800b4ef0\progress\guest.json
2026-08-02 20:36:31 - src.controllers.flashcard_controller - INFO - Deck 'Sample Deck Copy' started: 2 total cards, 2 cards in learning queue
2026-08-02 20:36:43 - src.ui.flashcard_viewer - INFO - Returning to deck selection menu.
2026-08-02 20:36:43 - src.storage.flashcard_repository - DEBUG - No saved deck progress for user 'guest' at C:\Users\And\PythonProjects\FlashcardApp\data\flashcards\073af40a-153f-4940-a305-5f4b764f92c4\progress\guest.json
2026-08-02 20:36:43 - src.storage.flashcard_repository - DEBUG - No saved deck progress for user 'guest' at C:\Users\And\PythonProjects\FlashcardApp\data\flashcards\8f348fc7-0545-413c-96c6-52b0800b4ef0\progress\guest.json
2026-08-02 20:36:43 - src.controllers.flashcard_controller - INFO - Ending session. Stats: {'known': 0, 'unknown': 0}
2026-08-02 20:36:56 - src.storage.flashcard_repository - DEBUG - No saved deck progress for user 'guest' at C:\Users\And\PythonProjects\FlashcardApp\data\flashcards\073af40a-153f-4940-a305-5f4b764f92c4\progress\guest.json
2026-08-02 20:36:56 - src.storage.flashcard_repository - DEBUG - No saved deck progress for user 'guest' at C:\Users\And\PythonProjects\FlashcardApp\data\flashcards\8f348fc7-0545-413c-96c6-52b0800b4ef0\progress\guest.json
2026-08-02 20:36:56 - src.controllers.flashcard_controller - INFO - Starting deck 'Sample Deck Copy' for user 'guest'
2026-08-02 20:36:56 - src.storage.flashcard_repository - DEBUG - No saved deck progress for user 'guest' at C:\Users\And\PythonProjects\FlashcardApp\data\flashcards\8f348fc7-0545-413c-96c6-52b0800b4ef0\progress\guest.json
2026-08-02 20:36:56 - src.controllers.flashcard_controller - INFO - Deck 'Sample Deck Copy' started: 2 total cards, 2 cards in learning queue
2026-08-02 20:36:57 - src.storage.flashcard_repository - DEBUG - Saved progress for user 'guest' to C:\Users\And\PythonProjects\FlashcardApp\data\flashcards\8f348fc7-0545-413c-96c6-52b0800b4ef0\progress\guest.json (1 card records)
2026-08-02 20:36:57 - src.controllers.flashcard_controller - INFO - Recorded correct attempt for flashcard '66cac1b9-229f-431e-b1b7-b95573389fd5': correct=1 wrong=0
2026-08-02 20:36:57 - src.storage.flashcard_repository - DEBUG - Saved progress for user 'guest' to C:\Users\And\PythonProjects\FlashcardApp\data\flashcards\8f348fc7-0545-413c-96c6-52b0800b4ef0\progress\guest.json (2 card records)
2026-08-02 20:36:57 - src.controllers.flashcard_controller - INFO - Recorded correct attempt for flashcard 'da37e2d4-5d91-40ea-9774-a27e7e5f5ba7': correct=1 wrong=0
2026-08-02 20:36:57 - src.controllers.flashcard_controller - INFO - Study session complete
2026-08-02 20:36:57 - src.ui.flashcard_viewer - INFO - Returning to deck selection menu.
2026-08-02 20:36:57 - src.storage.flashcard_repository - DEBUG - No saved deck progress for user 'guest' at C:\Users\And\PythonProjects\FlashcardApp\data\flashcards\073af40a-153f-4940-a305-5f4b764f92c4\progress\guest.json
2026-08-02 20:36:57 - src.storage.flashcard_repository - DEBUG - Loaded progress for user 'guest' from C:\Users\And\PythonProjects\FlashcardApp\data\flashcards\8f348fc7-0545-413c-96c6-52b0800b4ef0\progress\guest.json (2 card records)
2026-08-02 20:36:57 - src.controllers.flashcard_controller - INFO - Ending session. Stats: {'known': 2, 'unknown': 0}
2026-08-02 20:37:06 - src.storage.flashcard_repository - DEBUG - No saved deck progress for user 'guest' at C:\Users\And\PythonProjects\FlashcardApp\data\flashcards\073af40a-153f-4940-a305-5f4b764f92c4\progress\guest.json
2026-08-02 20:37:06 - src.storage.flashcard_repository - DEBUG - Loaded progress for user 'guest' from C:\Users\And\PythonProjects\FlashcardApp\data\flashcards\8f348fc7-0545-413c-96c6-52b0800b4ef0\progress\guest.json (2 card records)
2026-08-02 20:37:06 - src.controllers.flashcard_controller - INFO - Starting deck 'Sample Deck Copy' for user 'guest'
2026-08-02 20:37:06 - src.storage.flashcard_repository - DEBUG - Loaded progress for user 'guest' from C:\Users\And\PythonProjects\FlashcardApp\data\flashcards\8f348fc7-0545-413c-96c6-52b0800b4ef0\progress\guest.json (2 card records)
2026-08-02 20:37:06 - src.controllers.flashcard_controller - INFO - Deck 'Sample Deck Copy' started: 2 total cards, 2 cards in learning queue
2026-08-02 20:53:27 - root - INFO - Logging initialized. File: C:\Users\And\PythonProjects\FlashcardApp\logs\quiz_app.log
2026-08-02 20:53:27 - __main__ - INFO - Qt translations loaded for: en
2026-08-02 20:53:27 - src.logic.app_settings - DEBUG - Settings saved
2026-08-02 20:53:27 - src.logic.translator - INFO - Language changed to: en
2026-08-02 20:53:27 - src.controllers.main_controller - INFO - MainController initialized
2026-08-02 20:53:27 - src.logic.app_settings - DEBUG - Settings saved
2026-08-02 20:53:27 - src.ui.main_window - INFO - Applied light theme
2026-08-02 20:53:27 - src.logic.user_session - INFO - Session ended for: guest
2026-08-02 20:53:27 - src.controllers.main_controller - INFO - Continuing as guest
2026-08-02 20:53:27 - __main__ - INFO - Qt translations loaded for: en
2026-08-02 20:53:27 - __main__ - INFO - Application started successfully
2026-08-02 20:53:36 - src.controllers.flashcard_controller - INFO - FlashcardController initialized
2026-08-02 20:53:36 - src.utils.text_to_speech - INFO - Text-to-speech engine 'sapi' is ready
2026-08-02 20:53:36 - src.storage.flashcard_repository - DEBUG - No saved deck progress for user 'guest' at C:\Users\And\PythonProjects\FlashcardApp\data\flashcards\073af40a-153f-4940-a305-5f4b764f92c4\progress\guest.json
2026-08-02 20:53:36 - src.storage.flashcard_repository - DEBUG - Loaded progress for user 'guest' from C:\Users\And\PythonProjects\FlashcardApp\data\flashcards\8f348fc7-0545-413c-96c6-52b0800b4ef0\progress\guest.json (2 card records)
2026-08-02 20:53:36 - src.storage.flashcard_repository - DEBUG - No saved deck progress for user 'guest' at C:\Users\And\PythonProjects\FlashcardApp\data\flashcards\073af40a-153f-4940-a305-5f4b764f92c4\progress\guest.json
2026-08-02 20:53:36 - src.storage.flashcard_repository - DEBUG - Loaded progress for user 'guest' from C:\Users\And\PythonProjects\FlashcardApp\data\flashcards\8f348fc7-0545-413c-96c6-52b0800b4ef0\progress\guest.json (2 card records)
2026-08-02 20:53:36 - src.ui.main_window - INFO - Launched FlashcardViewer
2026-08-02 20:53:38 - src.storage.flashcard_repository - DEBUG - No saved deck progress for user 'guest' at C:\Users\And\PythonProjects\FlashcardApp\data\flashcards\073af40a-153f-4940-a305-5f4b764f92c4\progress\guest.json
2026-08-02 20:53:38 - src.storage.flashcard_repository - DEBUG - Loaded progress for user 'guest' from C:\Users\And\PythonProjects\FlashcardApp\data\flashcards\8f348fc7-0545-413c-96c6-52b0800b4ef0\progress\guest.json (2 card records)
2026-08-02 20:53:38 - src.controllers.flashcard_controller - INFO - Starting deck 'Sample Deck Copy' for user 'guest'
2026-08-02 20:53:38 - src.storage.flashcard_repository - DEBUG - Loaded progress for user 'guest' from C:\Users\And\PythonProjects\FlashcardApp\data\flashcards\8f348fc7-0545-413c-96c6-52b0800b4ef0\progress\guest.json (2 card records)
2026-08-02 20:53:38 - src.controllers.flashcard_controller - INFO - Deck 'Sample Deck Copy' started: 2 total cards, 2 cards in learning queue
2026-08-02 20:53:39 - src.utils.text_to_speech - INFO - Requested TTS using 'sapi' for 14 characters
2026-08-02 20:53:46 - src.utils.text_to_speech - INFO - Requested TTS using 'sapi' for 14 characters
2026-08-02 20:53:50 - src.utils.text_to_speech - INFO - Requested TTS using 'sapi' for 14 characters
2026-08-02 20:53:53 - src.utils.text_to_speech - INFO - Requested TTS using 'sapi' for 14 characters
2026-08-02 20:55:17 - root - INFO - Logging initialized. File: C:\Users\And\PythonProjects\FlashcardApp\logs\quiz_app.log
2026-08-02 20:55:17 - __main__ - INFO - Qt translations loaded for: en
2026-08-02 20:55:17 - src.logic.app_settings - DEBUG - Settings saved
2026-08-02 20:55:17 - src.logic.translator - INFO - Language changed to: en
2026-08-02 20:55:17 - src.controllers.main_controller - INFO - MainController initialized
2026-08-02 20:55:18 - src.logic.app_settings - DEBUG - Settings saved
2026-08-02 20:55:18 - src.ui.main_window - INFO - Applied light theme
2026-08-02 20:55:18 - src.logic.user_session - INFO - Session ended for: guest
2026-08-02 20:55:18 - src.controllers.main_controller - INFO - Continuing as guest
2026-08-02 20:55:18 - __main__ - INFO - Qt translations loaded for: en
2026-08-02 20:55:18 - __main__ - INFO - Application started successfully
2026-08-02 20:55:19 - src.controllers.flashcard_controller - INFO - FlashcardController initialized
2026-08-02 20:55:19 - src.utils.text_to_speech - INFO - Text-to-speech engine 'sapi' is ready
2026-08-02 20:55:19 - src.storage.flashcard_repository - DEBUG - No saved deck progress for user 'guest' at C:\Users\And\PythonProjects\FlashcardApp\data\flashcards\073af40a-153f-4940-a305-5f4b764f92c4\progress\guest.json
2026-08-02 20:55:19 - src.storage.flashcard_repository - DEBUG - Loaded progress for user 'guest' from C:\Users\And\PythonProjects\FlashcardApp\data\flashcards\8f348fc7-0545-413c-96c6-52b0800b4ef0\progress\guest.json (2 card records)
2026-08-02 20:55:19 - src.storage.flashcard_repository - DEBUG - No saved deck progress for user 'guest' at C:\Users\And\PythonProjects\FlashcardApp\data\flashcards\073af40a-153f-4940-a305-5f4b764f92c4\progress\guest.json
2026-08-02 20:55:19 - src.storage.flashcard_repository - DEBUG - Loaded progress for user 'guest' from C:\Users\And\PythonProjects\FlashcardApp\data\flashcards\8f348fc7-0545-413c-96c6-52b0800b4ef0\progress\guest.json (2 card records)
2026-08-02 20:55:19 - src.ui.main_window - INFO - Launched FlashcardViewer
2026-08-02 20:55:20 - src.storage.flashcard_repository - DEBUG - No saved deck progress for user 'guest' at C:\Users\And\PythonProjects\FlashcardApp\data\flashcards\073af40a-153f-4940-a305-5f4b764f92c4\progress\guest.json
2026-08-02 20:55:20 - src.storage.flashcard_repository - DEBUG - Loaded progress for user 'guest' from C:\Users\And\PythonProjects\FlashcardApp\data\flashcards\8f348fc7-0545-413c-96c6-52b0800b4ef0\progress\guest.json (2 card records)
2026-08-02 20:55:20 - src.controllers.flashcard_controller - INFO - Starting deck 'Sample Deck Copy' for user 'guest'
2026-08-02 20:55:20 - src.storage.flashcard_repository - DEBUG - Loaded progress for user 'guest' from C:\Users\And\PythonProjects\FlashcardApp\data\flashcards\8f348fc7-0545-413c-96c6-52b0800b4ef0\progress\guest.json (2 card records)
2026-08-02 20:55:20 - src.controllers.flashcard_controller - INFO - Deck 'Sample Deck Copy' started: 2 total cards, 2 cards in learning queue
2026-08-02 20:55:21 - src.utils.text_to_speech - INFO - Requested TTS using 'sapi' for 30 characters
2026-08-02 20:55:33 - src.utils.text_to_speech - INFO - Requested TTS using 'sapi' for 30 characters
2026-08-02 21:02:43 - src.ui.flashcard_viewer - INFO - Returning to deck selection menu.
2026-08-02 21:02:43 - src.storage.flashcard_repository - DEBUG - No saved deck progress for user 'guest' at C:\Users\And\PythonProjects\FlashcardApp\data\flashcards\073af40a-153f-4940-a305-5f4b764f92c4\progress\guest.json
2026-08-02 21:02:43 - src.storage.flashcard_repository - DEBUG - Loaded progress for user 'guest' from C:\Users\And\PythonProjects\FlashcardApp\data\flashcards\8f348fc7-0545-413c-96c6-52b0800b4ef0\progress\guest.json (2 card records)
2026-08-02 21:02:43 - src.controllers.flashcard_controller - INFO - Ending session. Stats: {'known': 0, 'unknown': 0}
2026-08-02 21:02:50 - src.controllers.flashcard_controller - INFO - FlashcardController initialized
2026-08-02 21:02:50 - src.utils.text_to_speech - INFO - Text-to-speech engine 'sapi' is ready
2026-08-02 21:02:50 - src.storage.flashcard_repository - DEBUG - No saved deck progress for user 'guest' at C:\Users\And\PythonProjects\FlashcardApp\data\flashcards\073af40a-153f-4940-a305-5f4b764f92c4\progress\guest.json
2026-08-02 21:02:50 - src.storage.flashcard_repository - DEBUG - Loaded progress for user 'guest' from C:\Users\And\PythonProjects\FlashcardApp\data\flashcards\8f348fc7-0545-413c-96c6-52b0800b4ef0\progress\guest.json (2 card records)
2026-08-02 21:02:50 - src.storage.flashcard_repository - DEBUG - No saved deck progress for user 'guest' at C:\Users\And\PythonProjects\FlashcardApp\data\flashcards\073af40a-153f-4940-a305-5f4b764f92c4\progress\guest.json
2026-08-02 21:02:50 - src.storage.flashcard_repository - DEBUG - Loaded progress for user 'guest' from C:\Users\And\PythonProjects\FlashcardApp\data\flashcards\8f348fc7-0545-413c-96c6-52b0800b4ef0\progress\guest.json (2 card records)
2026-08-02 21:02:50 - src.ui.main_window - INFO - Launched FlashcardViewer
2026-08-02 21:02:53 - src.storage.flashcard_repository - DEBUG - No saved deck progress for user 'guest' at C:\Users\And\PythonProjects\FlashcardApp\data\flashcards\073af40a-153f-4940-a305-5f4b764f92c4\progress\guest.json
2026-08-02 21:02:53 - src.storage.flashcard_repository - DEBUG - Loaded progress for user 'guest' from C:\Users\And\PythonProjects\FlashcardApp\data\flashcards\8f348fc7-0545-413c-96c6-52b0800b4ef0\progress\guest.json (2 card records)
2026-08-02 21:02:53 - src.controllers.flashcard_controller - INFO - Starting deck 'Sample Deck Copy' for user 'guest'
2026-08-02 21:02:53 - src.storage.flashcard_repository - DEBUG - Loaded progress for user 'guest' from C:\Users\And\PythonProjects\FlashcardApp\data\flashcards\8f348fc7-0545-413c-96c6-52b0800b4ef0\progress\guest.json (2 card records)
2026-08-02 21:02:53 - src.controllers.flashcard_controller - INFO - Deck 'Sample Deck Copy' started: 2 total cards, 2 cards in learning queue
2026-08-02 21:02:55 - src.utils.text_to_speech - INFO - Requested TTS using 'sapi' for 30 characters
2026-08-02 21:03:10 - src.storage.flashcard_repository - DEBUG - Saved progress for user 'guest' to C:\Users\And\PythonProjects\FlashcardApp\data\flashcards\8f348fc7-0545-413c-96c6-52b0800b4ef0\progress\guest.json (2 card records)
2026-08-02 21:03:10 - src.controllers.flashcard_controller - INFO - Recorded correct attempt for flashcard 'da37e2d4-5d91-40ea-9774-a27e7e5f5ba7': correct=2 wrong=0
2026-08-02 21:03:12 - src.utils.text_to_speech - INFO - Requested TTS using 'sapi' for 14 characters
2026-08-02 21:03:17 - src.ui.flashcard_viewer - INFO - Returning to deck selection menu.
2026-08-02 21:03:17 - src.storage.flashcard_repository - DEBUG - No saved deck progress for user 'guest' at C:\Users\And\PythonProjects\FlashcardApp\data\flashcards\073af40a-153f-4940-a305-5f4b764f92c4\progress\guest.json
2026-08-02 21:03:17 - src.storage.flashcard_repository - DEBUG - Loaded progress for user 'guest' from C:\Users\And\PythonProjects\FlashcardApp\data\flashcards\8f348fc7-0545-413c-96c6-52b0800b4ef0\progress\guest.json (2 card records)
2026-08-02 21:03:17 - src.controllers.flashcard_controller - INFO - Ending session. Stats: {'known': 1, 'unknown': 0}
2026-08-02 21:03:20 - src.storage.quiz_repository - DEBUG - No saved quiz progress for user 'guest' at C:\Users\And\PythonProjects\FlashcardApp\data\quizzes\4d6e1a55-f5bd-4ec6-9911-5318ef748a9a\progress\guest.json
2026-08-02 21:03:20 - src.storage.quiz_repository - DEBUG - Loaded progress for user 'guest' from C:\Users\And\PythonProjects\FlashcardApp\data\quizzes\da5430fa-b771-4262-9383-90e4e3abc3f0\progress\guest.json (3 question records)
2026-08-02 21:03:20 - src.storage.quiz_repository - DEBUG - No saved quiz progress for user 'guest' at C:\Users\And\PythonProjects\FlashcardApp\data\quizzes\4d6e1a55-f5bd-4ec6-9911-5318ef748a9a\progress\guest.json
2026-08-02 21:03:20 - src.storage.quiz_repository - DEBUG - Loaded progress for user 'guest' from C:\Users\And\PythonProjects\FlashcardApp\data\quizzes\da5430fa-b771-4262-9383-90e4e3abc3f0\progress\guest.json (3 question records)
2026-08-02 21:03:20 - src.ui.main_window - INFO - Launched QuizViewer
2026-08-02 21:03:21 - src.storage.quiz_repository - DEBUG - No saved quiz progress for user 'guest' at C:\Users\And\PythonProjects\FlashcardApp\data\quizzes\4d6e1a55-f5bd-4ec6-9911-5318ef748a9a\progress\guest.json
2026-08-02 21:03:21 - src.storage.quiz_repository - DEBUG - Loaded progress for user 'guest' from C:\Users\And\PythonProjects\FlashcardApp\data\quizzes\da5430fa-b771-4262-9383-90e4e3abc3f0\progress\guest.json (3 question records)
2026-08-02 21:03:21 - src.storage.quiz_repository - DEBUG - Loaded progress for user 'guest' from C:\Users\And\PythonProjects\FlashcardApp\data\quizzes\da5430fa-b771-4262-9383-90e4e3abc3f0\progress\guest.json (3 question records)
2026-08-02 21:03:21 - src.logic.quiz_logic - INFO - Initializing Quiz with 6 questions
2026-08-02 21:03:21 - src.logic.quiz_logic - DEBUG - Shuffling entire question pool for random selection
2026-08-02 21:03:21 - src.controllers.quiz_controller - INFO - Loaded quiz 'General Quiz (Copy)' for user 'guest': 6 total, 6 learning questions
2026-08-02 21:03:24 - src.storage.quiz_repository - DEBUG - Saved progress for user 'guest' to C:\Users\And\PythonProjects\FlashcardApp\data\quizzes\da5430fa-b771-4262-9383-90e4e3abc3f0\progress\guest.json (3 question records)
2026-08-02 21:03:24 - src.controllers.quiz_controller - DEBUG - Updated attempts for question 'e92d4a97': correct=0 wrong=2
2026-08-02 21:03:24 - src.controllers.quiz_controller - INFO - Recorded wrong attempt for quiz question 'e92d4a97' (session answers: 1)
2026-08-02 21:03:34 - src.storage.quiz_repository - DEBUG - No saved quiz progress for user 'guest' at C:\Users\And\PythonProjects\FlashcardApp\data\quizzes\4d6e1a55-f5bd-4ec6-9911-5318ef748a9a\progress\guest.json
2026-08-02 21:03:34 - src.storage.quiz_repository - DEBUG - Loaded progress for user 'guest' from C:\Users\And\PythonProjects\FlashcardApp\data\quizzes\da5430fa-b771-4262-9383-90e4e3abc3f0\progress\guest.json (3 question records)
2026-08-02 21:03:35 - src.storage.quiz_repository - DEBUG - No saved quiz progress for user 'guest' at C:\Users\And\PythonProjects\FlashcardApp\data\quizzes\4d6e1a55-f5bd-4ec6-9911-5318ef748a9a\progress\guest.json
2026-08-02 21:03:35 - src.storage.quiz_repository - DEBUG - Loaded progress for user 'guest' from C:\Users\And\PythonProjects\FlashcardApp\data\quizzes\da5430fa-b771-4262-9383-90e4e3abc3f0\progress\guest.json (3 question records)
2026-08-02 21:03:35 - src.storage.quiz_repository - DEBUG - No saved quiz progress for user 'guest' at C:\Users\And\PythonProjects\FlashcardApp\data\quizzes\4d6e1a55-f5bd-4ec6-9911-5318ef748a9a\progress\guest.json
2026-08-02 21:03:35 - src.logic.quiz_logic - INFO - Initializing Quiz with 100 questions
2026-08-02 21:03:35 - src.logic.quiz_logic - DEBUG - Shuffling entire question pool for random selection
2026-08-02 21:03:35 - src.logic.quiz_logic - INFO - Selecting 20 random questions from pool
2026-08-02 21:03:35 - src.controllers.quiz_controller - INFO - Loaded quiz 'General Quiz' for user 'guest': 100 total, 100 learning questions
2026-08-02 21:04:30 - root - INFO - Logging initialized. File: C:\Users\And\PythonProjects\FlashcardApp\logs\quiz_app.log
2026-08-02 21:04:30 - __main__ - INFO - Qt translations loaded for: en
2026-08-02 21:04:30 - src.logic.app_settings - DEBUG - Settings saved
2026-08-02 21:04:30 - src.logic.translator - INFO - Language changed to: en
2026-08-02 21:04:30 - src.controllers.main_controller - INFO - MainController initialized
2026-08-02 21:04:30 - src.logic.app_settings - DEBUG - Settings saved
2026-08-02 21:04:30 - src.ui.main_window - INFO - Applied light theme
2026-08-02 21:04:30 - src.logic.user_session - INFO - Session ended for: guest
2026-08-02 21:04:30 - src.controllers.main_controller - INFO - Continuing as guest
2026-08-02 21:04:30 - __main__ - INFO - Qt translations loaded for: en
2026-08-02 21:04:30 - __main__ - INFO - Application started successfully
2026-08-02 21:04:31 - src.controllers.flashcard_controller - INFO - FlashcardController initialized
2026-08-02 21:04:31 - src.utils.text_to_speech - INFO - Text-to-speech engine 'sapi' is ready
2026-08-02 21:04:31 - src.storage.flashcard_repository - DEBUG - No saved deck progress for user 'guest' at C:\Users\And\PythonProjects\FlashcardApp\data\flashcards\073af40a-153f-4940-a305-5f4b764f92c4\progress\guest.json
2026-08-02 21:04:31 - src.storage.flashcard_repository - DEBUG - Loaded progress for user 'guest' from C:\Users\And\PythonProjects\FlashcardApp\data\flashcards\8f348fc7-0545-413c-96c6-52b0800b4ef0\progress\guest.json (2 card records)
2026-08-02 21:04:31 - src.storage.flashcard_repository - DEBUG - No saved deck progress for user 'guest' at C:\Users\And\PythonProjects\FlashcardApp\data\flashcards\073af40a-153f-4940-a305-5f4b764f92c4\progress\guest.json
2026-08-02 21:04:31 - src.storage.flashcard_repository - DEBUG - Loaded progress for user 'guest' from C:\Users\And\PythonProjects\FlashcardApp\data\flashcards\8f348fc7-0545-413c-96c6-52b0800b4ef0\progress\guest.json (2 card records)
2026-08-02 21:04:31 - src.ui.main_window - INFO - Launched FlashcardViewer
2026-08-02 21:04:32 - src.storage.flashcard_repository - DEBUG - No saved deck progress for user 'guest' at C:\Users\And\PythonProjects\FlashcardApp\data\flashcards\073af40a-153f-4940-a305-5f4b764f92c4\progress\guest.json
2026-08-02 21:04:32 - src.storage.flashcard_repository - DEBUG - Loaded progress for user 'guest' from C:\Users\And\PythonProjects\FlashcardApp\data\flashcards\8f348fc7-0545-413c-96c6-52b0800b4ef0\progress\guest.json (2 card records)
2026-08-02 21:04:32 - src.controllers.flashcard_controller - INFO - Starting deck 'Sample Deck Copy' for user 'guest'
2026-08-02 21:04:32 - src.storage.flashcard_repository - DEBUG - Loaded progress for user 'guest' from C:\Users\And\PythonProjects\FlashcardApp\data\flashcards\8f348fc7-0545-413c-96c6-52b0800b4ef0\progress\guest.json (2 card records)
2026-08-02 21:04:32 - src.controllers.flashcard_controller - INFO - Deck 'Sample Deck Copy' started: 2 total cards, 2 cards in learning queue
2026-08-02 21:09:38 - root - INFO - Logging initialized. File: C:\Users\And\PythonProjects\FlashcardApp\logs\quiz_app.log
2026-08-02 21:09:38 - __main__ - INFO - Qt translations loaded for: en
2026-08-02 21:09:38 - src.logic.app_settings - DEBUG - Settings saved
2026-08-02 21:09:38 - src.logic.translator - INFO - Language changed to: en
2026-08-02 21:09:38 - src.controllers.main_controller - INFO - MainController initialized
2026-08-02 21:09:39 - src.logic.app_settings - DEBUG - Settings saved
2026-08-02 21:09:39 - src.ui.main_window - INFO - Applied light theme
2026-08-02 21:09:39 - src.logic.user_session - INFO - Session ended for: guest
2026-08-02 21:09:39 - src.controllers.main_controller - INFO - Continuing as guest
2026-08-02 21:09:39 - __main__ - INFO - Qt translations loaded for: en
2026-08-02 21:09:39 - __main__ - INFO - Application started successfully
2026-08-02 21:09:40 - src.controllers.flashcard_controller - INFO - FlashcardController initialized
2026-08-02 21:09:40 - src.utils.text_to_speech - INFO - Text-to-speech engine 'sapi' is ready
2026-08-02 21:09:40 - src.storage.flashcard_repository - DEBUG - No saved deck progress for user 'guest' at C:\Users\And\PythonProjects\FlashcardApp\data\flashcards\073af40a-153f-4940-a305-5f4b764f92c4\progress\guest.json
2026-08-02 21:09:40 - src.storage.flashcard_repository - DEBUG - Loaded progress for user 'guest' from C:\Users\And\PythonProjects\FlashcardApp\data\flashcards\8f348fc7-0545-413c-96c6-52b0800b4ef0\progress\guest.json (2 card records)
2026-08-02 21:09:40 - src.storage.flashcard_repository - DEBUG - No saved deck progress for user 'guest' at C:\Users\And\PythonProjects\FlashcardApp\data\flashcards\073af40a-153f-4940-a305-5f4b764f92c4\progress\guest.json
2026-08-02 21:09:40 - src.storage.flashcard_repository - DEBUG - Loaded progress for user 'guest' from C:\Users\And\PythonProjects\FlashcardApp\data\flashcards\8f348fc7-0545-413c-96c6-52b0800b4ef0\progress\guest.json (2 card records)
2026-08-02 21:09:40 - src.ui.main_window - INFO - Launched FlashcardViewer
2026-08-02 21:09:41 - src.storage.flashcard_repository - DEBUG - No saved deck progress for user 'guest' at C:\Users\And\PythonProjects\FlashcardApp\data\flashcards\073af40a-153f-4940-a305-5f4b764f92c4\progress\guest.json
2026-08-02 21:09:41 - src.storage.flashcard_repository - DEBUG - Loaded progress for user 'guest' from C:\Users\And\PythonProjects\FlashcardApp\data\flashcards\8f348fc7-0545-413c-96c6-52b0800b4ef0\progress\guest.json (2 card records)
2026-08-02 21:09:41 - src.controllers.flashcard_controller - INFO - Starting deck 'Sample Deck Copy' for user 'guest'
2026-08-02 21:09:41 - src.storage.flashcard_repository - DEBUG - Loaded progress for user 'guest' from C:\Users\And\PythonProjects\FlashcardApp\data\flashcards\8f348fc7-0545-413c-96c6-52b0800b4ef0\progress\guest.json (2 card records)
2026-08-02 21:09:41 - src.controllers.flashcard_controller - INFO - Deck 'Sample Deck Copy' started: 2 total cards, 2 cards in learning queue
2026-08-02 21:09:43 - src.utils.text_to_speech - INFO - Requested TTS using 'sapi' for 30 characters
2026-08-02 21:09:48 - src.utils.text_to_speech - INFO - Requested TTS using 'sapi' for 30 characters
2026-08-02 21:09:50 - src.utils.text_to_speech - INFO - Requested TTS using 'sapi' for 30 characters
2026-08-02 21:09:53 - src.utils.text_to_speech - INFO - Requested TTS using 'sapi' for 30 characters
2026-08-02 21:09:55 - src.utils.text_to_speech - INFO - Requested TTS using 'sapi' for 30 characters
2026-08-02 21:09:56 - src.utils.text_to_speech - INFO - Requested TTS using 'sapi' for 61 characters
2026-08-02 21:09:58 - src.utils.text_to_speech - INFO - Requested TTS using 'sapi' for 30 characters
2026-08-02 21:10:04 - src.utils.text_to_speech - INFO - Requested TTS using 'sapi' for 61 characters
2026-08-02 21:10:06 - src.utils.text_to_speech - INFO - Requested TTS using 'sapi' for 61 characters
2026-08-02 21:10:18 - src.utils.text_to_speech - INFO - Requested TTS using 'sapi' for 30 characters
2026-08-02 21:10:22 - src.utils.text_to_speech - INFO - Requested TTS using 'sapi' for 61 characters
2026-08-02 21:10:24 - src.ui.flashcard_viewer - INFO - Returning to deck selection menu.
2026-08-02 21:10:24 - src.storage.flashcard_repository - DEBUG - No saved deck progress for user 'guest' at C:\Users\And\PythonProjects\FlashcardApp\data\flashcards\073af40a-153f-4940-a305-5f4b764f92c4\progress\guest.json
2026-08-02 21:10:24 - src.storage.flashcard_repository - DEBUG - Loaded progress for user 'guest' from C:\Users\And\PythonProjects\FlashcardApp\data\flashcards\8f348fc7-0545-413c-96c6-52b0800b4ef0\progress\guest.json (2 card records)
2026-08-02 21:10:24 - src.controllers.flashcard_controller - INFO - Ending session. Stats: {'known': 0, 'unknown': 0}
2026-08-02 21:10:27 - src.storage.flashcard_repository - INFO - No deck progress to reset for user 'guest' at C:\Users\And\PythonProjects\FlashcardApp\data\flashcards\073af40a-153f-4940-a305-5f4b764f92c4\progress\guest.json
2026-08-02 21:10:27 - src.storage.flashcard_repository - INFO - Reset deck progress for user 'guest' at C:\Users\And\PythonProjects\FlashcardApp\data\flashcards\8f348fc7-0545-413c-96c6-52b0800b4ef0\progress\guest.json
2026-08-02 21:10:27 - src.storage.flashcard_repository - INFO - Cleared progress for user 'guest' from 1 decks
2026-08-02 21:10:27 - src.controllers.flashcard_controller - INFO - All deck progress cleared for user 'guest' (1 decks)
2026-08-02 21:10:27 - src.storage.flashcard_repository - DEBUG - No saved deck progress for user 'guest' at C:\Users\And\PythonProjects\FlashcardApp\data\flashcards\073af40a-153f-4940-a305-5f4b764f92c4\progress\guest.json
2026-08-02 21:10:27 - src.storage.flashcard_repository - DEBUG - No saved deck progress for user 'guest' at C:\Users\And\PythonProjects\FlashcardApp\data\flashcards\8f348fc7-0545-413c-96c6-52b0800b4ef0\progress\guest.json
2026-08-02 21:10:30 - src.controllers.flashcard_controller - INFO - FlashcardController initialized
2026-08-02 21:10:30 - src.utils.text_to_speech - INFO - Text-to-speech engine 'sapi' is ready
2026-08-02 21:10:30 - src.storage.flashcard_repository - DEBUG - No saved deck progress for user 'guest' at C:\Users\And\PythonProjects\FlashcardApp\data\flashcards\073af40a-153f-4940-a305-5f4b764f92c4\progress\guest.json
2026-08-02 21:10:30 - src.storage.flashcard_repository - DEBUG - No saved deck progress for user 'guest' at C:\Users\And\PythonProjects\FlashcardApp\data\flashcards\8f348fc7-0545-413c-96c6-52b0800b4ef0\progress\guest.json
2026-08-02 21:10:30 - src.storage.flashcard_repository - DEBUG - No saved deck progress for user 'guest' at C:\Users\And\PythonProjects\FlashcardApp\data\flashcards\073af40a-153f-4940-a305-5f4b764f92c4\progress\guest.json
2026-08-02 21:10:30 - src.storage.flashcard_repository - DEBUG - No saved deck progress for user 'guest' at C:\Users\And\PythonProjects\FlashcardApp\data\flashcards\8f348fc7-0545-413c-96c6-52b0800b4ef0\progress\guest.json
2026-08-02 21:10:30 - src.ui.main_window - INFO - Launched FlashcardViewer
2026-08-02 21:10:31 - src.storage.flashcard_repository - DEBUG - No saved deck progress for user 'guest' at C:\Users\And\PythonProjects\FlashcardApp\data\flashcards\073af40a-153f-4940-a305-5f4b764f92c4\progress\guest.json
2026-08-02 21:10:31 - src.storage.flashcard_repository - DEBUG - No saved deck progress for user 'guest' at C:\Users\And\PythonProjects\FlashcardApp\data\flashcards\8f348fc7-0545-413c-96c6-52b0800b4ef0\progress\guest.json
2026-08-02 21:10:31 - src.controllers.flashcard_controller - INFO - Starting deck 'Sample Deck Copy' for user 'guest'
2026-08-02 21:10:31 - src.storage.flashcard_repository - DEBUG - No saved deck progress for user 'guest' at C:\Users\And\PythonProjects\FlashcardApp\data\flashcards\8f348fc7-0545-413c-96c6-52b0800b4ef0\progress\guest.json
2026-08-02 21:10:31 - src.controllers.flashcard_controller - INFO - Deck 'Sample Deck Copy' started: 2 total cards, 2 cards in learning queue
2026-08-02 21:10:32 - src.utils.text_to_speech - INFO - Requested TTS using 'sapi' for 30 characters
2026-08-02 21:10:36 - src.utils.text_to_speech - INFO - Requested TTS using 'sapi' for 61 characters
2026-08-02 21:10:42 - src.ui.flashcard_viewer - INFO - Returning to deck selection menu.
2026-08-02 21:10:42 - src.storage.flashcard_repository - DEBUG - No saved deck progress for user 'guest' at C:\Users\And\PythonProjects\FlashcardApp\data\flashcards\073af40a-153f-4940-a305-5f4b764f92c4\progress\guest.json
2026-08-02 21:10:42 - src.storage.flashcard_repository - DEBUG - No saved deck progress for user 'guest' at C:\Users\And\PythonProjects\FlashcardApp\data\flashcards\8f348fc7-0545-413c-96c6-52b0800b4ef0\progress\guest.json
2026-08-02 21:10:42 - src.controllers.flashcard_controller - INFO - Ending session. Stats: {'known': 0, 'unknown': 0}
2026-08-02 21:10:43 - src.storage.flashcard_repository - DEBUG - No saved deck progress for user 'guest' at C:\Users\And\PythonProjects\FlashcardApp\data\flashcards\073af40a-153f-4940-a305-5f4b764f92c4\progress\guest.json
2026-08-02 21:10:43 - src.storage.flashcard_repository - DEBUG - No saved deck progress for user 'guest' at C:\Users\And\PythonProjects\FlashcardApp\data\flashcards\8f348fc7-0545-413c-96c6-52b0800b4ef0\progress\guest.json
2026-08-02 21:10:43 - src.controllers.flashcard_controller - INFO - Starting deck 'Sample Deck Copy' for user 'guest'
2026-08-02 21:10:43 - src.storage.flashcard_repository - DEBUG - No saved deck progress for user 'guest' at C:\Users\And\PythonProjects\FlashcardApp\data\flashcards\8f348fc7-0545-413c-96c6-52b0800b4ef0\progress\guest.json
2026-08-02 21:10:43 - src.controllers.flashcard_controller - INFO - Deck 'Sample Deck Copy' started: 2 total cards, 2 cards in learning queue
2026-08-02 21:10:47 - src.utils.text_to_speech - INFO - Requested TTS using 'sapi' for 30 characters
2026-08-02 21:15:39 - root - INFO - Logging initialized. File: C:\Users\And\PythonProjects\FlashcardApp\logs\quiz_app.log
2026-08-02 21:15:39 - __main__ - INFO - Qt translations loaded for: en
2026-08-02 21:15:39 - src.logic.app_settings - DEBUG - Settings saved
2026-08-02 21:15:39 - src.logic.translator - INFO - Language changed to: en
2026-08-02 21:15:39 - src.controllers.main_controller - INFO - MainController initialized
2026-08-02 21:15:39 - src.logic.app_settings - DEBUG - Settings saved
2026-08-02 21:15:39 - src.ui.main_window - INFO - Applied light theme
2026-08-02 21:15:39 - src.logic.user_session - INFO - Session ended for: guest
2026-08-02 21:15:39 - src.controllers.main_controller - INFO - Continuing as guest
2026-08-02 21:15:39 - __main__ - INFO - Qt translations loaded for: en
2026-08-02 21:15:39 - __main__ - INFO - Application started successfully
2026-08-02 21:15:41 - src.controllers.flashcard_controller - INFO - FlashcardController initialized
2026-08-02 21:15:41 - src.utils.text_to_speech - INFO - Text-to-speech engine 'sapi' is ready
2026-08-02 21:15:41 - src.storage.flashcard_repository - DEBUG - No saved deck progress for user 'guest' at C:\Users\And\PythonProjects\FlashcardApp\data\flashcards\073af40a-153f-4940-a305-5f4b764f92c4\progress\guest.json
2026-08-02 21:15:41 - src.storage.flashcard_repository - DEBUG - No saved deck progress for user 'guest' at C:\Users\And\PythonProjects\FlashcardApp\data\flashcards\8f348fc7-0545-413c-96c6-52b0800b4ef0\progress\guest.json
2026-08-02 21:15:41 - src.storage.flashcard_repository - DEBUG - No saved deck progress for user 'guest' at C:\Users\And\PythonProjects\FlashcardApp\data\flashcards\073af40a-153f-4940-a305-5f4b764f92c4\progress\guest.json
2026-08-02 21:15:41 - src.storage.flashcard_repository - DEBUG - No saved deck progress for user 'guest' at C:\Users\And\PythonProjects\FlashcardApp\data\flashcards\8f348fc7-0545-413c-96c6-52b0800b4ef0\progress\guest.json
2026-08-02 21:15:41 - src.ui.main_window - INFO - Launched FlashcardViewer
2026-08-02 21:15:42 - src.storage.flashcard_repository - DEBUG - No saved deck progress for user 'guest' at C:\Users\And\PythonProjects\FlashcardApp\data\flashcards\073af40a-153f-4940-a305-5f4b764f92c4\progress\guest.json
2026-08-02 21:15:42 - src.storage.flashcard_repository - DEBUG - No saved deck progress for user 'guest' at C:\Users\And\PythonProjects\FlashcardApp\data\flashcards\8f348fc7-0545-413c-96c6-52b0800b4ef0\progress\guest.json
2026-08-02 21:15:42 - src.controllers.flashcard_controller - INFO - Starting deck 'Sample Deck Copy' for user 'guest'
2026-08-02 21:15:42 - src.storage.flashcard_repository - DEBUG - No saved deck progress for user 'guest' at C:\Users\And\PythonProjects\FlashcardApp\data\flashcards\8f348fc7-0545-413c-96c6-52b0800b4ef0\progress\guest.json
2026-08-02 21:15:42 - src.controllers.flashcard_controller - INFO - Deck 'Sample Deck Copy' started: 2 total cards, 2 cards in learning queue
2026-08-02 21:15:43 - src.utils.text_to_speech - INFO - Requested TTS using 'sapi' for 14 characters
2026-08-02 21:15:49 - src.utils.text_to_speech - INFO - Requested TTS using 'sapi' for 19 characters
2026-08-02 21:15:51 - src.utils.text_to_speech - INFO - Requested TTS using 'sapi' for 19 characters
2026-08-02 21:16:18 - src.storage.flashcard_repository - DEBUG - Saved progress for user 'guest' to C:\Users\And\PythonProjects\FlashcardApp\data\flashcards\8f348fc7-0545-413c-96c6-52b0800b4ef0\progress\guest.json (1 card records)
2026-08-02 21:16:18 - src.controllers.flashcard_controller - INFO - Recorded correct attempt for flashcard '66cac1b9-229f-431e-b1b7-b95573389fd5': correct=1 wrong=0
2026-08-02 21:16:19 - src.utils.text_to_speech - INFO - Requested TTS using 'sapi' for 30 characters
2026-08-02 21:16:26 - src.utils.text_to_speech - INFO - Requested TTS using 'sapi' for 61 characters
2026-08-02 21:17:25 - root - INFO - Logging initialized. File: C:\Users\And\PythonProjects\FlashcardApp\logs\quiz_app.log
2026-08-02 21:17:25 - __main__ - INFO - Qt translations loaded for: en
2026-08-02 21:17:25 - src.logic.app_settings - DEBUG - Settings saved
2026-08-02 21:17:25 - src.logic.translator - INFO - Language changed to: en
2026-08-02 21:17:25 - src.controllers.main_controller - INFO - MainController initialized
2026-08-02 21:17:26 - src.logic.app_settings - DEBUG - Settings saved
2026-08-02 21:17:26 - src.ui.main_window - INFO - Applied light theme
2026-08-02 21:17:26 - src.logic.user_session - INFO - Session ended for: guest
2026-08-02 21:17:26 - src.controllers.main_controller - INFO - Continuing as guest
2026-08-02 21:17:26 - __main__ - INFO - Qt translations loaded for: en
2026-08-02 21:17:26 - __main__ - INFO - Application started successfully
2026-08-02 21:17:27 - src.controllers.flashcard_controller - INFO - FlashcardController initialized
2026-08-02 21:17:27 - src.utils.text_to_speech - INFO - Text-to-speech engine 'sapi' is ready
2026-08-02 21:17:27 - src.storage.flashcard_repository - DEBUG - No saved deck progress for user 'guest' at C:\Users\And\PythonProjects\FlashcardApp\data\flashcards\073af40a-153f-4940-a305-5f4b764f92c4\progress\guest.json
2026-08-02 21:17:27 - src.storage.flashcard_repository - DEBUG - Loaded progress for user 'guest' from C:\Users\And\PythonProjects\FlashcardApp\data\flashcards\8f348fc7-0545-413c-96c6-52b0800b4ef0\progress\guest.json (1 card records)
2026-08-02 21:17:27 - src.storage.flashcard_repository - DEBUG - No saved deck progress for user 'guest' at C:\Users\And\PythonProjects\FlashcardApp\data\flashcards\073af40a-153f-4940-a305-5f4b764f92c4\progress\guest.json
2026-08-02 21:17:27 - src.storage.flashcard_repository - DEBUG - Loaded progress for user 'guest' from C:\Users\And\PythonProjects\FlashcardApp\data\flashcards\8f348fc7-0545-413c-96c6-52b0800b4ef0\progress\guest.json (1 card records)
2026-08-02 21:17:27 - src.ui.main_window - INFO - Launched FlashcardViewer
2026-08-02 21:17:28 - src.storage.flashcard_repository - DEBUG - No saved deck progress for user 'guest' at C:\Users\And\PythonProjects\FlashcardApp\data\flashcards\073af40a-153f-4940-a305-5f4b764f92c4\progress\guest.json
2026-08-02 21:17:28 - src.storage.flashcard_repository - DEBUG - Loaded progress for user 'guest' from C:\Users\And\PythonProjects\FlashcardApp\data\flashcards\8f348fc7-0545-413c-96c6-52b0800b4ef0\progress\guest.json (1 card records)
2026-08-02 21:17:28 - src.controllers.flashcard_controller - INFO - Starting deck 'Sample Deck Copy' for user 'guest'
2026-08-02 21:17:28 - src.storage.flashcard_repository - DEBUG - Loaded progress for user 'guest' from C:\Users\And\PythonProjects\FlashcardApp\data\flashcards\8f348fc7-0545-413c-96c6-52b0800b4ef0\progress\guest.json (1 card records)
2026-08-02 21:17:28 - src.controllers.flashcard_controller - INFO - Deck 'Sample Deck Copy' started: 2 total cards, 2 cards in learning queue
2026-08-02 21:17:30 - src.utils.text_to_speech - INFO - Requested TTS using 'sapi' for 30 characters
2026-08-02 21:17:35 - src.utils.text_to_speech - INFO - Requested 1-part TTS sequence using 'sapi'
2026-08-02 21:17:39 - src.storage.flashcard_repository - DEBUG - Saved progress for user 'guest' to C:\Users\And\PythonProjects\FlashcardApp\data\flashcards\8f348fc7-0545-413c-96c6-52b0800b4ef0\progress\guest.json (2 card records)
2026-08-02 21:17:39 - src.controllers.flashcard_controller - INFO - Recorded correct attempt for flashcard 'da37e2d4-5d91-40ea-9774-a27e7e5f5ba7': correct=1 wrong=0
2026-08-02 21:17:41 - src.utils.text_to_speech - INFO - Requested 1-part TTS sequence using 'sapi'
2026-08-03 09:30:21 - root - INFO - Logging initialized. File: C:\Users\And\PythonProjects\FlashcardApp\logs\quiz_app.log
2026-08-03 09:30:21 - __main__ - INFO - Qt translations loaded for: en
2026-08-03 09:30:21 - src.logic.app_settings - DEBUG - Settings saved
2026-08-03 09:30:21 - src.logic.translator - INFO - Language changed to: en
2026-08-03 09:30:21 - src.controllers.main_controller - INFO - MainController initialized
2026-08-03 09:30:24 - src.logic.app_settings - DEBUG - Settings saved
2026-08-03 09:30:24 - src.ui.main_window - INFO - Applied light theme
2026-08-03 09:30:24 - src.logic.user_session - INFO - Session ended for: guest
2026-08-03 09:30:24 - src.controllers.main_controller - INFO - Continuing as guest
2026-08-03 09:30:24 - __main__ - INFO - Qt translations loaded for: en
2026-08-03 09:30:24 - __main__ - INFO - Application started successfully
2026-08-03 09:30:25 - src.controllers.flashcard_controller - INFO - FlashcardController initialized
2026-08-03 09:30:25 - src.utils.text_to_speech - INFO - Text-to-speech engine 'sapi' is ready
2026-08-03 09:30:25 - src.storage.flashcard_repository - DEBUG - No saved deck progress for user 'guest' at C:\Users\And\PythonProjects\FlashcardApp\data\flashcards\073af40a-153f-4940-a305-5f4b764f92c4\progress\guest.json
2026-08-03 09:30:25 - src.storage.flashcard_repository - DEBUG - Loaded progress for user 'guest' from C:\Users\And\PythonProjects\FlashcardApp\data\flashcards\8f348fc7-0545-413c-96c6-52b0800b4ef0\progress\guest.json (2 card records)
2026-08-03 09:30:25 - src.storage.flashcard_repository - DEBUG - No saved deck progress for user 'guest' at C:\Users\And\PythonProjects\FlashcardApp\data\flashcards\073af40a-153f-4940-a305-5f4b764f92c4\progress\guest.json
2026-08-03 09:30:25 - src.storage.flashcard_repository - DEBUG - Loaded progress for user 'guest' from C:\Users\And\PythonProjects\FlashcardApp\data\flashcards\8f348fc7-0545-413c-96c6-52b0800b4ef0\progress\guest.json (2 card records)
2026-08-03 09:30:25 - src.ui.main_window - INFO - Launched FlashcardViewer
2026-08-03 09:30:27 - src.storage.flashcard_repository - DEBUG - No saved deck progress for user 'guest' at C:\Users\And\PythonProjects\FlashcardApp\data\flashcards\073af40a-153f-4940-a305-5f4b764f92c4\progress\guest.json
2026-08-03 09:30:27 - src.storage.flashcard_repository - DEBUG - Loaded progress for user 'guest' from C:\Users\And\PythonProjects\FlashcardApp\data\flashcards\8f348fc7-0545-413c-96c6-52b0800b4ef0\progress\guest.json (2 card records)
2026-08-03 09:30:27 - src.controllers.flashcard_controller - INFO - Starting deck 'Sample Deck Copy' for user 'guest'
2026-08-03 09:30:27 - src.storage.flashcard_repository - DEBUG - Loaded progress for user 'guest' from C:\Users\And\PythonProjects\FlashcardApp\data\flashcards\8f348fc7-0545-413c-96c6-52b0800b4ef0\progress\guest.json (2 card records)
2026-08-03 09:30:27 - src.controllers.flashcard_controller - INFO - Deck 'Sample Deck Copy' started: 2 total cards, 2 cards in learning queue
2026-08-03 09:35:34 - root - INFO - Logging initialized. File: C:\Users\And\PythonProjects\FlashcardApp\logs\quiz_app.log
2026-08-03 09:35:34 - __main__ - INFO - Qt translations loaded for: en
2026-08-03 09:35:34 - src.logic.app_settings - DEBUG - Settings saved
2026-08-03 09:35:34 - src.logic.translator - INFO - Language changed to: en
2026-08-03 09:35:34 - src.controllers.main_controller - INFO - MainController initialized
2026-08-03 09:35:38 - src.logic.app_settings - DEBUG - Settings saved
2026-08-03 09:35:38 - src.ui.main_window - INFO - Applied light theme
2026-08-03 09:35:38 - src.logic.user_session - INFO - Session ended for: guest
2026-08-03 09:35:38 - src.controllers.main_controller - INFO - Continuing as guest
2026-08-03 09:35:38 - __main__ - INFO - Qt translations loaded for: en
2026-08-03 09:35:38 - __main__ - INFO - Application started successfully
2026-08-03 09:35:39 - src.controllers.flashcard_controller - INFO - FlashcardController initialized
2026-08-03 09:35:39 - src.utils.text_to_speech - INFO - Text-to-speech engine 'sapi' is ready
2026-08-03 09:35:39 - src.storage.flashcard_repository - DEBUG - No saved deck progress for user 'guest' at C:\Users\And\PythonProjects\FlashcardApp\data\flashcards\073af40a-153f-4940-a305-5f4b764f92c4\progress\guest.json
2026-08-03 09:35:39 - src.storage.flashcard_repository - DEBUG - Loaded progress for user 'guest' from C:\Users\And\PythonProjects\FlashcardApp\data\flashcards\8f348fc7-0545-413c-96c6-52b0800b4ef0\progress\guest.json (2 card records)
2026-08-03 09:35:39 - src.storage.flashcard_repository - DEBUG - No saved deck progress for user 'guest' at C:\Users\And\PythonProjects\FlashcardApp\data\flashcards\073af40a-153f-4940-a305-5f4b764f92c4\progress\guest.json
2026-08-03 09:35:39 - src.storage.flashcard_repository - DEBUG - Loaded progress for user 'guest' from C:\Users\And\PythonProjects\FlashcardApp\data\flashcards\8f348fc7-0545-413c-96c6-52b0800b4ef0\progress\guest.json (2 card records)
2026-08-03 09:35:39 - src.ui.main_window - INFO - Launched FlashcardViewer
2026-08-03 09:35:40 - src.storage.flashcard_repository - DEBUG - No saved deck progress for user 'guest' at C:\Users\And\PythonProjects\FlashcardApp\data\flashcards\073af40a-153f-4940-a305-5f4b764f92c4\progress\guest.json
2026-08-03 09:35:40 - src.storage.flashcard_repository - DEBUG - Loaded progress for user 'guest' from C:\Users\And\PythonProjects\FlashcardApp\data\flashcards\8f348fc7-0545-413c-96c6-52b0800b4ef0\progress\guest.json (2 card records)
2026-08-03 09:35:40 - src.controllers.flashcard_controller - INFO - Starting deck 'Sample Deck Copy' for user 'guest'
2026-08-03 09:35:40 - src.storage.flashcard_repository - DEBUG - Loaded progress for user 'guest' from C:\Users\And\PythonProjects\FlashcardApp\data\flashcards\8f348fc7-0545-413c-96c6-52b0800b4ef0\progress\guest.json (2 card records)
2026-08-03 09:35:40 - src.controllers.flashcard_controller - INFO - Deck 'Sample Deck Copy' started: 2 total cards, 2 cards in learning queue
2026-08-03 09:35:56 - src.utils.text_to_speech - INFO - Requested TTS using 'sapi' for 30 characters
2026-08-03 10:27:20 - src.ui.flashcard_viewer - INFO - Returning to deck selection menu.
2026-08-03 10:27:20 - src.storage.flashcard_repository - DEBUG - No saved deck progress for user 'guest' at C:\Users\And\PythonProjects\FlashcardApp\data\flashcards\073af40a-153f-4940-a305-5f4b764f92c4\progress\guest.json
2026-08-03 10:27:20 - src.storage.flashcard_repository - DEBUG - Loaded progress for user 'guest' from C:\Users\And\PythonProjects\FlashcardApp\data\flashcards\8f348fc7-0545-413c-96c6-52b0800b4ef0\progress\guest.json (2 card records)
2026-08-03 10:27:20 - src.controllers.flashcard_controller - INFO - Ending session. Stats: {'known': 0, 'unknown': 0}
2026-08-03 10:27:22 - src.logic.app_settings - DEBUG - Settings saved
2026-08-03 10:27:22 - src.ui.main_window - INFO - Applied light theme
2026-08-03 10:27:22 - src.ui.main_window - DEBUG - Settings panel shown with overlay
2026-08-03 10:27:24 - src.logic.app_settings - DEBUG - Settings saved
2026-08-03 10:27:24 - src.ui.main_window - INFO - Applied dark theme
2026-08-03 10:27:24 - src.ui.main_window - DEBUG - Settings panel and overlay hidden
2026-08-03 10:27:26 - src.controllers.flashcard_controller - INFO - FlashcardController initialized
2026-08-03 10:27:26 - src.utils.text_to_speech - INFO - Text-to-speech engine 'sapi' is ready
2026-08-03 10:27:26 - src.storage.flashcard_repository - DEBUG - No saved deck progress for user 'guest' at C:\Users\And\PythonProjects\FlashcardApp\data\flashcards\073af40a-153f-4940-a305-5f4b764f92c4\progress\guest.json
2026-08-03 10:27:26 - src.storage.flashcard_repository - DEBUG - Loaded progress for user 'guest' from C:\Users\And\PythonProjects\FlashcardApp\data\flashcards\8f348fc7-0545-413c-96c6-52b0800b4ef0\progress\guest.json (2 card records)
2026-08-03 10:27:26 - src.storage.flashcard_repository - DEBUG - No saved deck progress for user 'guest' at C:\Users\And\PythonProjects\FlashcardApp\data\flashcards\073af40a-153f-4940-a305-5f4b764f92c4\progress\guest.json
2026-08-03 10:27:26 - src.storage.flashcard_repository - DEBUG - Loaded progress for user 'guest' from C:\Users\And\PythonProjects\FlashcardApp\data\flashcards\8f348fc7-0545-413c-96c6-52b0800b4ef0\progress\guest.json (2 card records)
2026-08-03 10:27:26 - src.ui.main_window - INFO - Launched FlashcardViewer
2026-08-03 10:27:28 - src.storage.flashcard_repository - DEBUG - No saved deck progress for user 'guest' at C:\Users\And\PythonProjects\FlashcardApp\data\flashcards\073af40a-153f-4940-a305-5f4b764f92c4\progress\guest.json
2026-08-03 10:27:28 - src.storage.flashcard_repository - DEBUG - Loaded progress for user 'guest' from C:\Users\And\PythonProjects\FlashcardApp\data\flashcards\8f348fc7-0545-413c-96c6-52b0800b4ef0\progress\guest.json (2 card records)
2026-08-03 10:27:28 - src.controllers.flashcard_controller - INFO - Starting deck 'Sample Deck Copy' for user 'guest'
2026-08-03 10:27:28 - src.storage.flashcard_repository - DEBUG - Loaded progress for user 'guest' from C:\Users\And\PythonProjects\FlashcardApp\data\flashcards\8f348fc7-0545-413c-96c6-52b0800b4ef0\progress\guest.json (2 card records)
2026-08-03 10:27:28 - src.controllers.flashcard_controller - INFO - Deck 'Sample Deck Copy' started: 2 total cards, 2 cards in learning queue
2026-08-03 10:27:37 - src.utils.text_to_speech - INFO - Requested 1-part TTS sequence using 'sapi'
2026-08-03 10:27:39 - src.utils.text_to_speech - INFO - Requested 1-part TTS sequence using 'sapi'
2026-08-03 10:28:01 - src.ui.flashcard_viewer - INFO - Returning to deck selection menu.
2026-08-03 10:28:01 - src.storage.flashcard_repository - DEBUG - No saved deck progress for user 'guest' at C:\Users\And\PythonProjects\FlashcardApp\data\flashcards\073af40a-153f-4940-a305-5f4b764f92c4\progress\guest.json
2026-08-03 10:28:01 - src.storage.flashcard_repository - DEBUG - Loaded progress for user 'guest' from C:\Users\And\PythonProjects\FlashcardApp\data\flashcards\8f348fc7-0545-413c-96c6-52b0800b4ef0\progress\guest.json (2 card records)
2026-08-03 10:28:01 - src.controllers.flashcard_controller - INFO - Ending session. Stats: {'known': 0, 'unknown': 0}
2026-08-03 10:28:03 - src.ui.main_window - DEBUG - Settings panel shown with overlay
2026-08-03 10:28:07 - src.logic.app_settings - DEBUG - Settings saved
2026-08-03 10:28:07 - src.ui.main_window - INFO - Applied light theme
2026-08-03 10:28:07 - src.ui.main_window - DEBUG - Settings panel and overlay hidden
2026-08-03 10:28:09 - src.controllers.flashcard_controller - INFO - FlashcardController initialized
2026-08-03 10:28:09 - src.utils.text_to_speech - INFO - Text-to-speech engine 'sapi' is ready
2026-08-03 10:28:09 - src.storage.flashcard_repository - DEBUG - No saved deck progress for user 'guest' at C:\Users\And\PythonProjects\FlashcardApp\data\flashcards\073af40a-153f-4940-a305-5f4b764f92c4\progress\guest.json
2026-08-03 10:28:09 - src.storage.flashcard_repository - DEBUG - Loaded progress for user 'guest' from C:\Users\And\PythonProjects\FlashcardApp\data\flashcards\8f348fc7-0545-413c-96c6-52b0800b4ef0\progress\guest.json (2 card records)
2026-08-03 10:28:09 - src.storage.flashcard_repository - DEBUG - No saved deck progress for user 'guest' at C:\Users\And\PythonProjects\FlashcardApp\data\flashcards\073af40a-153f-4940-a305-5f4b764f92c4\progress\guest.json
2026-08-03 10:28:09 - src.storage.flashcard_repository - DEBUG - Loaded progress for user 'guest' from C:\Users\And\PythonProjects\FlashcardApp\data\flashcards\8f348fc7-0545-413c-96c6-52b0800b4ef0\progress\guest.json (2 card records)
2026-08-03 10:28:09 - src.ui.main_window - INFO - Launched FlashcardViewer
2026-08-03 10:28:10 - src.storage.flashcard_repository - DEBUG - No saved deck progress for user 'guest' at C:\Users\And\PythonProjects\FlashcardApp\data\flashcards\073af40a-153f-4940-a305-5f4b764f92c4\progress\guest.json
2026-08-03 10:28:10 - src.storage.flashcard_repository - DEBUG - Loaded progress for user 'guest' from C:\Users\And\PythonProjects\FlashcardApp\data\flashcards\8f348fc7-0545-413c-96c6-52b0800b4ef0\progress\guest.json (2 card records)
2026-08-03 10:28:10 - src.controllers.flashcard_controller - INFO - Starting deck 'Sample Deck Copy' for user 'guest'
2026-08-03 10:28:10 - src.storage.flashcard_repository - DEBUG - Loaded progress for user 'guest' from C:\Users\And\PythonProjects\FlashcardApp\data\flashcards\8f348fc7-0545-413c-96c6-52b0800b4ef0\progress\guest.json (2 card records)
2026-08-03 10:28:10 - src.controllers.flashcard_controller - INFO - Deck 'Sample Deck Copy' started: 2 total cards, 2 cards in learning queue
2026-08-03 10:45:07 - src.ui.flashcard_viewer - INFO - Returning to deck selection menu.
2026-08-03 10:45:07 - src.storage.flashcard_repository - DEBUG - No saved deck progress for user 'guest' at C:\Users\And\PythonProjects\FlashcardApp\data\flashcards\073af40a-153f-4940-a305-5f4b764f92c4\progress\guest.json
2026-08-03 10:45:07 - src.storage.flashcard_repository - DEBUG - Loaded progress for user 'guest' from C:\Users\And\PythonProjects\FlashcardApp\data\flashcards\8f348fc7-0545-413c-96c6-52b0800b4ef0\progress\guest.json (2 card records)
2026-08-03 10:45:07 - src.controllers.flashcard_controller - INFO - Ending session. Stats: {'known': 0, 'unknown': 0}
2026-08-03 10:45:12 - src.storage.flashcard_repository - DEBUG - No saved deck progress for user 'guest' at C:\Users\And\PythonProjects\FlashcardApp\data\flashcards\073af40a-153f-4940-a305-5f4b764f92c4\progress\guest.json
2026-08-03 10:45:12 - src.storage.flashcard_repository - DEBUG - Loaded progress for user 'guest' from C:\Users\And\PythonProjects\FlashcardApp\data\flashcards\8f348fc7-0545-413c-96c6-52b0800b4ef0\progress\guest.json (2 card records)
2026-08-03 10:45:12 - src.controllers.flashcard_controller - INFO - Starting deck 'Sample Deck' for user 'guest'
2026-08-03 10:45:12 - src.storage.flashcard_repository - DEBUG - No saved deck progress for user 'guest' at C:\Users\And\PythonProjects\FlashcardApp\data\flashcards\073af40a-153f-4940-a305-5f4b764f92c4\progress\guest.json
2026-08-03 10:45:12 - src.controllers.flashcard_controller - INFO - Deck 'Sample Deck' started: 51 total cards, 20 cards in learning queue
2026-08-03 10:45:17 - src.utils.text_to_speech - INFO - Requested TTS using 'sapi' for 28 characters
2026-08-03 10:45:21 - src.ui.flashcard_viewer - INFO - Returning to deck selection menu.
2026-08-03 10:45:21 - src.storage.flashcard_repository - DEBUG - No saved deck progress for user 'guest' at C:\Users\And\PythonProjects\FlashcardApp\data\flashcards\073af40a-153f-4940-a305-5f4b764f92c4\progress\guest.json
2026-08-03 10:45:21 - src.storage.flashcard_repository - DEBUG - Loaded progress for user 'guest' from C:\Users\And\PythonProjects\FlashcardApp\data\flashcards\8f348fc7-0545-413c-96c6-52b0800b4ef0\progress\guest.json (2 card records)
2026-08-03 10:45:21 - src.controllers.flashcard_controller - INFO - Ending session. Stats: {'known': 0, 'unknown': 0}
2026-08-03 10:46:41 - root - INFO - Logging initialized. File: C:\Users\And\PythonProjects\FlashcardApp\logs\quiz_app.log
2026-08-03 10:46:41 - __main__ - INFO - Qt translations loaded for: en
2026-08-03 10:46:41 - src.logic.app_settings - DEBUG - Settings saved
2026-08-03 10:46:41 - src.logic.translator - INFO - Language changed to: en
2026-08-03 10:46:41 - src.controllers.main_controller - INFO - MainController initialized
2026-08-03 10:46:44 - src.logic.app_settings - DEBUG - Settings saved
2026-08-03 10:46:44 - src.ui.main_window - INFO - Applied light theme
2026-08-03 10:46:44 - src.logic.user_session - INFO - Session ended for: guest
2026-08-03 10:46:44 - src.controllers.main_controller - INFO - Continuing as guest
2026-08-03 10:46:44 - __main__ - INFO - Qt translations loaded for: en
2026-08-03 10:46:44 - __main__ - INFO - Application started successfully
2026-08-03 10:46:44 - src.controllers.flashcard_controller - INFO - FlashcardController initialized
2026-08-03 10:46:45 - src.utils.text_to_speech - INFO - Text-to-speech engine 'sapi' is ready
2026-08-03 10:46:45 - src.storage.flashcard_repository - DEBUG - No saved deck progress for user 'guest' at C:\Users\And\PythonProjects\FlashcardApp\data\flashcards\073af40a-153f-4940-a305-5f4b764f92c4\progress\guest.json
2026-08-03 10:46:45 - src.storage.flashcard_repository - DEBUG - Loaded progress for user 'guest' from C:\Users\And\PythonProjects\FlashcardApp\data\flashcards\8f348fc7-0545-413c-96c6-52b0800b4ef0\progress\guest.json (2 card records)
2026-08-03 10:46:45 - src.storage.flashcard_repository - DEBUG - No saved deck progress for user 'guest' at C:\Users\And\PythonProjects\FlashcardApp\data\flashcards\073af40a-153f-4940-a305-5f4b764f92c4\progress\guest.json
2026-08-03 10:46:45 - src.storage.flashcard_repository - DEBUG - Loaded progress for user 'guest' from C:\Users\And\PythonProjects\FlashcardApp\data\flashcards\8f348fc7-0545-413c-96c6-52b0800b4ef0\progress\guest.json (2 card records)
2026-08-03 10:46:45 - src.ui.main_window - INFO - Launched FlashcardViewer
2026-08-03 10:46:46 - src.storage.flashcard_repository - DEBUG - No saved deck progress for user 'guest' at C:\Users\And\PythonProjects\FlashcardApp\data\flashcards\073af40a-153f-4940-a305-5f4b764f92c4\progress\guest.json
2026-08-03 10:46:46 - src.storage.flashcard_repository - DEBUG - Loaded progress for user 'guest' from C:\Users\And\PythonProjects\FlashcardApp\data\flashcards\8f348fc7-0545-413c-96c6-52b0800b4ef0\progress\guest.json (2 card records)
2026-08-03 10:46:46 - src.controllers.flashcard_controller - INFO - Starting deck 'Sample Deck Copy' for user 'guest'
2026-08-03 10:46:46 - src.storage.flashcard_repository - DEBUG - Loaded progress for user 'guest' from C:\Users\And\PythonProjects\FlashcardApp\data\flashcards\8f348fc7-0545-413c-96c6-52b0800b4ef0\progress\guest.json (2 card records)
2026-08-03 10:46:46 - src.controllers.flashcard_controller - INFO - Deck 'Sample Deck Copy' started: 2 total cards, 2 cards in learning queue
2026-08-03 10:47:33 - src.storage.flashcard_repository - DEBUG - Saved progress for user 'guest' to C:\Users\And\PythonProjects\FlashcardApp\data\flashcards\8f348fc7-0545-413c-96c6-52b0800b4ef0\progress\guest.json (2 card records)
2026-08-03 10:47:33 - src.controllers.flashcard_controller - INFO - Recorded correct attempt for flashcard 'da37e2d4-5d91-40ea-9774-a27e7e5f5ba7': correct=2 wrong=0
2026-08-03 10:48:12 - src.ui.flashcard_viewer - INFO - Returning to deck selection menu.
2026-08-03 10:48:12 - src.storage.flashcard_repository - DEBUG - No saved deck progress for user 'guest' at C:\Users\And\PythonProjects\FlashcardApp\data\flashcards\073af40a-153f-4940-a305-5f4b764f92c4\progress\guest.json
2026-08-03 10:48:12 - src.storage.flashcard_repository - DEBUG - Loaded progress for user 'guest' from C:\Users\And\PythonProjects\FlashcardApp\data\flashcards\8f348fc7-0545-413c-96c6-52b0800b4ef0\progress\guest.json (2 card records)
2026-08-03 10:48:12 - src.controllers.flashcard_controller - INFO - Ending session. Stats: {'known': 1, 'unknown': 0}
2026-08-03 10:48:17 - src.logic.app_settings - DEBUG - Settings saved
2026-08-03 10:48:17 - src.ui.main_window - INFO - Applied light theme
2026-08-03 10:48:17 - src.ui.main_window - DEBUG - Settings panel shown with overlay
2026-08-03 10:48:17 - src.ui.main_window - DEBUG - Settings panel and overlay hidden
2026-08-03 10:48:18 - src.ui.main_window - DEBUG - Settings panel shown with overlay
2026-08-03 10:48:19 - src.ui.main_window - DEBUG - Settings panel and overlay hidden
2026-08-03 10:48:25 - src.ui.main_window - DEBUG - Settings panel shown with overlay
2026-08-03 10:48:28 - src.logic.app_settings - DEBUG - Settings saved
2026-08-03 10:48:28 - src.ui.main_window - INFO - Applied dark theme
2026-08-03 10:48:29 - src.ui.main_window - DEBUG - Settings panel and overlay hidden
2026-08-03 10:48:31 - src.ui.main_window - DEBUG - Settings panel shown with overlay
2026-08-03 10:48:33 - src.logic.app_settings - DEBUG - Settings saved
2026-08-03 10:48:33 - src.ui.main_window - INFO - Applied light theme
2026-08-03 10:48:33 - src.ui.main_window - DEBUG - Settings panel and overlay hidden
2026-08-03 10:49:09 - src.controllers.flashcard_controller - INFO - FlashcardController initialized
2026-08-03 10:49:09 - src.utils.text_to_speech - INFO - Text-to-speech engine 'sapi' is ready
2026-08-03 10:49:09 - src.storage.flashcard_repository - DEBUG - No saved deck progress for user 'guest' at C:\Users\And\PythonProjects\FlashcardApp\data\flashcards\073af40a-153f-4940-a305-5f4b764f92c4\progress\guest.json
2026-08-03 10:49:09 - src.storage.flashcard_repository - DEBUG - Loaded progress for user 'guest' from C:\Users\And\PythonProjects\FlashcardApp\data\flashcards\8f348fc7-0545-413c-96c6-52b0800b4ef0\progress\guest.json (2 card records)
2026-08-03 10:49:09 - src.storage.flashcard_repository - DEBUG - No saved deck progress for user 'guest' at C:\Users\And\PythonProjects\FlashcardApp\data\flashcards\073af40a-153f-4940-a305-5f4b764f92c4\progress\guest.json
2026-08-03 10:49:09 - src.storage.flashcard_repository - DEBUG - Loaded progress for user 'guest' from C:\Users\And\PythonProjects\FlashcardApp\data\flashcards\8f348fc7-0545-413c-96c6-52b0800b4ef0\progress\guest.json (2 card records)
2026-08-03 10:49:09 - src.ui.main_window - INFO - Launched FlashcardViewer
2026-08-03 10:49:10 - src.storage.flashcard_repository - DEBUG - No saved deck progress for user 'guest' at C:\Users\And\PythonProjects\FlashcardApp\data\flashcards\073af40a-153f-4940-a305-5f4b764f92c4\progress\guest.json
2026-08-03 10:49:10 - src.storage.flashcard_repository - DEBUG - Loaded progress for user 'guest' from C:\Users\And\PythonProjects\FlashcardApp\data\flashcards\8f348fc7-0545-413c-96c6-52b0800b4ef0\progress\guest.json (2 card records)
2026-08-03 10:49:10 - src.controllers.flashcard_controller - INFO - Starting deck 'Sample Deck Copy' for user 'guest'
2026-08-03 10:49:10 - src.storage.flashcard_repository - DEBUG - Loaded progress for user 'guest' from C:\Users\And\PythonProjects\FlashcardApp\data\flashcards\8f348fc7-0545-413c-96c6-52b0800b4ef0\progress\guest.json (2 card records)
2026-08-03 10:49:10 - src.controllers.flashcard_controller - INFO - Deck 'Sample Deck Copy' started: 2 total cards, 2 cards in learning queue
2026-08-03 10:49:30 - src.storage.flashcard_repository - DEBUG - Saved progress for user 'guest' to C:\Users\And\PythonProjects\FlashcardApp\data\flashcards\8f348fc7-0545-413c-96c6-52b0800b4ef0\progress\guest.json (2 card records)
2026-08-03 10:49:30 - src.controllers.flashcard_controller - INFO - Recorded correct attempt for flashcard '66cac1b9-229f-431e-b1b7-b95573389fd5': correct=2 wrong=0
2026-08-03 10:52:48 - root - INFO - Logging initialized. File: C:\Users\And\PythonProjects\FlashcardApp\logs\quiz_app.log
2026-08-03 10:52:48 - __main__ - INFO - Qt translations loaded for: en
2026-08-03 10:52:48 - src.logic.app_settings - DEBUG - Settings saved
2026-08-03 10:52:48 - src.logic.translator - INFO - Language changed to: en
2026-08-03 10:52:48 - src.controllers.main_controller - INFO - MainController initialized
2026-08-03 10:52:48 - src.logic.app_settings - DEBUG - Settings saved
2026-08-03 10:52:48 - src.ui.main_window - INFO - Applied light theme
2026-08-03 10:52:48 - src.logic.user_session - INFO - Session ended for: guest
2026-08-03 10:52:48 - src.controllers.main_controller - INFO - Continuing as guest
2026-08-03 10:52:48 - __main__ - INFO - Qt translations loaded for: en
2026-08-03 10:52:48 - __main__ - INFO - Application started successfully
2026-08-03 10:52:52 - src.controllers.flashcard_controller - INFO - FlashcardController initialized
2026-08-03 10:52:52 - src.utils.text_to_speech - INFO - Text-to-speech engine 'sapi' is ready
2026-08-03 10:52:52 - src.storage.flashcard_repository - DEBUG - No saved deck progress for user 'guest' at C:\Users\And\PythonProjects\FlashcardApp\data\flashcards\073af40a-153f-4940-a305-5f4b764f92c4\progress\guest.json
2026-08-03 10:52:52 - src.storage.flashcard_repository - DEBUG - Loaded progress for user 'guest' from C:\Users\And\PythonProjects\FlashcardApp\data\flashcards\8f348fc7-0545-413c-96c6-52b0800b4ef0\progress\guest.json (2 card records)
2026-08-03 10:52:52 - src.storage.flashcard_repository - DEBUG - No saved deck progress for user 'guest' at C:\Users\And\PythonProjects\FlashcardApp\data\flashcards\073af40a-153f-4940-a305-5f4b764f92c4\progress\guest.json
2026-08-03 10:52:52 - src.storage.flashcard_repository - DEBUG - Loaded progress for user 'guest' from C:\Users\And\PythonProjects\FlashcardApp\data\flashcards\8f348fc7-0545-413c-96c6-52b0800b4ef0\progress\guest.json (2 card records)
2026-08-03 10:52:52 - src.ui.main_window - INFO - Launched FlashcardViewer
2026-08-03 10:52:53 - src.storage.flashcard_repository - DEBUG - No saved deck progress for user 'guest' at C:\Users\And\PythonProjects\FlashcardApp\data\flashcards\073af40a-153f-4940-a305-5f4b764f92c4\progress\guest.json
2026-08-03 10:52:53 - src.storage.flashcard_repository - DEBUG - Loaded progress for user 'guest' from C:\Users\And\PythonProjects\FlashcardApp\data\flashcards\8f348fc7-0545-413c-96c6-52b0800b4ef0\progress\guest.json (2 card records)
2026-08-03 10:52:53 - src.controllers.flashcard_controller - INFO - Starting deck 'Sample Deck Copy' for user 'guest'
2026-08-03 10:52:53 - src.storage.flashcard_repository - DEBUG - Loaded progress for user 'guest' from C:\Users\And\PythonProjects\FlashcardApp\data\flashcards\8f348fc7-0545-413c-96c6-52b0800b4ef0\progress\guest.json (2 card records)
2026-08-03 10:52:53 - src.controllers.flashcard_controller - INFO - Deck 'Sample Deck Copy' started: 2 total cards, 2 cards in learning queue
2026-08-03 10:54:47 - root - INFO - Logging initialized. File: C:\Users\And\PythonProjects\FlashcardApp\logs\quiz_app.log
2026-08-03 10:54:47 - __main__ - INFO - Qt translations loaded for: en
2026-08-03 10:54:47 - src.logic.app_settings - DEBUG - Settings saved
2026-08-03 10:54:47 - src.logic.translator - INFO - Language changed to: en
2026-08-03 10:54:47 - src.controllers.main_controller - INFO - MainController initialized
2026-08-03 10:54:47 - src.logic.app_settings - DEBUG - Settings saved
2026-08-03 10:54:47 - src.ui.main_window - INFO - Applied light theme
2026-08-03 10:54:47 - src.logic.user_session - INFO - Session ended for: guest
2026-08-03 10:54:47 - src.controllers.main_controller - INFO - Continuing as guest
2026-08-03 10:54:47 - __main__ - INFO - Qt translations loaded for: en
2026-08-03 10:54:47 - __main__ - INFO - Application started successfully
2026-08-03 10:54:48 - src.controllers.flashcard_controller - INFO - FlashcardController initialized
2026-08-03 10:54:48 - src.utils.text_to_speech - INFO - Text-to-speech engine 'sapi' is ready
2026-08-03 10:54:48 - src.storage.flashcard_repository - DEBUG - No saved deck progress for user 'guest' at C:\Users\And\PythonProjects\FlashcardApp\data\flashcards\073af40a-153f-4940-a305-5f4b764f92c4\progress\guest.json
2026-08-03 10:54:48 - src.storage.flashcard_repository - DEBUG - Loaded progress for user 'guest' from C:\Users\And\PythonProjects\FlashcardApp\data\flashcards\8f348fc7-0545-413c-96c6-52b0800b4ef0\progress\guest.json (2 card records)
2026-08-03 10:54:48 - src.storage.flashcard_repository - DEBUG - No saved deck progress for user 'guest' at C:\Users\And\PythonProjects\FlashcardApp\data\flashcards\073af40a-153f-4940-a305-5f4b764f92c4\progress\guest.json
2026-08-03 10:54:48 - src.storage.flashcard_repository - DEBUG - Loaded progress for user 'guest' from C:\Users\And\PythonProjects\FlashcardApp\data\flashcards\8f348fc7-0545-413c-96c6-52b0800b4ef0\progress\guest.json (2 card records)
2026-08-03 10:54:48 - src.ui.main_window - INFO - Launched FlashcardViewer
2026-08-03 10:54:49 - src.storage.flashcard_repository - DEBUG - No saved deck progress for user 'guest' at C:\Users\And\PythonProjects\FlashcardApp\data\flashcards\073af40a-153f-4940-a305-5f4b764f92c4\progress\guest.json
2026-08-03 10:54:49 - src.storage.flashcard_repository - DEBUG - Loaded progress for user 'guest' from C:\Users\And\PythonProjects\FlashcardApp\data\flashcards\8f348fc7-0545-413c-96c6-52b0800b4ef0\progress\guest.json (2 card records)
2026-08-03 10:54:49 - src.controllers.flashcard_controller - INFO - Starting deck 'Sample Deck Copy' for user 'guest'
2026-08-03 10:54:49 - src.storage.flashcard_repository - DEBUG - Loaded progress for user 'guest' from C:\Users\And\PythonProjects\FlashcardApp\data\flashcards\8f348fc7-0545-413c-96c6-52b0800b4ef0\progress\guest.json (2 card records)
2026-08-03 10:54:49 - src.controllers.flashcard_controller - INFO - Deck 'Sample Deck Copy' started: 2 total cards, 2 cards in learning queue
2026-08-03 10:54:56 - src.storage.flashcard_repository - DEBUG - Saved progress for user 'guest' to C:\Users\And\PythonProjects\FlashcardApp\data\flashcards\8f348fc7-0545-413c-96c6-52b0800b4ef0\progress\guest.json (2 card records)
2026-08-03 10:54:56 - src.controllers.flashcard_controller - INFO - Recorded correct attempt for flashcard '66cac1b9-229f-431e-b1b7-b95573389fd5': correct=3 wrong=0
2026-08-03 10:59:26 - root - INFO - Logging initialized. File: C:\Users\And\PythonProjects\FlashcardApp\logs\quiz_app.log
2026-08-03 10:59:27 - __main__ - INFO - Qt translations loaded for: en
2026-08-03 10:59:27 - src.logic.app_settings - DEBUG - Settings saved
2026-08-03 10:59:27 - src.logic.translator - INFO - Language changed to: en
2026-08-03 10:59:27 - src.controllers.main_controller - INFO - MainController initialized
2026-08-03 10:59:27 - src.logic.app_settings - DEBUG - Settings saved
2026-08-03 10:59:27 - src.ui.main_window - INFO - Applied light theme
2026-08-03 10:59:27 - src.logic.user_session - INFO - Session ended for: guest
2026-08-03 10:59:27 - src.controllers.main_controller - INFO - Continuing as guest
2026-08-03 10:59:27 - __main__ - INFO - Qt translations loaded for: en
2026-08-03 10:59:27 - __main__ - INFO - Application started successfully
2026-08-03 10:59:28 - src.controllers.flashcard_controller - INFO - FlashcardController initialized
2026-08-03 10:59:28 - src.utils.text_to_speech - INFO - Text-to-speech engine 'sapi' is ready
2026-08-03 10:59:28 - src.storage.flashcard_repository - DEBUG - No saved deck progress for user 'guest' at C:\Users\And\PythonProjects\FlashcardApp\data\flashcards\073af40a-153f-4940-a305-5f4b764f92c4\progress\guest.json
2026-08-03 10:59:28 - src.storage.flashcard_repository - DEBUG - Loaded progress for user 'guest' from C:\Users\And\PythonProjects\FlashcardApp\data\flashcards\8f348fc7-0545-413c-96c6-52b0800b4ef0\progress\guest.json (2 card records)
2026-08-03 10:59:28 - src.storage.flashcard_repository - DEBUG - No saved deck progress for user 'guest' at C:\Users\And\PythonProjects\FlashcardApp\data\flashcards\073af40a-153f-4940-a305-5f4b764f92c4\progress\guest.json
2026-08-03 10:59:28 - src.storage.flashcard_repository - DEBUG - Loaded progress for user 'guest' from C:\Users\And\PythonProjects\FlashcardApp\data\flashcards\8f348fc7-0545-413c-96c6-52b0800b4ef0\progress\guest.json (2 card records)
2026-08-03 10:59:28 - src.ui.main_window - INFO - Launched FlashcardViewer
2026-08-03 10:59:29 - src.storage.flashcard_repository - DEBUG - No saved deck progress for user 'guest' at C:\Users\And\PythonProjects\FlashcardApp\data\flashcards\073af40a-153f-4940-a305-5f4b764f92c4\progress\guest.json
2026-08-03 10:59:29 - src.storage.flashcard_repository - DEBUG - Loaded progress for user 'guest' from C:\Users\And\PythonProjects\FlashcardApp\data\flashcards\8f348fc7-0545-413c-96c6-52b0800b4ef0\progress\guest.json (2 card records)
2026-08-03 10:59:29 - src.controllers.flashcard_controller - INFO - Starting deck 'Sample Deck Copy' for user 'guest'
2026-08-03 10:59:29 - src.storage.flashcard_repository - DEBUG - Loaded progress for user 'guest' from C:\Users\And\PythonProjects\FlashcardApp\data\flashcards\8f348fc7-0545-413c-96c6-52b0800b4ef0\progress\guest.json (2 card records)
2026-08-03 10:59:29 - src.controllers.flashcard_controller - INFO - Deck 'Sample Deck Copy' started: 2 total cards, 2 cards in learning queue
2026-08-03 10:59:35 - src.storage.flashcard_repository - DEBUG - Saved progress for user 'guest' to C:\Users\And\PythonProjects\FlashcardApp\data\flashcards\8f348fc7-0545-413c-96c6-52b0800b4ef0\progress\guest.json (2 card records)
2026-08-03 10:59:35 - src.controllers.flashcard_controller - INFO - Recorded correct attempt for flashcard '66cac1b9-229f-431e-b1b7-b95573389fd5': correct=4 wrong=0
2026-08-03 10:59:39 - src.ui.flashcard_viewer - INFO - Returning to deck selection menu.
2026-08-03 10:59:39 - src.storage.flashcard_repository - DEBUG - No saved deck progress for user 'guest' at C:\Users\And\PythonProjects\FlashcardApp\data\flashcards\073af40a-153f-4940-a305-5f4b764f92c4\progress\guest.json
2026-08-03 10:59:39 - src.storage.flashcard_repository - DEBUG - Loaded progress for user 'guest' from C:\Users\And\PythonProjects\FlashcardApp\data\flashcards\8f348fc7-0545-413c-96c6-52b0800b4ef0\progress\guest.json (2 card records)
2026-08-03 10:59:39 - src.controllers.flashcard_controller - INFO - Ending session. Stats: {'known': 1, 'unknown': 0}
2026-08-03 11:00:33 - src.ui.main_window - DEBUG - Opened login dialog
2026-08-03 11:00:44 - src.storage.user_repository - INFO - User authenticated: admin (role: teacher)
2026-08-03 11:00:44 - src.logic.user_session - INFO - Session started for: Admin User
2026-08-03 11:00:44 - src.ui.main_window - INFO - Login successful: Admin User
2026-08-03 11:00:47 - src.ui.editor.flashcard_editor - INFO - Flashcard Editor initialized.
2026-08-03 11:00:47 - src.ui.main_window - INFO - Launched FlashcardEditor
2026-08-03 11:00:50 - src.ui.editor.flashcard_editor - INFO - NAV: Returning to deck menu.
2026-08-03 11:00:50 - src.ui.editor.flashcard_editor - DEBUG - STATE: Checking for unsaved changes. Result: False
2026-08-03 11:00:50 - src.ui.editor.flashcard_editor - INFO - NAV: Switch successful.
2026-08-03 11:01:03 - src.ui.editor.flashcard_editor - INFO - NAV: Returning to deck menu.
2026-08-03 11:01:03 - src.ui.editor.flashcard_editor - DEBUG - STATE: Checking for unsaved changes. Result: False
2026-08-03 11:01:03 - src.ui.editor.flashcard_editor - INFO - NAV: Switch successful.
2026-08-03 11:01:04 - src.ui.editor.flashcard_editor - INFO - NAV: 'Back to Main' clicked.
2026-08-03 11:01:04 - src.ui.editor.flashcard_editor - DEBUG - STATE: Checking for unsaved changes. Result: False
2026-08-03 11:01:04 - src.ui.editor.flashcard_editor - INFO - NAV: Proceeding to return to main menu.
2026-08-03 11:01:07 - src.ui.main_window - INFO - Launched QuizEditor
2026-08-03 11:01:10 - src.ui.editor.flashcard_editor - INFO - Flashcard Editor initialized.
2026-08-03 11:01:10 - src.ui.main_window - INFO - Launched FlashcardEditor
2026-08-03 11:01:11 - src.ui.editor.flashcard_editor - INFO - NAV: 'Back to Main' clicked.
2026-08-03 11:01:11 - src.ui.editor.flashcard_editor - DEBUG - STATE: Checking for unsaved changes. Result: False
2026-08-03 11:01:11 - src.ui.editor.flashcard_editor - INFO - NAV: Proceeding to return to main menu.
2026-08-03 11:01:13 - src.ui.main_window - INFO - Launched QuizEditor
2026-08-03 11:01:17 - src.ui.editor.flashcard_editor - INFO - Flashcard Editor initialized.
2026-08-03 11:01:17 - src.ui.main_window - INFO - Launched FlashcardEditor
2026-08-03 11:01:18 - src.ui.editor.flashcard_editor - INFO - NAV: 'Back to Main' clicked.
2026-08-03 11:01:18 - src.ui.editor.flashcard_editor - DEBUG - STATE: Checking for unsaved changes. Result: False
2026-08-03 11:01:18 - src.ui.editor.flashcard_editor - INFO - NAV: Proceeding to return to main menu.
2026-08-03 11:01:19 - src.ui.main_window - INFO - Launched QuizEditor
2026-08-03 11:01:20 - src.ui.editor.flashcard_editor - INFO - Flashcard Editor initialized.
2026-08-03 11:01:20 - src.ui.main_window - INFO - Launched FlashcardEditor
2026-08-03 11:01:23 - src.ui.editor.flashcard_editor - INFO - NAV: Returning to deck menu.
2026-08-03 11:01:23 - src.ui.editor.flashcard_editor - DEBUG - STATE: Checking for unsaved changes. Result: False
2026-08-03 11:01:23 - src.ui.editor.flashcard_editor - INFO - NAV: Switch successful.
2026-08-03 11:01:24 - src.ui.editor.flashcard_editor - INFO - NAV: 'Back to Main' clicked.
2026-08-03 11:01:24 - src.ui.editor.flashcard_editor - DEBUG - STATE: Checking for unsaved changes. Result: False
2026-08-03 11:01:24 - src.ui.editor.flashcard_editor - INFO - NAV: Proceeding to return to main menu.
2026-08-03 11:01:25 - src.ui.main_window - INFO - Launched QuizEditor
2026-08-03 11:01:26 - src.controllers.quiz_editor_controller - INFO - Loaded quiz: General Quiz with 100 questions
2026-08-03 11:01:45 - src.ui.editor.flashcard_editor - INFO - Flashcard Editor initialized.
2026-08-03 11:01:45 - src.ui.main_window - INFO - Launched FlashcardEditor
2026-08-03 11:02:12 - src.ui.editor.flashcard_editor - INFO - User cancelled card edit. Returning to Deck Editor.
2026-08-03 11:02:14 - src.ui.editor.flashcard_editor - INFO - NAV: Returning to deck menu.
2026-08-03 11:02:14 - src.ui.editor.flashcard_editor - DEBUG - STATE: Checking for unsaved changes. Result: False
2026-08-03 11:02:14 - src.ui.editor.flashcard_editor - INFO - NAV: Switch successful.
2026-08-03 11:02:15 - src.ui.editor.flashcard_editor - INFO - NAV: 'Back to Main' clicked.
2026-08-03 11:02:15 - src.ui.editor.flashcard_editor - DEBUG - STATE: Checking for unsaved changes. Result: False
2026-08-03 11:02:15 - src.ui.editor.flashcard_editor - INFO - NAV: Proceeding to return to main menu.
2026-08-03 11:05:36 - root - INFO - Logging initialized. File: C:\Users\And\PythonProjects\FlashcardApp\logs\quiz_app.log
2026-08-03 11:05:36 - __main__ - INFO - Qt translations loaded for: en
2026-08-03 11:05:36 - src.logic.app_settings - DEBUG - Settings saved
2026-08-03 11:05:36 - src.logic.translator - INFO - Language changed to: en
2026-08-03 11:05:36 - src.controllers.main_controller - INFO - MainController initialized
2026-08-03 11:05:36 - src.logic.app_settings - DEBUG - Settings saved
2026-08-03 11:05:36 - src.ui.main_window - INFO - Applied light theme
2026-08-03 11:05:36 - src.logic.user_session - INFO - Session ended for: guest
2026-08-03 11:05:36 - src.controllers.main_controller - INFO - Continuing as guest
2026-08-03 11:05:36 - __main__ - INFO - Qt translations loaded for: en
2026-08-03 11:05:36 - __main__ - INFO - Application started successfully
2026-08-03 11:05:38 - src.storage.quiz_repository - DEBUG - No saved quiz progress for user 'guest' at C:\Users\And\PythonProjects\FlashcardApp\data\quizzes\4d6e1a55-f5bd-4ec6-9911-5318ef748a9a\progress\guest.json
2026-08-03 11:05:38 - src.storage.quiz_repository - DEBUG - Loaded progress for user 'guest' from C:\Users\And\PythonProjects\FlashcardApp\data\quizzes\da5430fa-b771-4262-9383-90e4e3abc3f0\progress\guest.json (3 question records)
2026-08-03 11:05:38 - src.storage.quiz_repository - DEBUG - No saved quiz progress for user 'guest' at C:\Users\And\PythonProjects\FlashcardApp\data\quizzes\4d6e1a55-f5bd-4ec6-9911-5318ef748a9a\progress\guest.json
2026-08-03 11:05:38 - src.storage.quiz_repository - DEBUG - Loaded progress for user 'guest' from C:\Users\And\PythonProjects\FlashcardApp\data\quizzes\da5430fa-b771-4262-9383-90e4e3abc3f0\progress\guest.json (3 question records)
2026-08-03 11:05:38 - src.ui.main_window - INFO - Launched QuizViewer
2026-08-03 11:05:40 - src.storage.quiz_repository - DEBUG - No saved quiz progress for user 'guest' at C:\Users\And\PythonProjects\FlashcardApp\data\quizzes\4d6e1a55-f5bd-4ec6-9911-5318ef748a9a\progress\guest.json
2026-08-03 11:05:40 - src.storage.quiz_repository - DEBUG - Loaded progress for user 'guest' from C:\Users\And\PythonProjects\FlashcardApp\data\quizzes\da5430fa-b771-4262-9383-90e4e3abc3f0\progress\guest.json (3 question records)
2026-08-03 11:05:40 - src.storage.quiz_repository - DEBUG - Loaded progress for user 'guest' from C:\Users\And\PythonProjects\FlashcardApp\data\quizzes\da5430fa-b771-4262-9383-90e4e3abc3f0\progress\guest.json (3 question records)
2026-08-03 11:05:40 - src.logic.quiz_logic - INFO - Initializing Quiz with 6 questions
2026-08-03 11:05:40 - src.logic.quiz_logic - DEBUG - Shuffling entire question pool for random selection
2026-08-03 11:05:40 - src.controllers.quiz_controller - INFO - Loaded quiz 'General Quiz (Copy)' for user 'guest': 6 total, 6 learning questions
2026-08-03 11:07:19 - src.storage.quiz_repository - DEBUG - No saved quiz progress for user 'guest' at C:\Users\And\PythonProjects\FlashcardApp\data\quizzes\4d6e1a55-f5bd-4ec6-9911-5318ef748a9a\progress\guest.json
2026-08-03 11:07:19 - src.storage.quiz_repository - DEBUG - Loaded progress for user 'guest' from C:\Users\And\PythonProjects\FlashcardApp\data\quizzes\da5430fa-b771-4262-9383-90e4e3abc3f0\progress\guest.json (3 question records)
2026-08-03 11:07:21 - src.controllers.flashcard_controller - INFO - FlashcardController initialized
2026-08-03 11:07:21 - src.utils.text_to_speech - INFO - Text-to-speech engine 'sapi' is ready
2026-08-03 11:07:21 - src.storage.flashcard_repository - DEBUG - No saved deck progress for user 'guest' at C:\Users\And\PythonProjects\FlashcardApp\data\flashcards\073af40a-153f-4940-a305-5f4b764f92c4\progress\guest.json
2026-08-03 11:07:21 - src.storage.flashcard_repository - DEBUG - Loaded progress for user 'guest' from C:\Users\And\PythonProjects\FlashcardApp\data\flashcards\8f348fc7-0545-413c-96c6-52b0800b4ef0\progress\guest.json (2 card records)
2026-08-03 11:07:21 - src.storage.flashcard_repository - DEBUG - No saved deck progress for user 'guest' at C:\Users\And\PythonProjects\FlashcardApp\data\flashcards\073af40a-153f-4940-a305-5f4b764f92c4\progress\guest.json
2026-08-03 11:07:21 - src.storage.flashcard_repository - DEBUG - Loaded progress for user 'guest' from C:\Users\And\PythonProjects\FlashcardApp\data\flashcards\8f348fc7-0545-413c-96c6-52b0800b4ef0\progress\guest.json (2 card records)
2026-08-03 11:07:21 - src.ui.main_window - INFO - Launched FlashcardViewer
2026-08-03 11:07:22 - src.storage.flashcard_repository - DEBUG - No saved deck progress for user 'guest' at C:\Users\And\PythonProjects\FlashcardApp\data\flashcards\073af40a-153f-4940-a305-5f4b764f92c4\progress\guest.json
2026-08-03 11:07:22 - src.storage.flashcard_repository - DEBUG - Loaded progress for user 'guest' from C:\Users\And\PythonProjects\FlashcardApp\data\flashcards\8f348fc7-0545-413c-96c6-52b0800b4ef0\progress\guest.json (2 card records)
2026-08-03 11:07:22 - src.controllers.flashcard_controller - INFO - Starting deck 'Sample Deck Copy' for user 'guest'
2026-08-03 11:07:22 - src.storage.flashcard_repository - DEBUG - Loaded progress for user 'guest' from C:\Users\And\PythonProjects\FlashcardApp\data\flashcards\8f348fc7-0545-413c-96c6-52b0800b4ef0\progress\guest.json (2 card records)
2026-08-03 11:07:22 - src.controllers.flashcard_controller - INFO - Deck 'Sample Deck Copy' started: 2 total cards, 2 cards in learning queue
2026-08-03 11:35:16 - root - INFO - Logging initialized. File: C:\Users\And\PythonProjects\FlashcardApp\logs\quiz_app.log
2026-08-03 11:35:16 - __main__ - INFO - Qt translations loaded for: en
2026-08-03 11:35:16 - src.logic.app_settings - DEBUG - Settings saved
2026-08-03 11:35:16 - src.logic.translator - INFO - Language changed to: en
2026-08-03 11:35:16 - src.controllers.main_controller - INFO - MainController initialized
2026-08-03 11:35:17 - src.logic.app_settings - DEBUG - Settings saved
2026-08-03 11:35:17 - src.ui.main_window - INFO - Applied light theme
2026-08-03 11:35:17 - src.logic.user_session - INFO - Session ended for: guest
2026-08-03 11:35:17 - src.controllers.main_controller - INFO - Continuing as guest
2026-08-03 11:35:17 - __main__ - INFO - Qt translations loaded for: en
2026-08-03 11:35:17 - __main__ - INFO - Application started successfully
2026-08-03 11:35:18 - src.controllers.flashcard_controller - INFO - FlashcardController initialized
2026-08-03 11:35:18 - src.utils.text_to_speech - INFO - Text-to-speech engine 'sapi' is ready
2026-08-03 11:35:18 - src.storage.flashcard_repository - DEBUG - No saved deck progress for user 'guest' at C:\Users\And\PythonProjects\FlashcardApp\data\flashcards\073af40a-153f-4940-a305-5f4b764f92c4\progress\guest.json
2026-08-03 11:35:18 - src.storage.flashcard_repository - DEBUG - Loaded progress for user 'guest' from C:\Users\And\PythonProjects\FlashcardApp\data\flashcards\8f348fc7-0545-413c-96c6-52b0800b4ef0\progress\guest.json (2 card records)
2026-08-03 11:35:18 - src.storage.flashcard_repository - DEBUG - No saved deck progress for user 'guest' at C:\Users\And\PythonProjects\FlashcardApp\data\flashcards\073af40a-153f-4940-a305-5f4b764f92c4\progress\guest.json
2026-08-03 11:35:18 - src.storage.flashcard_repository - DEBUG - Loaded progress for user 'guest' from C:\Users\And\PythonProjects\FlashcardApp\data\flashcards\8f348fc7-0545-413c-96c6-52b0800b4ef0\progress\guest.json (2 card records)
2026-08-03 11:35:18 - src.ui.main_window - INFO - Launched FlashcardViewer
2026-08-03 11:35:19 - src.storage.flashcard_repository - DEBUG - No saved deck progress for user 'guest' at C:\Users\And\PythonProjects\FlashcardApp\data\flashcards\073af40a-153f-4940-a305-5f4b764f92c4\progress\guest.json
2026-08-03 11:35:19 - src.storage.flashcard_repository - DEBUG - Loaded progress for user 'guest' from C:\Users\And\PythonProjects\FlashcardApp\data\flashcards\8f348fc7-0545-413c-96c6-52b0800b4ef0\progress\guest.json (2 card records)
2026-08-03 11:35:19 - src.controllers.flashcard_controller - INFO - Starting deck 'Sample Deck Copy' for user 'guest'
2026-08-03 11:35:19 - src.storage.flashcard_repository - DEBUG - Loaded progress for user 'guest' from C:\Users\And\PythonProjects\FlashcardApp\data\flashcards\8f348fc7-0545-413c-96c6-52b0800b4ef0\progress\guest.json (2 card records)
2026-08-03 11:35:19 - src.controllers.flashcard_controller - INFO - Deck 'Sample Deck Copy' started: 2 total cards, 2 cards in learning queue
2026-08-03 11:35:22 - src.utils.recorded_audio - DEBUG - No recorded audio for flashcard field; using TTS
2026-08-03 11:35:22 - src.utils.text_to_speech - INFO - Requested TTS using 'sapi' for 14 characters
2026-08-03 11:35:24 - src.storage.flashcard_repository - DEBUG - Saved progress for user 'guest' to C:\Users\And\PythonProjects\FlashcardApp\data\flashcards\8f348fc7-0545-413c-96c6-52b0800b4ef0\progress\guest.json (2 card records)
2026-08-03 11:35:24 - src.controllers.flashcard_controller - INFO - Recorded correct attempt for flashcard '66cac1b9-229f-431e-b1b7-b95573389fd5': correct=5 wrong=0
2026-08-03 11:35:25 - src.utils.recorded_audio - INFO - Playing recorded flashcard audio: front.mp3
2026-08-03 11:35:45 - src.utils.recorded_audio - INFO - Playing recorded flashcard audio: back.mp3
2026-08-03 11:35:47 - src.utils.recorded_audio - INFO - Playing recorded flashcard audio: description.mp3
2026-08-03 11:35:51 - src.utils.recorded_audio - INFO - Playing recorded flashcard audio: hint.mp3
2026-08-03 11:36:00 - src.storage.flashcard_repository - DEBUG - Saved progress for user 'guest' to C:\Users\And\PythonProjects\FlashcardApp\data\flashcards\8f348fc7-0545-413c-96c6-52b0800b4ef0\progress\guest.json (2 card records)
2026-08-03 11:36:00 - src.controllers.flashcard_controller - INFO - Recorded correct attempt for flashcard 'da37e2d4-5d91-40ea-9774-a27e7e5f5ba7': correct=3 wrong=0
2026-08-03 11:36:00 - src.controllers.flashcard_controller - INFO - Study session complete
2026-08-03 11:36:01 - src.ui.flashcard_viewer - INFO - Returning to deck selection menu.
2026-08-03 11:36:01 - src.storage.flashcard_repository - DEBUG - No saved deck progress for user 'guest' at C:\Users\And\PythonProjects\FlashcardApp\data\flashcards\073af40a-153f-4940-a305-5f4b764f92c4\progress\guest.json
2026-08-03 11:36:01 - src.storage.flashcard_repository - DEBUG - Loaded progress for user 'guest' from C:\Users\And\PythonProjects\FlashcardApp\data\flashcards\8f348fc7-0545-413c-96c6-52b0800b4ef0\progress\guest.json (2 card records)
2026-08-03 11:36:01 - src.controllers.flashcard_controller - INFO - Ending session. Stats: {'known': 2, 'unknown': 0}
2026-08-03 11:36:45 - src.controllers.flashcard_controller - INFO - FlashcardController initialized
2026-08-03 11:36:45 - src.utils.text_to_speech - INFO - Text-to-speech engine 'sapi' is ready
2026-08-03 11:36:45 - src.storage.flashcard_repository - DEBUG - No saved deck progress for user 'guest' at C:\Users\And\PythonProjects\FlashcardApp\data\flashcards\073af40a-153f-4940-a305-5f4b764f92c4\progress\guest.json
2026-08-03 11:36:45 - src.storage.flashcard_repository - DEBUG - Loaded progress for user 'guest' from C:\Users\And\PythonProjects\FlashcardApp\data\flashcards\8f348fc7-0545-413c-96c6-52b0800b4ef0\progress\guest.json (2 card records)
2026-08-03 11:36:45 - src.storage.flashcard_repository - DEBUG - No saved deck progress for user 'guest' at C:\Users\And\PythonProjects\FlashcardApp\data\flashcards\073af40a-153f-4940-a305-5f4b764f92c4\progress\guest.json
2026-08-03 11:36:45 - src.storage.flashcard_repository - DEBUG - Loaded progress for user 'guest' from C:\Users\And\PythonProjects\FlashcardApp\data\flashcards\8f348fc7-0545-413c-96c6-52b0800b4ef0\progress\guest.json (2 card records)
2026-08-03 11:36:45 - src.ui.main_window - INFO - Launched FlashcardViewer
2026-08-03 11:36:49 - src.ui.main_window - DEBUG - Opened login dialog
2026-08-03 11:36:56 - src.storage.user_repository - INFO - User authenticated: admin (role: teacher)
2026-08-03 11:36:56 - src.logic.user_session - INFO - Session started for: Admin User
2026-08-03 11:36:56 - src.ui.main_window - INFO - Login successful: Admin User
2026-08-03 11:36:58 - src.ui.editor.flashcard_editor - INFO - Flashcard Editor initialized.
2026-08-03 11:36:58 - src.ui.main_window - INFO - Launched FlashcardEditor
2026-08-03 11:38:32 - src.ui.editor.flashcard_editor - INFO - User cancelled card edit. Returning to Deck Editor.
2026-08-03 11:38:33 - src.ui.editor.flashcard_editor - INFO - NAV: Returning to deck menu.
2026-08-03 11:38:33 - src.ui.editor.flashcard_editor - DEBUG - STATE: Checking for unsaved changes. Result: False
2026-08-03 11:38:33 - src.ui.editor.flashcard_editor - INFO - NAV: Switch successful.
2026-08-03 11:38:35 - src.ui.editor.flashcard_editor - INFO - NAV: 'Back to Main' clicked.
2026-08-03 11:38:35 - src.ui.editor.flashcard_editor - DEBUG - STATE: Checking for unsaved changes. Result: False
2026-08-03 11:38:35 - src.ui.editor.flashcard_editor - INFO - NAV: Proceeding to return to main menu.
2026-08-03 11:38:38 - src.controllers.flashcard_controller - INFO - FlashcardController initialized
2026-08-03 11:38:38 - src.utils.text_to_speech - INFO - Text-to-speech engine 'sapi' is ready
2026-08-03 11:38:38 - src.storage.flashcard_repository - DEBUG - Loaded progress for user '1' from C:\Users\And\PythonProjects\FlashcardApp\data\flashcards\073af40a-153f-4940-a305-5f4b764f92c4\progress\1.json (2 card records)
2026-08-03 11:38:38 - src.storage.flashcard_repository - DEBUG - No saved deck progress for user '1' at C:\Users\And\PythonProjects\FlashcardApp\data\flashcards\8f348fc7-0545-413c-96c6-52b0800b4ef0\progress\1.json
2026-08-03 11:38:38 - src.storage.flashcard_repository - DEBUG - Loaded progress for user '1' from C:\Users\And\PythonProjects\FlashcardApp\data\flashcards\073af40a-153f-4940-a305-5f4b764f92c4\progress\1.json (2 card records)
2026-08-03 11:38:38 - src.storage.flashcard_repository - DEBUG - No saved deck progress for user '1' at C:\Users\And\PythonProjects\FlashcardApp\data\flashcards\8f348fc7-0545-413c-96c6-52b0800b4ef0\progress\1.json
2026-08-03 11:38:38 - src.ui.main_window - INFO - Launched FlashcardViewer
2026-08-03 11:38:39 - src.storage.flashcard_repository - DEBUG - Loaded progress for user '1' from C:\Users\And\PythonProjects\FlashcardApp\data\flashcards\073af40a-153f-4940-a305-5f4b764f92c4\progress\1.json (2 card records)
2026-08-03 11:38:39 - src.storage.flashcard_repository - DEBUG - No saved deck progress for user '1' at C:\Users\And\PythonProjects\FlashcardApp\data\flashcards\8f348fc7-0545-413c-96c6-52b0800b4ef0\progress\1.json
2026-08-03 11:38:39 - src.controllers.flashcard_controller - INFO - Starting deck 'Sample Deck Copy' for user '1'
2026-08-03 11:38:39 - src.storage.flashcard_repository - DEBUG - No saved deck progress for user '1' at C:\Users\And\PythonProjects\FlashcardApp\data\flashcards\8f348fc7-0545-413c-96c6-52b0800b4ef0\progress\1.json
2026-08-03 11:38:39 - src.controllers.flashcard_controller - INFO - Deck 'Sample Deck Copy' started: 2 total cards, 2 cards in learning queue
2026-08-03 11:38:43 - src.utils.recorded_audio - DEBUG - No recorded audio for flashcard field; using TTS
2026-08-03 11:38:43 - src.utils.text_to_speech - INFO - Requested TTS using 'sapi' for 14 characters
2026-08-03 11:40:06 - root - INFO - Logging initialized. File: C:\Users\And\PythonProjects\FlashcardApp\logs\quiz_app.log
2026-08-03 11:40:06 - __main__ - INFO - Qt translations loaded for: en
2026-08-03 11:40:06 - src.logic.app_settings - DEBUG - Settings saved
2026-08-03 11:40:06 - src.logic.translator - INFO - Language changed to: en
2026-08-03 11:40:06 - src.controllers.main_controller - INFO - MainController initialized
2026-08-03 11:40:06 - src.logic.app_settings - DEBUG - Settings saved
2026-08-03 11:40:06 - src.ui.main_window - INFO - Applied light theme
2026-08-03 11:40:06 - src.logic.user_session - INFO - Session ended for: guest
2026-08-03 11:40:06 - src.controllers.main_controller - INFO - Continuing as guest
2026-08-03 11:40:06 - __main__ - INFO - Qt translations loaded for: en
2026-08-03 11:40:06 - __main__ - INFO - Application started successfully
2026-08-03 11:40:08 - src.controllers.flashcard_controller - INFO - FlashcardController initialized
2026-08-03 11:40:08 - src.utils.text_to_speech - INFO - Text-to-speech engine 'sapi' is ready
2026-08-03 11:40:08 - src.storage.flashcard_repository - DEBUG - No saved deck progress for user 'guest' at C:\Users\And\PythonProjects\FlashcardApp\data\flashcards\073af40a-153f-4940-a305-5f4b764f92c4\progress\guest.json
2026-08-03 11:40:08 - src.storage.flashcard_repository - DEBUG - Loaded progress for user 'guest' from C:\Users\And\PythonProjects\FlashcardApp\data\flashcards\8f348fc7-0545-413c-96c6-52b0800b4ef0\progress\guest.json (2 card records)
2026-08-03 11:40:08 - src.storage.flashcard_repository - DEBUG - No saved deck progress for user 'guest' at C:\Users\And\PythonProjects\FlashcardApp\data\flashcards\073af40a-153f-4940-a305-5f4b764f92c4\progress\guest.json
2026-08-03 11:40:08 - src.storage.flashcard_repository - DEBUG - Loaded progress for user 'guest' from C:\Users\And\PythonProjects\FlashcardApp\data\flashcards\8f348fc7-0545-413c-96c6-52b0800b4ef0\progress\guest.json (2 card records)
2026-08-03 11:40:08 - src.ui.main_window - INFO - Launched FlashcardViewer
2026-08-03 11:40:10 - src.storage.flashcard_repository - DEBUG - No saved deck progress for user 'guest' at C:\Users\And\PythonProjects\FlashcardApp\data\flashcards\073af40a-153f-4940-a305-5f4b764f92c4\progress\guest.json
2026-08-03 11:40:10 - src.storage.flashcard_repository - DEBUG - Loaded progress for user 'guest' from C:\Users\And\PythonProjects\FlashcardApp\data\flashcards\8f348fc7-0545-413c-96c6-52b0800b4ef0\progress\guest.json (2 card records)
2026-08-03 11:40:10 - src.controllers.flashcard_controller - INFO - Starting deck 'Sample Deck Copy' for user 'guest'
2026-08-03 11:40:10 - src.storage.flashcard_repository - DEBUG - Loaded progress for user 'guest' from C:\Users\And\PythonProjects\FlashcardApp\data\flashcards\8f348fc7-0545-413c-96c6-52b0800b4ef0\progress\guest.json (2 card records)
2026-08-03 11:40:10 - src.controllers.flashcard_controller - INFO - Deck 'Sample Deck Copy' started: 2 total cards, 2 cards in learning queue
2026-08-03 11:40:12 - src.utils.recorded_audio - DEBUG - No recorded audio for flashcard field; using TTS
2026-08-03 11:40:12 - src.utils.text_to_speech - INFO - Requested TTS using 'sapi' for 30 characters
2026-08-03 11:40:14 - src.utils.recorded_audio - INFO - Playing recorded flashcard audio: hint.mp3
2026-08-03 11:42:53 - root - INFO - Logging initialized. File: C:\Users\And\PythonProjects\FlashcardApp\logs\quiz_app.log
2026-08-03 11:42:53 - __main__ - INFO - Qt translations loaded for: en
2026-08-03 11:42:53 - src.logic.app_settings - DEBUG - Settings saved
2026-08-03 11:42:53 - src.logic.translator - INFO - Language changed to: en
2026-08-03 11:42:53 - src.controllers.main_controller - INFO - MainController initialized
2026-08-03 11:42:53 - src.logic.app_settings - DEBUG - Settings saved
2026-08-03 11:42:53 - src.ui.main_window - INFO - Applied light theme
2026-08-03 11:42:53 - src.logic.user_session - INFO - Session ended for: guest
2026-08-03 11:42:53 - src.controllers.main_controller - INFO - Continuing as guest
2026-08-03 11:42:53 - __main__ - INFO - Qt translations loaded for: en
2026-08-03 11:42:54 - __main__ - INFO - Application started successfully
2026-08-03 11:42:55 - src.ui.main_window - DEBUG - Opened login dialog
2026-08-03 11:42:57 - src.logic.user_session - INFO - Session ended for: guest
2026-08-03 11:42:57 - src.controllers.main_controller - INFO - Continuing as guest
2026-08-03 11:42:57 - src.ui.main_window - INFO - Continuing as guest
2026-08-03 11:42:58 - src.ui.main_window - DEBUG - Opened login dialog
2026-08-03 11:43:00 - src.ui.main_window - DEBUG - Opened login dialog
2026-08-03 11:45:06 - root - INFO - Logging initialized. File: C:\Users\And\PythonProjects\FlashcardApp\logs\quiz_app.log
2026-08-03 11:45:06 - __main__ - INFO - Qt translations loaded for: en
2026-08-03 11:45:06 - src.logic.app_settings - DEBUG - Settings saved
2026-08-03 11:45:06 - src.logic.translator - INFO - Language changed to: en
2026-08-03 11:45:06 - src.controllers.main_controller - INFO - MainController initialized
2026-08-03 11:45:06 - src.logic.app_settings - DEBUG - Settings saved
2026-08-03 11:45:06 - src.ui.main_window - INFO - Applied light theme
2026-08-03 11:45:06 - src.logic.user_session - INFO - Session ended for: guest
2026-08-03 11:45:06 - src.controllers.main_controller - INFO - Continuing as guest
2026-08-03 11:45:06 - __main__ - INFO - Qt translations loaded for: en
2026-08-03 11:45:06 - __main__ - INFO - Application started successfully
2026-08-03 11:45:08 - src.ui.main_window - DEBUG - Opened login dialog
2026-08-03 11:45:15 - src.storage.user_repository - INFO - User authenticated: admin (role: teacher)
2026-08-03 11:45:15 - src.logic.user_session - INFO - Session started for: Admin User
2026-08-03 11:45:15 - src.ui.main_window - INFO - Login successful: Admin User
2026-08-03 11:45:26 - src.logic.app_settings - DEBUG - Settings saved
2026-08-03 11:45:26 - src.ui.main_window - INFO - Applied light theme
2026-08-03 11:45:26 - src.ui.main_window - DEBUG - Settings panel shown with overlay
2026-08-03 20:27:37 - root - INFO - Logging initialized. File: C:\Users\And\PythonProjects\FlashcardApp\logs\quiz_app.log
2026-08-03 20:27:37 - __main__ - INFO - Qt translations loaded for: en
2026-08-03 20:27:37 - src.logic.translator - INFO - Language changed to: en
2026-08-03 20:27:37 - src.controllers.main_controller - INFO - MainController initialized
2026-08-03 20:27:37 - src.logic.app_settings - DEBUG - Settings saved
2026-08-03 20:27:37 - src.ui.main_window - INFO - Applied light theme
2026-08-03 20:27:37 - src.logic.user_session - INFO - Session ended for: guest
2026-08-03 20:27:37 - src.controllers.main_controller - INFO - Continuing as guest
2026-08-03 20:27:37 - __main__ - INFO - Qt translations loaded for: en
2026-08-03 20:27:37 - __main__ - INFO - Application started successfully
2026-08-03 20:27:40 - src.ui.main_window - DEBUG - Opened login dialog
2026-08-03 20:28:28 - src.storage.user_repository - INFO - Registered local student account: student32
2026-08-03 20:28:28 - src.logic.user_session - INFO - Session started for: student32
2026-08-03 20:28:28 - src.logic.translator - INFO - Language changed to: en
2026-08-03 20:28:28 - src.ui.main_window - INFO - Applied dark theme
2026-08-03 20:28:28 - src.logic.translator - INFO - Language changed to: en
2026-08-03 20:28:28 - src.main - INFO - Qt translations loaded for: en
2026-08-03 20:28:28 - src.controllers.main_controller - INFO - Language changed to: en
2026-08-03 20:28:28 - src.ui.main_window - DEBUG - Login dialog retranslated
2026-08-03 20:28:28 - src.ui.main_window - INFO - Language changed to: en
2026-08-03 20:28:40 - src.ui.main_window - DEBUG - Settings panel shown with overlay
2026-08-03 20:28:42 - src.ui.main_window - INFO - Applied light theme
2026-08-03 20:28:42 - src.ui.main_window - DEBUG - Settings panel and overlay hidden
2026-08-03 20:29:03 - src.logic.user_session - INFO - Session ended for: student32
2026-08-03 20:29:03 - src.logic.translator - INFO - Language changed to: en
2026-08-03 20:29:03 - src.controllers.main_controller - INFO - User logged out
2026-08-03 20:29:03 - src.logic.app_settings - DEBUG - Settings saved
2026-08-03 20:29:03 - src.ui.main_window - INFO - Applied light theme
2026-08-03 20:29:03 - src.logic.translator - INFO - Language changed to: en
2026-08-03 20:29:03 - src.logic.app_settings - DEBUG - Settings saved
2026-08-03 20:29:03 - src.main - INFO - Qt translations loaded for: en
2026-08-03 20:29:03 - src.controllers.main_controller - INFO - Language changed to: en
2026-08-03 20:29:03 - src.ui.main_window - DEBUG - Settings panel retranslated
2026-08-03 20:29:03 - src.ui.main_window - DEBUG - Login dialog retranslated
2026-08-03 20:29:03 - src.ui.main_window - INFO - Language changed to: en
2026-08-03 20:29:03 - src.ui.main_window - INFO - Logged out, returned to guest mode
2026-08-03 20:29:04 - src.ui.main_window - DEBUG - Opened login dialog
2026-08-03 20:29:09 - src.storage.user_repository - INFO - User authenticated: admin (role: teacher)
2026-08-03 20:29:09 - src.logic.user_session - INFO - Session started for: Admin User
2026-08-03 20:29:09 - src.logic.translator - INFO - Language changed to: en
2026-08-03 20:29:09 - src.ui.main_window - INFO - Login successful: Admin User
2026-08-03 20:29:09 - src.ui.main_window - INFO - Applied dark theme
2026-08-03 20:29:09 - src.logic.translator - INFO - Language changed to: en
2026-08-03 20:29:09 - src.main - INFO - Qt translations loaded for: en
2026-08-03 20:29:09 - src.controllers.main_controller - INFO - Language changed to: en
2026-08-03 20:29:09 - src.ui.main_window - DEBUG - Settings panel retranslated
2026-08-03 20:29:09 - src.ui.main_window - DEBUG - Login dialog retranslated
2026-08-03 20:29:09 - src.ui.main_window - INFO - Language changed to: en
2026-08-03 20:29:52 - src.logic.user_session - INFO - Session ended for: Admin User
2026-08-03 20:29:52 - src.logic.translator - INFO - Language changed to: en
2026-08-03 20:29:52 - src.controllers.main_controller - INFO - User logged out
2026-08-03 20:29:52 - src.logic.app_settings - DEBUG - Settings saved
2026-08-03 20:29:52 - src.ui.main_window - INFO - Applied light theme
2026-08-03 20:29:52 - src.logic.translator - INFO - Language changed to: en
2026-08-03 20:29:52 - src.logic.app_settings - DEBUG - Settings saved
2026-08-03 20:29:52 - src.main - INFO - Qt translations loaded for: en
2026-08-03 20:29:52 - src.controllers.main_controller - INFO - Language changed to: en
2026-08-03 20:29:52 - src.ui.main_window - DEBUG - Settings panel retranslated
2026-08-03 20:29:52 - src.ui.main_window - DEBUG - Login dialog retranslated
2026-08-03 20:29:52 - src.ui.main_window - INFO - Language changed to: en
2026-08-03 20:29:52 - src.ui.main_window - INFO - Logged out, returned to guest mode
2026-08-03 20:29:56 - root - INFO - Logging initialized. File: C:\Users\And\PythonProjects\FlashcardApp\logs\quiz_app.log
2026-08-03 20:29:56 - __main__ - INFO - Qt translations loaded for: en
2026-08-03 20:29:56 - src.logic.translator - INFO - Language changed to: en
2026-08-03 20:29:56 - src.controllers.main_controller - INFO - MainController initialized
2026-08-03 20:29:56 - src.logic.app_settings - DEBUG - Settings saved
2026-08-03 20:29:56 - src.ui.main_window - INFO - Applied light theme
2026-08-03 20:29:56 - src.logic.user_session - INFO - Session ended for: guest
2026-08-03 20:29:56 - src.controllers.main_controller - INFO - Continuing as guest
2026-08-03 20:29:56 - __main__ - INFO - Qt translations loaded for: en
2026-08-03 20:29:57 - __main__ - INFO - Application started successfully
2026-08-03 20:29:58 - src.logic.app_settings - DEBUG - Settings saved
2026-08-03 20:29:58 - src.ui.main_window - INFO - Applied light theme
2026-08-03 20:29:58 - src.ui.main_window - DEBUG - Settings panel shown with overlay
2026-08-03 20:29:59 - src.logic.app_settings - DEBUG - Settings saved
2026-08-03 20:29:59 - src.ui.main_window - INFO - Applied dark theme
2026-08-03 20:30:01 - src.logic.translator - INFO - Language changed to: fr
2026-08-03 20:30:01 - src.logic.app_settings - DEBUG - Settings saved
2026-08-03 20:30:01 - src.main - INFO - Qt translations loaded for: fr
2026-08-03 20:30:01 - src.controllers.main_controller - INFO - Language changed to: fr
2026-08-03 20:30:01 - src.ui.main_window - DEBUG - Settings panel retranslated
2026-08-03 20:30:01 - src.ui.main_window - INFO - Language changed to: fr
2026-08-03 20:30:02 - src.ui.main_window - DEBUG - Settings panel and overlay hidden
2026-08-03 20:30:05 - root - INFO - Logging initialized. File: C:\Users\And\PythonProjects\FlashcardApp\logs\quiz_app.log
2026-08-03 20:30:05 - __main__ - INFO - Qt translations loaded for: fr
2026-08-03 20:30:05 - src.logic.translator - INFO - Language changed to: fr
2026-08-03 20:30:05 - src.controllers.main_controller - INFO - MainController initialized
2026-08-03 20:30:05 - src.logic.app_settings - DEBUG - Settings saved
2026-08-03 20:30:05 - src.ui.main_window - INFO - Applied dark theme
2026-08-03 20:30:05 - src.logic.user_session - INFO - Session ended for: guest
2026-08-03 20:30:05 - src.controllers.main_controller - INFO - Continuing as guest
2026-08-03 20:30:05 - __main__ - INFO - Qt translations loaded for: fr
2026-08-03 20:30:05 - __main__ - INFO - Application started successfully
2026-08-03 20:30:06 - src.logic.translator - INFO - Language changed to: fr
2026-08-03 20:30:06 - src.logic.app_settings - DEBUG - Settings saved
2026-08-03 20:30:06 - src.main - INFO - Qt translations loaded for: fr
2026-08-03 20:30:06 - src.controllers.main_controller - INFO - Language changed to: fr
2026-08-03 20:30:06 - src.ui.main_window - DEBUG - Settings panel retranslated
2026-08-03 20:30:06 - src.ui.main_window - INFO - Language changed to: fr
2026-08-03 20:30:06 - src.ui.main_window - DEBUG - Settings panel shown with overlay
2026-08-03 20:30:08 - src.logic.translator - INFO - Language changed to: en
2026-08-03 20:30:08 - src.logic.app_settings - DEBUG - Settings saved
2026-08-03 20:30:08 - src.main - INFO - Qt translations loaded for: en
2026-08-03 20:30:08 - src.controllers.main_controller - INFO - Language changed to: en
2026-08-03 20:30:08 - src.ui.main_window - DEBUG - Settings panel retranslated
2026-08-03 20:30:08 - src.ui.main_window - INFO - Language changed to: en
2026-08-03 20:30:10 - src.logic.app_settings - DEBUG - Settings saved
2026-08-03 20:30:10 - src.ui.main_window - INFO - Applied light theme
2026-08-03 20:30:12 - src.ui.main_window - DEBUG - Settings panel and overlay hidden
2026-08-03 20:30:43 - root - INFO - Logging initialized. File: C:\Users\And\PythonProjects\FlashcardApp\logs\quiz_app.log
2026-08-03 20:30:43 - __main__ - INFO - Qt translations loaded for: en
2026-08-03 20:30:43 - src.logic.translator - INFO - Language changed to: en
2026-08-03 20:30:43 - src.controllers.main_controller - INFO - MainController initialized
2026-08-03 20:30:43 - src.logic.app_settings - DEBUG - Settings saved
2026-08-03 20:30:43 - src.ui.main_window - INFO - Applied light theme
2026-08-03 20:30:43 - src.logic.user_session - INFO - Session ended for: guest
2026-08-03 20:30:43 - src.controllers.main_controller - INFO - Continuing as guest
2026-08-03 20:30:43 - __main__ - INFO - Qt translations loaded for: en
2026-08-03 20:30:43 - __main__ - INFO - Application started successfully
2026-08-03 20:30:45 - src.ui.main_window - DEBUG - Opened login dialog
2026-08-03 20:31:03 - src.storage.user_repository - INFO - User authenticated: student (role: student)
2026-08-03 20:31:03 - src.logic.user_session - INFO - Session started for: Student User
2026-08-03 20:31:03 - src.logic.translator - INFO - Language changed to: en
2026-08-03 20:31:03 - src.ui.main_window - INFO - Login successful: Student User
2026-08-03 20:31:03 - src.ui.main_window - INFO - Applied dark theme
2026-08-03 20:31:03 - src.logic.translator - INFO - Language changed to: en
2026-08-03 20:31:03 - src.main - INFO - Qt translations loaded for: en
2026-08-03 20:31:03 - src.controllers.main_controller - INFO - Language changed to: en
2026-08-03 20:31:03 - src.ui.main_window - DEBUG - Login dialog retranslated
2026-08-03 20:31:03 - src.ui.main_window - INFO - Language changed to: en
2026-08-03 20:31:08 - src.ui.main_window - DEBUG - Settings panel shown with overlay
2026-08-03 20:38:03 - root - INFO - Logging initialized. File: C:\Users\And\PythonProjects\FlashcardApp\logs\quiz_app.log
2026-08-03 20:38:03 - __main__ - INFO - Qt translations loaded for: en
2026-08-03 20:38:03 - src.logic.translator - INFO - Language changed to: en
2026-08-03 20:38:03 - src.controllers.main_controller - INFO - MainController initialized
2026-08-03 20:38:04 - src.logic.app_settings - DEBUG - Settings saved
2026-08-03 20:38:04 - src.ui.main_window - INFO - Applied light theme
2026-08-03 20:38:04 - src.logic.user_session - INFO - Session ended for: guest
2026-08-03 20:38:04 - src.controllers.main_controller - INFO - Continuing as guest
2026-08-03 20:38:04 - __main__ - INFO - Qt translations loaded for: en
2026-08-03 20:38:04 - __main__ - INFO - Application started successfully
2026-08-03 20:38:05 - src.ui.main_window - DEBUG - Opened login dialog
2026-08-03 20:38:07 - src.logic.app_settings - DEBUG - Settings saved
2026-08-03 20:38:07 - src.ui.main_window - INFO - Applied light theme
2026-08-03 20:38:07 - src.ui.main_window - DEBUG - Settings panel shown with overlay
2026-08-03 20:38:08 - src.ui.main_window - DEBUG - Settings panel and overlay hidden
2026-08-03 20:38:08 - src.ui.main_window - DEBUG - Opened login dialog
2026-08-03 20:38:14 - src.storage.user_repository - INFO - User authenticated: admin (role: teacher)
2026-08-03 20:38:14 - src.logic.user_session - INFO - Session started for: Admin User
2026-08-03 20:38:14 - src.logic.translator - INFO - Language changed to: en
2026-08-03 20:38:14 - src.ui.main_window - INFO - Login successful: Admin User
2026-08-03 20:38:14 - src.ui.main_window - INFO - Applied dark theme
2026-08-03 20:38:14 - src.logic.translator - INFO - Language changed to: en
2026-08-03 20:38:14 - src.main - INFO - Qt translations loaded for: en
2026-08-03 20:38:14 - src.controllers.main_controller - INFO - Language changed to: en
2026-08-03 20:38:14 - src.ui.main_window - DEBUG - Settings panel retranslated
2026-08-03 20:38:14 - src.ui.main_window - DEBUG - Login dialog retranslated
2026-08-03 20:38:14 - src.ui.main_window - INFO - Language changed to: en
2026-08-03 20:38:15 - src.ui.main_window - INFO - Applied dark theme
2026-08-03 20:38:15 - src.ui.main_window - DEBUG - Settings panel shown with overlay
2026-08-03 20:38:18 - src.ui.main_window - DEBUG - Settings panel and overlay hidden
2026-08-03 20:38:38 - src.logic.user_session - INFO - Session ended for: Admin User
2026-08-03 20:38:38 - src.logic.translator - INFO - Language changed to: en
2026-08-03 20:38:38 - src.controllers.main_controller - INFO - User logged out
2026-08-03 20:38:38 - src.logic.app_settings - DEBUG - Settings saved
2026-08-03 20:38:38 - src.ui.main_window - INFO - Applied light theme
2026-08-03 20:38:38 - src.logic.translator - INFO - Language changed to: en
2026-08-03 20:38:38 - src.logic.app_settings - DEBUG - Settings saved
2026-08-03 20:38:38 - src.main - INFO - Qt translations loaded for: en
2026-08-03 20:38:38 - src.controllers.main_controller - INFO - Language changed to: en
2026-08-03 20:38:38 - src.ui.main_window - DEBUG - Settings panel retranslated
2026-08-03 20:38:38 - src.ui.main_window - DEBUG - Login dialog retranslated
2026-08-03 20:38:38 - src.ui.main_window - INFO - Language changed to: en
2026-08-03 20:38:38 - src.ui.main_window - INFO - Logged out, returned to guest mode
2026-08-03 20:38:39 - src.ui.main_window - DEBUG - Opened login dialog
2026-08-03 20:38:49 - src.logic.user_session - INFO - Session ended for: guest
2026-08-03 20:38:49 - src.controllers.main_controller - INFO - Continuing as guest
2026-08-03 20:38:49 - src.ui.main_window - INFO - Continuing as guest
2026-08-03 20:38:52 - src.logic.app_settings - DEBUG - Settings saved
2026-08-03 20:38:52 - src.ui.main_window - INFO - Applied light theme
2026-08-03 20:38:52 - src.ui.main_window - DEBUG - Settings panel shown with overlay
2026-08-03 20:38:53 - src.ui.main_window - DEBUG - Settings panel and overlay hidden
2026-08-03 20:38:54 - src.ui.main_window - DEBUG - Opened login dialog
2026-08-03 20:38:57 - src.storage.user_repository - INFO - User authenticated: admin (role: teacher)
2026-08-03 20:38:57 - src.logic.user_session - INFO - Session started for: Admin User
2026-08-03 20:38:57 - src.logic.translator - INFO - Language changed to: en
2026-08-03 20:38:57 - src.ui.main_window - INFO - Login successful: Admin User
2026-08-03 20:38:57 - src.ui.main_window - INFO - Applied dark theme
2026-08-03 20:38:57 - src.logic.translator - INFO - Language changed to: en
2026-08-03 20:38:57 - src.main - INFO - Qt translations loaded for: en
2026-08-03 20:38:57 - src.controllers.main_controller - INFO - Language changed to: en
2026-08-03 20:38:57 - src.ui.main_window - DEBUG - Settings panel retranslated
2026-08-03 20:38:57 - src.ui.main_window - DEBUG - Login dialog retranslated
2026-08-03 20:38:57 - src.ui.main_window - INFO - Language changed to: en
2026-08-03 20:38:59 - src.ui.main_window - INFO - Applied dark theme
2026-08-03 20:38:59 - src.ui.main_window - DEBUG - Settings panel shown with overlay
2026-08-03 20:39:00 - src.ui.main_window - DEBUG - Settings panel and overlay hidden
2026-08-03 20:44:00 - root - INFO - Logging initialized. File: C:\Users\And\PythonProjects\FlashcardApp\logs\quiz_app.log
2026-08-03 20:44:00 - __main__ - INFO - Qt translations loaded for: en
2026-08-03 20:44:00 - src.logic.translator - INFO - Language changed to: en
2026-08-03 20:44:00 - src.controllers.main_controller - INFO - MainController initialized
2026-08-03 20:44:00 - src.logic.app_settings - DEBUG - Settings saved
2026-08-03 20:44:00 - src.ui.main_window - INFO - Applied light theme
2026-08-03 20:44:00 - src.logic.user_session - INFO - Session ended for: guest
2026-08-03 20:44:00 - src.controllers.main_controller - INFO - Continuing as guest
2026-08-03 20:44:00 - __main__ - INFO - Qt translations loaded for: en
2026-08-03 20:44:00 - __main__ - INFO - Application started successfully
2026-08-03 20:44:02 - src.ui.main_window - DEBUG - Opened login dialog
2026-08-03 20:44:05 - src.storage.user_repository - INFO - User authenticated: admin (role: teacher)
2026-08-03 20:44:05 - src.logic.user_session - INFO - Session started for: Admin User
2026-08-03 20:44:05 - src.logic.translator - INFO - Language changed to: en
2026-08-03 20:44:05 - src.ui.main_window - INFO - Login successful: Admin User
2026-08-03 20:44:05 - src.ui.main_window - INFO - Applied dark theme
2026-08-03 20:44:05 - src.logic.translator - INFO - Language changed to: en
2026-08-03 20:44:05 - src.main - INFO - Qt translations loaded for: en
2026-08-03 20:44:05 - src.controllers.main_controller - INFO - Language changed to: en
2026-08-03 20:44:05 - src.ui.main_window - DEBUG - Login dialog retranslated
2026-08-03 20:44:05 - src.ui.main_window - INFO - Language changed to: en
2026-08-03 20:44:07 - src.ui.main_window - DEBUG - Settings panel shown with overlay
2026-08-03 20:44:08 - src.ui.main_window - DEBUG - Settings panel and overlay hidden
2026-08-03 20:44:49 - src.logic.user_session - INFO - Session ended for: Admin User
2026-08-03 20:44:49 - src.logic.translator - INFO - Language changed to: en
2026-08-03 20:44:49 - src.controllers.main_controller - INFO - User logged out
2026-08-03 20:44:49 - src.logic.app_settings - DEBUG - Settings saved
2026-08-03 20:44:49 - src.ui.main_window - INFO - Applied light theme
2026-08-03 20:44:49 - src.logic.translator - INFO - Language changed to: en
2026-08-03 20:44:49 - src.logic.app_settings - DEBUG - Settings saved
2026-08-03 20:44:49 - src.main - INFO - Qt translations loaded for: en
2026-08-03 20:44:49 - src.controllers.main_controller - INFO - Language changed to: en
2026-08-03 20:44:49 - src.ui.main_window - DEBUG - Settings panel retranslated
2026-08-03 20:44:49 - src.ui.main_window - DEBUG - Login dialog retranslated
2026-08-03 20:44:49 - src.ui.main_window - INFO - Language changed to: en
2026-08-03 20:44:49 - src.ui.main_window - INFO - Logged out, returned to guest mode
2026-08-03 20:44:49 - src.ui.main_window - DEBUG - Opened login dialog
2026-08-03 20:45:21 - src.storage.user_repository - INFO - User authenticated: admin (role: teacher)
2026-08-03 20:45:21 - src.logic.user_session - INFO - Session started for: Admin User
2026-08-03 20:45:21 - src.logic.translator - INFO - Language changed to: en
2026-08-03 20:45:21 - src.ui.main_window - INFO - Login successful: Admin User
2026-08-03 20:45:21 - src.ui.main_window - INFO - Applied dark theme
2026-08-03 20:45:21 - src.logic.translator - INFO - Language changed to: en
2026-08-03 20:45:21 - src.main - INFO - Qt translations loaded for: en
2026-08-03 20:45:21 - src.controllers.main_controller - INFO - Language changed to: en
2026-08-03 20:45:21 - src.ui.main_window - DEBUG - Settings panel retranslated
2026-08-03 20:45:21 - src.ui.main_window - DEBUG - Login dialog retranslated
2026-08-03 20:45:21 - src.ui.main_window - INFO - Language changed to: en
2026-08-03 20:45:23 - src.ui.main_window - DEBUG - Settings panel shown with overlay
2026-08-03 20:45:24 - src.ui.main_window - DEBUG - Settings panel and overlay hidden
2026-08-03 20:50:17 - root - INFO - Logging initialized. File: C:\Users\And\PythonProjects\FlashcardApp\logs\quiz_app.log
2026-08-03 20:50:17 - __main__ - INFO - Qt translations loaded for: en
2026-08-03 20:50:17 - src.logic.translator - INFO - Language changed to: en
2026-08-03 20:50:17 - src.controllers.main_controller - INFO - MainController initialized
2026-08-03 20:50:17 - src.logic.app_settings - DEBUG - Settings saved
2026-08-03 20:50:17 - src.ui.main_window - INFO - Applied light theme
2026-08-03 20:50:17 - src.logic.user_session - INFO - Session ended for: guest
2026-08-03 20:50:17 - src.controllers.main_controller - INFO - Continuing as guest
2026-08-03 20:50:17 - __main__ - INFO - Qt translations loaded for: en
2026-08-03 20:50:17 - __main__ - INFO - Application started successfully
2026-08-03 20:50:18 - src.ui.main_window - DEBUG - Opened login dialog
2026-08-03 20:50:28 - src.storage.user_repository - INFO - User authenticated: admin (role: teacher)
2026-08-03 20:50:28 - src.logic.user_session - INFO - Session started for: Admin User
2026-08-03 20:50:28 - src.logic.translator - INFO - Language changed to: en
2026-08-03 20:50:28 - src.ui.main_window - INFO - Login successful: Admin User
2026-08-03 20:50:28 - src.ui.main_window - INFO - Applied dark theme
2026-08-03 20:50:28 - src.logic.translator - INFO - Language changed to: en
2026-08-03 20:50:28 - src.main - INFO - Qt translations loaded for: en
2026-08-03 20:50:28 - src.controllers.main_controller - INFO - Language changed to: en
2026-08-03 20:50:28 - src.ui.main_window - DEBUG - Login dialog retranslated
2026-08-03 20:50:28 - src.ui.main_window - INFO - Language changed to: en
2026-08-03 20:50:30 - src.ui.main_window - DEBUG - Settings panel shown with overlay
2026-08-03 20:50:30 - src.ui.main_window - DEBUG - Settings panel and overlay hidden
2026-08-03 20:51:11 - src.logic.user_session - INFO - Session ended for: Admin User
2026-08-03 20:51:11 - src.logic.translator - INFO - Language changed to: en
2026-08-03 20:51:11 - src.controllers.main_controller - INFO - User logged out
2026-08-03 20:51:11 - src.logic.app_settings - DEBUG - Settings saved
2026-08-03 20:51:11 - src.ui.main_window - INFO - Applied light theme
2026-08-03 20:51:11 - src.logic.translator - INFO - Language changed to: en
2026-08-03 20:51:11 - src.logic.app_settings - DEBUG - Settings saved
2026-08-03 20:51:11 - src.main - INFO - Qt translations loaded for: en
2026-08-03 20:51:11 - src.controllers.main_controller - INFO - Language changed to: en
2026-08-03 20:51:11 - src.ui.main_window - DEBUG - Settings panel retranslated
2026-08-03 20:51:11 - src.ui.main_window - DEBUG - Login dialog retranslated
2026-08-03 20:51:11 - src.ui.main_window - INFO - Language changed to: en
2026-08-03 20:51:11 - src.ui.main_window - INFO - Logged out, returned to guest mode
2026-08-03 20:52:18 - root - INFO - Logging initialized. File: C:\Users\And\PythonProjects\FlashcardApp\logs\quiz_app.log
2026-08-03 20:52:18 - __main__ - INFO - Qt translations loaded for: en
2026-08-03 20:52:18 - src.logic.translator - INFO - Language changed to: en
2026-08-03 20:52:18 - src.controllers.main_controller - INFO - MainController initialized
2026-08-03 20:52:18 - src.logic.app_settings - DEBUG - Settings saved
2026-08-03 20:52:18 - src.ui.main_window - INFO - Applied light theme
2026-08-03 20:52:18 - src.logic.user_session - INFO - Session ended for: guest
2026-08-03 20:52:18 - src.controllers.main_controller - INFO - Continuing as guest
2026-08-03 20:52:18 - __main__ - INFO - Qt translations loaded for: en
2026-08-03 20:52:18 - __main__ - INFO - Application started successfully
2026-08-03 20:52:24 - src.ui.main_window - DEBUG - Opened login dialog
2026-08-03 20:52:30 - src.storage.user_repository - INFO - User authenticated: student (role: student)
2026-08-03 20:52:30 - src.logic.user_session - INFO - Session started for: Student User
2026-08-03 20:52:30 - src.logic.translator - INFO - Language changed to: en
2026-08-03 20:52:30 - src.ui.main_window - INFO - Login successful: Student User
2026-08-03 20:52:30 - src.ui.main_window - INFO - Applied dark theme
2026-08-03 20:52:30 - src.logic.translator - INFO - Language changed to: en
2026-08-03 20:52:30 - src.main - INFO - Qt translations loaded for: en
2026-08-03 20:52:30 - src.controllers.main_controller - INFO - Language changed to: en
2026-08-03 20:52:30 - src.ui.main_window - DEBUG - Login dialog retranslated
2026-08-03 20:52:30 - src.ui.main_window - INFO - Language changed to: en
2026-08-03 20:52:36 - src.logic.user_session - INFO - Session ended for: Student User
2026-08-03 20:52:36 - src.logic.translator - INFO - Language changed to: en
2026-08-03 20:52:36 - src.controllers.main_controller - INFO - User logged out
2026-08-03 20:52:36 - src.logic.app_settings - DEBUG - Settings saved
2026-08-03 20:52:36 - src.ui.main_window - INFO - Applied light theme
2026-08-03 20:52:36 - src.logic.translator - INFO - Language changed to: en
2026-08-03 20:52:36 - src.logic.app_settings - DEBUG - Settings saved
2026-08-03 20:52:36 - src.main - INFO - Qt translations loaded for: en
2026-08-03 20:52:36 - src.controllers.main_controller - INFO - Language changed to: en
2026-08-03 20:52:36 - src.ui.main_window - DEBUG - Login dialog retranslated
2026-08-03 20:52:36 - src.ui.main_window - INFO - Language changed to: en
2026-08-03 20:52:36 - src.ui.main_window - INFO - Logged out, returned to guest mode
2026-08-03 20:52:37 - src.ui.main_window - DEBUG - Opened login dialog
2026-08-03 20:52:41 - src.storage.user_repository - INFO - User authenticated: admin (role: teacher)
2026-08-03 20:52:41 - src.logic.user_session - INFO - Session started for: Admin User
2026-08-03 20:52:41 - src.logic.translator - INFO - Language changed to: en
2026-08-03 20:52:41 - src.ui.main_window - INFO - Login successful: Admin User
2026-08-03 20:52:41 - src.ui.main_window - INFO - Applied dark theme
2026-08-03 20:52:41 - src.logic.translator - INFO - Language changed to: en
2026-08-03 20:52:41 - src.main - INFO - Qt translations loaded for: en
2026-08-03 20:52:41 - src.controllers.main_controller - INFO - Language changed to: en
2026-08-03 20:52:41 - src.ui.main_window - DEBUG - Login dialog retranslated
2026-08-03 20:52:41 - src.ui.main_window - INFO - Language changed to: en
2026-08-03 20:59:34 - root - INFO - Logging initialized. File: C:\Users\And\PythonProjects\FlashcardApp\logs\quiz_app.log
2026-08-03 20:59:34 - __main__ - INFO - Qt translations loaded for: en
2026-08-03 20:59:34 - src.logic.translator - INFO - Language changed to: en
2026-08-03 20:59:34 - src.controllers.main_controller - INFO - MainController initialized
2026-08-03 20:59:34 - src.logic.app_settings - DEBUG - Settings saved
2026-08-03 20:59:34 - src.ui.main_window - INFO - Applied light theme
2026-08-03 20:59:34 - src.logic.user_session - INFO - Session ended for: guest
2026-08-03 20:59:34 - src.controllers.main_controller - INFO - Continuing as guest
2026-08-03 20:59:34 - __main__ - INFO - Qt translations loaded for: en
2026-08-03 20:59:34 - __main__ - INFO - Application started successfully
2026-08-03 20:59:43 - src.controllers.flashcard_controller - INFO - FlashcardController initialized
2026-08-03 20:59:43 - src.utils.text_to_speech - INFO - Text-to-speech engine 'sapi' is ready
2026-08-03 20:59:43 - src.storage.flashcard_repository - DEBUG - No saved deck progress for user 'guest' at C:\Users\And\PythonProjects\FlashcardApp\data\flashcards\073af40a-153f-4940-a305-5f4b764f92c4\progress\guest.json
2026-08-03 20:59:43 - src.storage.flashcard_repository - DEBUG - Loaded progress for user 'guest' from C:\Users\And\PythonProjects\FlashcardApp\data\flashcards\8f348fc7-0545-413c-96c6-52b0800b4ef0\progress\guest.json (2 card records)
2026-08-03 20:59:43 - src.storage.flashcard_repository - DEBUG - No saved deck progress for user 'guest' at C:\Users\And\PythonProjects\FlashcardApp\data\flashcards\073af40a-153f-4940-a305-5f4b764f92c4\progress\guest.json
2026-08-03 20:59:43 - src.storage.flashcard_repository - DEBUG - Loaded progress for user 'guest' from C:\Users\And\PythonProjects\FlashcardApp\data\flashcards\8f348fc7-0545-413c-96c6-52b0800b4ef0\progress\guest.json (2 card records)
2026-08-03 20:59:43 - src.ui.main_window - INFO - Launched FlashcardViewer
2026-08-03 20:59:45 - src.storage.flashcard_repository - DEBUG - No saved deck progress for user 'guest' at C:\Users\And\PythonProjects\FlashcardApp\data\flashcards\073af40a-153f-4940-a305-5f4b764f92c4\progress\guest.json
2026-08-03 20:59:45 - src.storage.flashcard_repository - DEBUG - Loaded progress for user 'guest' from C:\Users\And\PythonProjects\FlashcardApp\data\flashcards\8f348fc7-0545-413c-96c6-52b0800b4ef0\progress\guest.json (2 card records)
2026-08-03 20:59:45 - src.controllers.flashcard_controller - INFO - Starting deck 'Sample Deck Copy' for user 'guest'
2026-08-03 20:59:45 - src.storage.flashcard_repository - DEBUG - Loaded progress for user 'guest' from C:\Users\And\PythonProjects\FlashcardApp\data\flashcards\8f348fc7-0545-413c-96c6-52b0800b4ef0\progress\guest.json (2 card records)
2026-08-03 20:59:45 - src.controllers.flashcard_controller - INFO - Deck 'Sample Deck Copy' started: 2 total cards, 2 cards in learning queue
2026-08-03 20:59:47 - src.utils.recorded_audio - INFO - Playing recorded flashcard audio: front.mp3
2026-08-03 20:59:53 - src.ui.flashcard_viewer - INFO - Returning to deck selection menu.
2026-08-03 20:59:53 - src.storage.flashcard_repository - DEBUG - No saved deck progress for user 'guest' at C:\Users\And\PythonProjects\FlashcardApp\data\flashcards\073af40a-153f-4940-a305-5f4b764f92c4\progress\guest.json
2026-08-03 20:59:53 - src.storage.flashcard_repository - DEBUG - Loaded progress for user 'guest' from C:\Users\And\PythonProjects\FlashcardApp\data\flashcards\8f348fc7-0545-413c-96c6-52b0800b4ef0\progress\guest.json (2 card records)
2026-08-03 20:59:53 - src.controllers.flashcard_controller - INFO - Ending session. Stats: {'known': 0, 'unknown': 0}
2026-08-03 20:59:56 - src.storage.flashcard_repository - DEBUG - No saved deck progress for user 'guest' at C:\Users\And\PythonProjects\FlashcardApp\data\flashcards\073af40a-153f-4940-a305-5f4b764f92c4\progress\guest.json
2026-08-03 20:59:56 - src.storage.flashcard_repository - DEBUG - Loaded progress for user 'guest' from C:\Users\And\PythonProjects\FlashcardApp\data\flashcards\8f348fc7-0545-413c-96c6-52b0800b4ef0\progress\guest.json (2 card records)
2026-08-03 20:59:56 - src.controllers.flashcard_controller - INFO - Starting deck 'Sample Deck' for user 'guest'
2026-08-03 20:59:56 - src.storage.flashcard_repository - DEBUG - No saved deck progress for user 'guest' at C:\Users\And\PythonProjects\FlashcardApp\data\flashcards\073af40a-153f-4940-a305-5f4b764f92c4\progress\guest.json
2026-08-03 20:59:56 - src.controllers.flashcard_controller - INFO - Deck 'Sample Deck' started: 51 total cards, 20 cards in learning queue
2026-08-03 20:59:58 - src.utils.recorded_audio - DEBUG - No recorded audio for flashcard field; using TTS
2026-08-03 20:59:58 - src.utils.text_to_speech - INFO - Requested TTS using 'sapi' for 24 characters
2026-08-03 21:00:18 - src.ui.flashcard_viewer - INFO - Returning to deck selection menu.
2026-08-03 21:00:18 - src.storage.flashcard_repository - DEBUG - No saved deck progress for user 'guest' at C:\Users\And\PythonProjects\FlashcardApp\data\flashcards\073af40a-153f-4940-a305-5f4b764f92c4\progress\guest.json
2026-08-03 21:00:18 - src.storage.flashcard_repository - DEBUG - Loaded progress for user 'guest' from C:\Users\And\PythonProjects\FlashcardApp\data\flashcards\8f348fc7-0545-413c-96c6-52b0800b4ef0\progress\guest.json (2 card records)
2026-08-03 21:00:18 - src.controllers.flashcard_controller - INFO - Ending session. Stats: {'known': 0, 'unknown': 0}
2026-08-03 21:00:22 - src.storage.quiz_repository - DEBUG - No saved quiz progress for user 'guest' at C:\Users\And\PythonProjects\FlashcardApp\data\quizzes\4d6e1a55-f5bd-4ec6-9911-5318ef748a9a\progress\guest.json
2026-08-03 21:00:22 - src.storage.quiz_repository - DEBUG - Loaded progress for user 'guest' from C:\Users\And\PythonProjects\FlashcardApp\data\quizzes\da5430fa-b771-4262-9383-90e4e3abc3f0\progress\guest.json (3 question records)
2026-08-03 21:00:22 - src.storage.quiz_repository - DEBUG - No saved quiz progress for user 'guest' at C:\Users\And\PythonProjects\FlashcardApp\data\quizzes\4d6e1a55-f5bd-4ec6-9911-5318ef748a9a\progress\guest.json
2026-08-03 21:00:22 - src.storage.quiz_repository - DEBUG - Loaded progress for user 'guest' from C:\Users\And\PythonProjects\FlashcardApp\data\quizzes\da5430fa-b771-4262-9383-90e4e3abc3f0\progress\guest.json (3 question records)
2026-08-03 21:00:22 - src.ui.main_window - INFO - Launched QuizViewer
2026-08-03 21:00:23 - src.storage.quiz_repository - DEBUG - No saved quiz progress for user 'guest' at C:\Users\And\PythonProjects\FlashcardApp\data\quizzes\4d6e1a55-f5bd-4ec6-9911-5318ef748a9a\progress\guest.json
2026-08-03 21:00:23 - src.storage.quiz_repository - DEBUG - Loaded progress for user 'guest' from C:\Users\And\PythonProjects\FlashcardApp\data\quizzes\da5430fa-b771-4262-9383-90e4e3abc3f0\progress\guest.json (3 question records)
2026-08-03 21:00:23 - src.storage.quiz_repository - DEBUG - Loaded progress for user 'guest' from C:\Users\And\PythonProjects\FlashcardApp\data\quizzes\da5430fa-b771-4262-9383-90e4e3abc3f0\progress\guest.json (3 question records)
2026-08-03 21:00:23 - src.logic.quiz_logic - INFO - Initializing Quiz with 6 questions
2026-08-03 21:00:23 - src.logic.quiz_logic - DEBUG - Shuffling entire question pool for random selection
2026-08-03 21:00:23 - src.controllers.quiz_controller - INFO - Loaded quiz 'General Quiz (Copy)' for user 'guest': 6 total, 6 learning questions
2026-08-03 21:00:27 - src.storage.quiz_repository - DEBUG - Saved progress for user 'guest' to C:\Users\And\PythonProjects\FlashcardApp\data\quizzes\da5430fa-b771-4262-9383-90e4e3abc3f0\progress\guest.json (3 question records)
2026-08-03 21:00:27 - src.controllers.quiz_controller - DEBUG - Updated attempts for question 'a6d54666': correct=0 wrong=2
2026-08-03 21:00:27 - src.controllers.quiz_controller - INFO - Recorded wrong attempt for quiz question 'a6d54666' (session answers: 1)
2026-08-03 21:00:44 - root - INFO - Logging initialized. File: C:\Users\And\PythonProjects\FlashcardApp\logs\quiz_app.log
2026-08-03 21:00:44 - __main__ - INFO - Qt translations loaded for: en
2026-08-03 21:00:44 - src.logic.translator - INFO - Language changed to: en
2026-08-03 21:00:44 - src.controllers.main_controller - INFO - MainController initialized
2026-08-03 21:00:44 - src.logic.app_settings - DEBUG - Settings saved
2026-08-03 21:00:44 - src.ui.main_window - INFO - Applied light theme
2026-08-03 21:00:44 - src.logic.user_session - INFO - Session ended for: guest
2026-08-03 21:00:44 - src.controllers.main_controller - INFO - Continuing as guest
2026-08-03 21:00:44 - __main__ - INFO - Qt translations loaded for: en
2026-08-03 21:00:44 - __main__ - INFO - Application started successfully
2026-08-03 21:00:45 - src.ui.main_window - DEBUG - Opened login dialog
2026-08-03 21:00:52 - src.storage.user_repository - INFO - User authenticated: admin (role: teacher)
2026-08-03 21:00:52 - src.logic.user_session - INFO - Session started for: Admin User
2026-08-03 21:00:52 - src.logic.translator - INFO - Language changed to: en
2026-08-03 21:00:52 - src.ui.main_window - INFO - Login successful: Admin User
2026-08-03 21:00:52 - src.ui.main_window - INFO - Applied dark theme
2026-08-03 21:00:52 - src.logic.translator - INFO - Language changed to: en
2026-08-03 21:00:52 - src.main - INFO - Qt translations loaded for: en
2026-08-03 21:00:52 - src.controllers.main_controller - INFO - Language changed to: en
2026-08-03 21:00:52 - src.ui.main_window - DEBUG - Login dialog retranslated
2026-08-03 21:00:52 - src.ui.main_window - INFO - Language changed to: en
2026-08-03 21:00:55 - src.storage.flashcard_repository - DEBUG - Loaded progress for user '1' from C:\Users\And\PythonProjects\FlashcardApp\data\flashcards\073af40a-153f-4940-a305-5f4b764f92c4\progress\1.json (2 card records)
2026-08-03 21:00:55 - src.storage.flashcard_repository - DEBUG - No saved deck progress for user '1' at C:\Users\And\PythonProjects\FlashcardApp\data\flashcards\8f348fc7-0545-413c-96c6-52b0800b4ef0\progress\1.json
2026-08-03 21:00:55 - src.storage.quiz_repository - DEBUG - No saved quiz progress for user '1' at C:\Users\And\PythonProjects\FlashcardApp\data\quizzes\4d6e1a55-f5bd-4ec6-9911-5318ef748a9a\progress\1.json
2026-08-03 21:00:55 - src.storage.quiz_repository - DEBUG - No saved quiz progress for user '1' at C:\Users\And\PythonProjects\FlashcardApp\data\quizzes\da5430fa-b771-4262-9383-90e4e3abc3f0\progress\1.json
2026-08-03 21:01:12 - src.storage.quiz_repository - DEBUG - No saved quiz progress for user '1' at C:\Users\And\PythonProjects\FlashcardApp\data\quizzes\4d6e1a55-f5bd-4ec6-9911-5318ef748a9a\progress\1.json
2026-08-03 21:01:12 - src.storage.quiz_repository - DEBUG - No saved quiz progress for user '1' at C:\Users\And\PythonProjects\FlashcardApp\data\quizzes\da5430fa-b771-4262-9383-90e4e3abc3f0\progress\1.json
2026-08-03 21:01:12 - src.storage.quiz_repository - DEBUG - No saved quiz progress for user '1' at C:\Users\And\PythonProjects\FlashcardApp\data\quizzes\4d6e1a55-f5bd-4ec6-9911-5318ef748a9a\progress\1.json
2026-08-03 21:01:12 - src.storage.quiz_repository - DEBUG - No saved quiz progress for user '1' at C:\Users\And\PythonProjects\FlashcardApp\data\quizzes\da5430fa-b771-4262-9383-90e4e3abc3f0\progress\1.json
2026-08-03 21:01:12 - src.ui.main_window - INFO - Launched QuizViewer
2026-08-03 21:01:15 - src.storage.quiz_repository - DEBUG - No saved quiz progress for user '1' at C:\Users\And\PythonProjects\FlashcardApp\data\quizzes\4d6e1a55-f5bd-4ec6-9911-5318ef748a9a\progress\1.json
2026-08-03 21:01:15 - src.storage.quiz_repository - DEBUG - No saved quiz progress for user '1' at C:\Users\And\PythonProjects\FlashcardApp\data\quizzes\da5430fa-b771-4262-9383-90e4e3abc3f0\progress\1.json
2026-08-03 21:01:15 - src.storage.quiz_repository - DEBUG - No saved quiz progress for user '1' at C:\Users\And\PythonProjects\FlashcardApp\data\quizzes\4d6e1a55-f5bd-4ec6-9911-5318ef748a9a\progress\1.json
2026-08-03 21:01:15 - src.logic.quiz_logic - INFO - Initializing Quiz with 100 questions
2026-08-03 21:01:15 - src.logic.quiz_logic - DEBUG - Shuffling entire question pool for random selection
2026-08-03 21:01:15 - src.logic.quiz_logic - INFO - Selecting 20 random questions from pool
2026-08-03 21:01:15 - src.controllers.quiz_controller - INFO - Loaded quiz 'General Quiz' for user '1': 100 total, 100 learning questions
2026-08-03 21:03:09 - root - INFO - Logging initialized. File: C:\Users\And\PythonProjects\FlashcardApp\logs\quiz_app.log
2026-08-03 21:03:09 - __main__ - INFO - Qt translations loaded for: en
2026-08-03 21:03:09 - src.logic.translator - INFO - Language changed to: en
2026-08-03 21:03:09 - src.controllers.main_controller - INFO - MainController initialized
2026-08-03 21:03:09 - src.logic.app_settings - DEBUG - Settings saved
2026-08-03 21:03:09 - src.ui.main_window - INFO - Applied light theme
2026-08-03 21:03:09 - src.logic.user_session - INFO - Session ended for: guest
2026-08-03 21:03:09 - src.controllers.main_controller - INFO - Continuing as guest
2026-08-03 21:03:09 - __main__ - INFO - Qt translations loaded for: en
2026-08-03 21:03:09 - __main__ - INFO - Application started successfully
2026-08-03 21:03:10 - src.ui.main_window - DEBUG - Opened login dialog
2026-08-03 21:03:16 - src.storage.user_repository - INFO - User authenticated: admin (role: teacher)
2026-08-03 21:03:16 - src.logic.user_session - INFO - Session started for: Admin User
2026-08-03 21:03:16 - src.logic.translator - INFO - Language changed to: en
2026-08-03 21:03:16 - src.ui.main_window - INFO - Login successful: Admin User
2026-08-03 21:03:16 - src.ui.main_window - INFO - Applied dark theme
2026-08-03 21:03:16 - src.logic.translator - INFO - Language changed to: en
2026-08-03 21:03:16 - src.main - INFO - Qt translations loaded for: en
2026-08-03 21:03:16 - src.controllers.main_controller - INFO - Language changed to: en
2026-08-03 21:03:16 - src.ui.main_window - DEBUG - Login dialog retranslated
2026-08-03 21:03:16 - src.ui.main_window - INFO - Language changed to: en
2026-08-03 21:03:17 - src.storage.flashcard_repository - DEBUG - Loaded progress for user '1' from C:\Users\And\PythonProjects\FlashcardApp\data\flashcards\073af40a-153f-4940-a305-5f4b764f92c4\progress\1.json (2 card records)
2026-08-03 21:03:17 - src.storage.flashcard_repository - DEBUG - No saved deck progress for user '1' at C:\Users\And\PythonProjects\FlashcardApp\data\flashcards\8f348fc7-0545-413c-96c6-52b0800b4ef0\progress\1.json
2026-08-03 21:03:17 - src.storage.quiz_repository - DEBUG - No saved quiz progress for user '1' at C:\Users\And\PythonProjects\FlashcardApp\data\quizzes\4d6e1a55-f5bd-4ec6-9911-5318ef748a9a\progress\1.json
2026-08-03 21:03:17 - src.storage.quiz_repository - DEBUG - No saved quiz progress for user '1' at C:\Users\And\PythonProjects\FlashcardApp\data\quizzes\da5430fa-b771-4262-9383-90e4e3abc3f0\progress\1.json
2026-08-03 21:12:56 - root - INFO - Logging initialized. File: C:\Users\And\PythonProjects\FlashcardApp\logs\quiz_app.log
2026-08-03 21:12:56 - __main__ - INFO - Qt translations loaded for: en
2026-08-03 21:12:56 - src.logic.translator - INFO - Language changed to: en
2026-08-03 21:12:56 - src.controllers.main_controller - INFO - MainController initialized
2026-08-03 21:12:57 - src.logic.app_settings - DEBUG - Settings saved
2026-08-03 21:12:57 - src.ui.main_window - INFO - Applied light theme
2026-08-03 21:12:57 - src.logic.user_session - INFO - Session ended for: guest
2026-08-03 21:12:57 - src.controllers.main_controller - INFO - Continuing as guest
2026-08-03 21:12:57 - __main__ - INFO - Qt translations loaded for: en
2026-08-03 21:12:57 - __main__ - INFO - Application started successfully
2026-08-03 21:12:58 - src.ui.main_window - DEBUG - Opened login dialog
2026-08-03 21:13:02 - src.storage.user_repository - INFO - User authenticated: admin (role: teacher)
2026-08-03 21:13:02 - src.logic.user_session - INFO - Session started for: Admin User
2026-08-03 21:13:02 - src.logic.translator - INFO - Language changed to: en
2026-08-03 21:13:02 - src.ui.main_window - INFO - Login successful: Admin User
2026-08-03 21:13:02 - src.ui.main_window - INFO - Applied dark theme
2026-08-03 21:13:02 - src.logic.translator - INFO - Language changed to: en
2026-08-03 21:13:02 - src.main - INFO - Qt translations loaded for: en
2026-08-03 21:13:02 - src.controllers.main_controller - INFO - Language changed to: en
2026-08-03 21:13:02 - src.ui.main_window - DEBUG - Login dialog retranslated
2026-08-03 21:13:02 - src.ui.main_window - INFO - Language changed to: en
2026-08-03 21:13:03 - src.storage.flashcard_repository - DEBUG - Loaded progress for user '1' from C:\Users\And\PythonProjects\FlashcardApp\data\flashcards\073af40a-153f-4940-a305-5f4b764f92c4\progress\1.json (2 card records)
2026-08-03 21:13:03 - src.storage.flashcard_repository - DEBUG - No saved deck progress for user '1' at C:\Users\And\PythonProjects\FlashcardApp\data\flashcards\8f348fc7-0545-413c-96c6-52b0800b4ef0\progress\1.json
2026-08-03 21:13:03 - src.storage.quiz_repository - DEBUG - No saved quiz progress for user '1' at C:\Users\And\PythonProjects\FlashcardApp\data\quizzes\4d6e1a55-f5bd-4ec6-9911-5318ef748a9a\progress\1.json
2026-08-03 21:13:03 - src.storage.quiz_repository - DEBUG - No saved quiz progress for user '1' at C:\Users\And\PythonProjects\FlashcardApp\data\quizzes\da5430fa-b771-4262-9383-90e4e3abc3f0\progress\1.json
2026-08-03 21:14:13 - src.ui.main_window - DEBUG - Settings panel shown with overlay
2026-08-03 21:14:14 - src.ui.main_window - DEBUG - Settings panel and overlay hidden
2026-08-03 21:14:25 - src.storage.flashcard_repository - DEBUG - Loaded progress for user '1' from C:\Users\And\PythonProjects\FlashcardApp\data\flashcards\073af40a-153f-4940-a305-5f4b764f92c4\progress\1.json (2 card records)
2026-08-03 21:14:25 - src.storage.flashcard_repository - DEBUG - No saved deck progress for user '1' at C:\Users\And\PythonProjects\FlashcardApp\data\flashcards\8f348fc7-0545-413c-96c6-52b0800b4ef0\progress\1.json
2026-08-03 21:14:25 - src.storage.quiz_repository - DEBUG - No saved quiz progress for user '1' at C:\Users\And\PythonProjects\FlashcardApp\data\quizzes\4d6e1a55-f5bd-4ec6-9911-5318ef748a9a\progress\1.json
2026-08-03 21:14:25 - src.storage.quiz_repository - DEBUG - No saved quiz progress for user '1' at C:\Users\And\PythonProjects\FlashcardApp\data\quizzes\da5430fa-b771-4262-9383-90e4e3abc3f0\progress\1.json
2026-08-03 21:14:36 - src.controllers.flashcard_controller - INFO - FlashcardController initialized
2026-08-03 21:14:36 - src.utils.text_to_speech - INFO - Text-to-speech engine 'sapi' is ready
2026-08-03 21:14:36 - src.storage.flashcard_repository - DEBUG - Loaded progress for user '1' from C:\Users\And\PythonProjects\FlashcardApp\data\flashcards\073af40a-153f-4940-a305-5f4b764f92c4\progress\1.json (2 card records)
2026-08-03 21:14:36 - src.storage.flashcard_repository - DEBUG - No saved deck progress for user '1' at C:\Users\And\PythonProjects\FlashcardApp\data\flashcards\8f348fc7-0545-413c-96c6-52b0800b4ef0\progress\1.json
2026-08-03 21:14:36 - src.storage.flashcard_repository - DEBUG - Loaded progress for user '1' from C:\Users\And\PythonProjects\FlashcardApp\data\flashcards\073af40a-153f-4940-a305-5f4b764f92c4\progress\1.json (2 card records)
2026-08-03 21:14:36 - src.storage.flashcard_repository - DEBUG - No saved deck progress for user '1' at C:\Users\And\PythonProjects\FlashcardApp\data\flashcards\8f348fc7-0545-413c-96c6-52b0800b4ef0\progress\1.json
2026-08-03 21:14:36 - src.ui.main_window - INFO - Launched FlashcardViewer
2026-08-03 21:14:42 - src.ui.main_window - DEBUG - Settings panel shown with overlay
2026-08-03 21:14:45 - src.ui.main_window - INFO - Applied light theme
2026-08-03 21:14:45 - src.ui.main_window - DEBUG - Settings panel and overlay hidden
2026-08-03 21:14:46 - src.storage.flashcard_repository - DEBUG - Loaded progress for user '1' from C:\Users\And\PythonProjects\FlashcardApp\data\flashcards\073af40a-153f-4940-a305-5f4b764f92c4\progress\1.json (2 card records)
2026-08-03 21:14:46 - src.storage.flashcard_repository - DEBUG - No saved deck progress for user '1' at C:\Users\And\PythonProjects\FlashcardApp\data\flashcards\8f348fc7-0545-413c-96c6-52b0800b4ef0\progress\1.json
2026-08-03 21:14:46 - src.storage.quiz_repository - DEBUG - No saved quiz progress for user '1' at C:\Users\And\PythonProjects\FlashcardApp\data\quizzes\4d6e1a55-f5bd-4ec6-9911-5318ef748a9a\progress\1.json
2026-08-03 21:14:46 - src.storage.quiz_repository - DEBUG - No saved quiz progress for user '1' at C:\Users\And\PythonProjects\FlashcardApp\data\quizzes\da5430fa-b771-4262-9383-90e4e3abc3f0\progress\1.json
2026-08-04 07:41:14 - root - INFO - Logging initialized. File: C:\Users\And\PythonProjects\FlashcardApp\logs\quiz_app.log
2026-08-04 07:41:14 - __main__ - INFO - Qt translations loaded for: en
2026-08-04 07:41:14 - src.logic.translator - INFO - Language changed to: en
2026-08-04 07:41:14 - src.controllers.main_controller - INFO - MainController initialized
2026-08-04 07:41:15 - src.logic.app_settings - DEBUG - Settings saved
2026-08-04 07:41:15 - src.ui.main_window - INFO - Applied light theme
2026-08-04 07:41:15 - src.logic.user_session - INFO - Session ended for: guest
2026-08-04 07:41:15 - src.controllers.main_controller - INFO - Continuing as guest
2026-08-04 07:41:15 - __main__ - INFO - Qt translations loaded for: en
2026-08-04 07:41:15 - __main__ - INFO - Application started successfully
2026-08-04 07:41:16 - src.ui.main_window - DEBUG - Opened login dialog
2026-08-04 07:41:23 - src.storage.user_repository - INFO - User authenticated: admin (role: teacher)
2026-08-04 07:41:23 - src.logic.user_session - INFO - Session started for: Admin User
2026-08-04 07:41:23 - src.logic.translator - INFO - Language changed to: en
2026-08-04 07:41:23 - src.ui.main_window - INFO - Login successful: Admin User
2026-08-04 07:41:23 - src.ui.main_window - INFO - Applied light theme
2026-08-04 07:41:23 - src.logic.translator - INFO - Language changed to: en
2026-08-04 07:41:23 - src.main - INFO - Qt translations loaded for: en
2026-08-04 07:41:23 - src.controllers.main_controller - INFO - Language changed to: en
2026-08-04 07:41:23 - src.ui.main_window - DEBUG - Login dialog retranslated
2026-08-04 07:41:23 - src.ui.main_window - INFO - Language changed to: en
2026-08-04 19:05:59 - root - INFO - Logging initialized. File: C:\Users\And\PythonProjects\FlashcardApp\logs\quiz_app.log
2026-08-04 19:05:59 - __main__ - INFO - Qt translations loaded for: en
2026-08-04 19:05:59 - src.logic.translator - INFO - Language changed to: en
2026-08-04 19:05:59 - src.controllers.main_controller - INFO - MainController initialized
2026-08-04 19:06:00 - src.logic.app_settings - DEBUG - Settings saved
2026-08-04 19:06:00 - src.ui.main_window - INFO - Applied light theme
2026-08-04 19:06:00 - src.logic.user_session - INFO - Session ended for: guest
2026-08-04 19:06:00 - src.controllers.main_controller - INFO - Continuing as guest
2026-08-04 19:06:00 - __main__ - INFO - Qt translations loaded for: en
2026-08-04 19:06:01 - __main__ - INFO - Application started successfully
2026-08-04 19:06:02 - src.logic.app_settings - DEBUG - Settings saved
2026-08-04 19:06:02 - src.ui.main_window - INFO - Applied light theme
2026-08-04 19:06:02 - src.ui.main_window - DEBUG - Settings panel shown with overlay
2026-08-04 19:06:03 - src.ui.main_window - DEBUG - Settings panel and overlay hidden
2026-08-04 19:18:00 - root - INFO - Logging initialized. File: C:\Users\And\PythonProjects\FlashcardApp\logs\quiz_app.log
2026-08-04 19:18:00 - __main__ - INFO - Qt translations loaded for: en
2026-08-04 19:18:00 - src.logic.translator - INFO - Language changed to: en
2026-08-04 19:18:00 - src.controllers.main_controller - INFO - MainController initialized
2026-08-04 19:18:01 - src.logic.app_settings - DEBUG - Settings saved
2026-08-04 19:18:01 - src.ui.main_window - INFO - Applied light theme
2026-08-04 19:18:01 - src.logic.user_session - INFO - Session ended for: guest
2026-08-04 19:18:01 - src.controllers.main_controller - INFO - Continuing as guest
2026-08-04 19:18:01 - __main__ - INFO - Qt translations loaded for: en
2026-08-04 19:18:01 - __main__ - INFO - Application started successfully
2026-08-04 19:18:05 - src.logic.app_settings - DEBUG - Settings saved
2026-08-04 19:18:05 - src.ui.main_window - INFO - Applied light theme
2026-08-04 19:18:05 - src.ui.main_window - DEBUG - Settings panel shown with overlay
2026-08-04 19:18:11 - src.storage.flashcard_repository - INFO - No deck progress to reset for user 'guest' at C:\Users\And\PythonProjects\FlashcardApp\data\flashcards\073af40a-153f-4940-a305-5f4b764f92c4\progress\guest.json
2026-08-04 19:18:11 - src.storage.flashcard_repository - INFO - Reset deck progress for user 'guest' at C:\Users\And\PythonProjects\FlashcardApp\data\flashcards\8f348fc7-0545-413c-96c6-52b0800b4ef0\progress\guest.json
2026-08-04 19:18:11 - src.storage.flashcard_repository - INFO - Cleared progress for user 'guest' from 1 decks
2026-08-04 19:18:11 - src.storage.quiz_repository - INFO - No quiz progress to reset for user 'guest' at C:\Users\And\PythonProjects\FlashcardApp\data\quizzes\4d6e1a55-f5bd-4ec6-9911-5318ef748a9a\progress\guest.json
2026-08-04 19:18:11 - src.storage.quiz_repository - INFO - Reset quiz progress for user 'guest' at C:\Users\And\PythonProjects\FlashcardApp\data\quizzes\da5430fa-b771-4262-9383-90e4e3abc3f0\progress\guest.json
2026-08-04 19:18:11 - src.storage.quiz_repository - INFO - Cleared progress for user 'guest' from 1 quizzes
2026-08-04 19:18:18 - src.ui.main_window - DEBUG - Settings panel and overlay hidden
2026-08-04 19:18:19 - src.ui.main_window - DEBUG - Opened login dialog
2026-08-04 19:18:25 - src.storage.user_repository - INFO - User authenticated: admin (role: teacher)
2026-08-04 19:18:25 - src.logic.user_session - INFO - Session started for: Admin User
2026-08-04 19:18:25 - src.logic.translator - INFO - Language changed to: en
2026-08-04 19:18:25 - src.ui.main_window - INFO - Login successful: Admin User
2026-08-04 19:18:25 - src.ui.main_window - INFO - Applied light theme
2026-08-04 19:18:25 - src.logic.translator - INFO - Language changed to: en
2026-08-04 19:18:25 - src.main - INFO - Qt translations loaded for: en
2026-08-04 19:18:25 - src.controllers.main_controller - INFO - Language changed to: en
2026-08-04 19:18:25 - src.ui.main_window - DEBUG - Settings panel retranslated
2026-08-04 19:18:25 - src.ui.main_window - DEBUG - Login dialog retranslated
2026-08-04 19:18:25 - src.ui.main_window - INFO - Language changed to: en
2026-08-04 19:18:26 - src.storage.flashcard_repository - DEBUG - Loaded progress for user '1' from C:\Users\And\PythonProjects\FlashcardApp\data\flashcards\073af40a-153f-4940-a305-5f4b764f92c4\progress\1.json (2 card records)
2026-08-04 19:18:26 - src.storage.flashcard_repository - DEBUG - No saved deck progress for user '1' at C:\Users\And\PythonProjects\FlashcardApp\data\flashcards\8f348fc7-0545-413c-96c6-52b0800b4ef0\progress\1.json
2026-08-04 19:18:26 - src.storage.quiz_repository - DEBUG - No saved quiz progress for user '1' at C:\Users\And\PythonProjects\FlashcardApp\data\quizzes\4d6e1a55-f5bd-4ec6-9911-5318ef748a9a\progress\1.json
2026-08-04 19:18:26 - src.storage.quiz_repository - DEBUG - No saved quiz progress for user '1' at C:\Users\And\PythonProjects\FlashcardApp\data\quizzes\da5430fa-b771-4262-9383-90e4e3abc3f0\progress\1.json
2026-08-04 19:18:58 - src.controllers.flashcard_controller - INFO - FlashcardController initialized
2026-08-04 19:18:58 - src.utils.text_to_speech - INFO - Text-to-speech engine 'sapi' is ready
2026-08-04 19:18:58 - src.storage.flashcard_repository - DEBUG - Loaded progress for user '1' from C:\Users\And\PythonProjects\FlashcardApp\data\flashcards\073af40a-153f-4940-a305-5f4b764f92c4\progress\1.json (2 card records)
2026-08-04 19:18:58 - src.storage.flashcard_repository - DEBUG - No saved deck progress for user '1' at C:\Users\And\PythonProjects\FlashcardApp\data\flashcards\8f348fc7-0545-413c-96c6-52b0800b4ef0\progress\1.json
2026-08-04 19:18:58 - src.storage.flashcard_repository - DEBUG - Loaded progress for user '1' from C:\Users\And\PythonProjects\FlashcardApp\data\flashcards\073af40a-153f-4940-a305-5f4b764f92c4\progress\1.json (2 card records)
2026-08-04 19:18:58 - src.storage.flashcard_repository - DEBUG - No saved deck progress for user '1' at C:\Users\And\PythonProjects\FlashcardApp\data\flashcards\8f348fc7-0545-413c-96c6-52b0800b4ef0\progress\1.json
2026-08-04 19:18:58 - src.ui.main_window - INFO - Launched FlashcardViewer
2026-08-04 19:19:00 - src.storage.flashcard_repository - DEBUG - Loaded progress for user '1' from C:\Users\And\PythonProjects\FlashcardApp\data\flashcards\073af40a-153f-4940-a305-5f4b764f92c4\progress\1.json (2 card records)
2026-08-04 19:19:00 - src.storage.flashcard_repository - DEBUG - No saved deck progress for user '1' at C:\Users\And\PythonProjects\FlashcardApp\data\flashcards\8f348fc7-0545-413c-96c6-52b0800b4ef0\progress\1.json
2026-08-04 19:19:00 - src.controllers.flashcard_controller - INFO - Starting deck 'Sample Deck Copy' for user '1'
2026-08-04 19:19:00 - src.storage.flashcard_repository - DEBUG - No saved deck progress for user '1' at C:\Users\And\PythonProjects\FlashcardApp\data\flashcards\8f348fc7-0545-413c-96c6-52b0800b4ef0\progress\1.json
2026-08-04 19:19:00 - src.controllers.flashcard_controller - INFO - Deck 'Sample Deck Copy' started: 2 total cards, 2 cards in learning queue
2026-08-04 19:19:02 - src.storage.flashcard_repository - DEBUG - Saved progress for user '1' to C:\Users\And\PythonProjects\FlashcardApp\data\flashcards\8f348fc7-0545-413c-96c6-52b0800b4ef0\progress\1.json (1 card records)
2026-08-04 19:19:02 - src.controllers.flashcard_controller - INFO - Recorded correct attempt for flashcard '66cac1b9-229f-431e-b1b7-b95573389fd5': correct=1 wrong=0
2026-08-04 19:19:02 - src.storage.flashcard_repository - DEBUG - Saved progress for user '1' to C:\Users\And\PythonProjects\FlashcardApp\data\flashcards\8f348fc7-0545-413c-96c6-52b0800b4ef0\progress\1.json (2 card records)
2026-08-04 19:19:02 - src.controllers.flashcard_controller - INFO - Recorded correct attempt for flashcard 'da37e2d4-5d91-40ea-9774-a27e7e5f5ba7': correct=1 wrong=0
2026-08-04 19:19:02 - src.controllers.flashcard_controller - INFO - Study session complete
2026-08-04 19:19:03 - src.ui.flashcard_viewer - INFO - Returning to deck selection menu.
2026-08-04 19:19:03 - src.storage.flashcard_repository - DEBUG - Loaded progress for user '1' from C:\Users\And\PythonProjects\FlashcardApp\data\flashcards\073af40a-153f-4940-a305-5f4b764f92c4\progress\1.json (2 card records)
2026-08-04 19:19:03 - src.storage.flashcard_repository - DEBUG - Loaded progress for user '1' from C:\Users\And\PythonProjects\FlashcardApp\data\flashcards\8f348fc7-0545-413c-96c6-52b0800b4ef0\progress\1.json (2 card records)
2026-08-04 19:19:03 - src.controllers.flashcard_controller - INFO - Ending session. Stats: {'known': 2, 'unknown': 0}
2026-08-04 19:19:05 - src.storage.flashcard_repository - DEBUG - Loaded progress for user '1' from C:\Users\And\PythonProjects\FlashcardApp\data\flashcards\073af40a-153f-4940-a305-5f4b764f92c4\progress\1.json (2 card records)
2026-08-04 19:19:05 - src.storage.flashcard_repository - DEBUG - Loaded progress for user '1' from C:\Users\And\PythonProjects\FlashcardApp\data\flashcards\8f348fc7-0545-413c-96c6-52b0800b4ef0\progress\1.json (2 card records)
2026-08-04 19:19:05 - src.storage.quiz_repository - DEBUG - No saved quiz progress for user '1' at C:\Users\And\PythonProjects\FlashcardApp\data\quizzes\4d6e1a55-f5bd-4ec6-9911-5318ef748a9a\progress\1.json
2026-08-04 19:19:05 - src.storage.quiz_repository - DEBUG - No saved quiz progress for user '1' at C:\Users\And\PythonProjects\FlashcardApp\data\quizzes\da5430fa-b771-4262-9383-90e4e3abc3f0\progress\1.json
2026-08-04 19:19:15 - src.storage.flashcard_repository - DEBUG - Loaded progress for user '1' from C:\Users\And\PythonProjects\FlashcardApp\data\flashcards\073af40a-153f-4940-a305-5f4b764f92c4\progress\1.json (2 card records)
2026-08-04 19:19:15 - src.storage.flashcard_repository - DEBUG - Loaded progress for user '1' from C:\Users\And\PythonProjects\FlashcardApp\data\flashcards\8f348fc7-0545-413c-96c6-52b0800b4ef0\progress\1.json (2 card records)
2026-08-04 19:19:17 - src.storage.quiz_repository - DEBUG - No saved quiz progress for user '1' at C:\Users\And\PythonProjects\FlashcardApp\data\quizzes\4d6e1a55-f5bd-4ec6-9911-5318ef748a9a\progress\1.json
2026-08-04 19:19:17 - src.storage.quiz_repository - DEBUG - No saved quiz progress for user '1' at C:\Users\And\PythonProjects\FlashcardApp\data\quizzes\da5430fa-b771-4262-9383-90e4e3abc3f0\progress\1.json
2026-08-04 19:19:17 - src.storage.quiz_repository - DEBUG - No saved quiz progress for user '1' at C:\Users\And\PythonProjects\FlashcardApp\data\quizzes\4d6e1a55-f5bd-4ec6-9911-5318ef748a9a\progress\1.json
2026-08-04 19:19:17 - src.storage.quiz_repository - DEBUG - No saved quiz progress for user '1' at C:\Users\And\PythonProjects\FlashcardApp\data\quizzes\da5430fa-b771-4262-9383-90e4e3abc3f0\progress\1.json
2026-08-04 19:19:17 - src.ui.main_window - INFO - Launched QuizViewer
2026-08-04 19:19:54 - root - INFO - Logging initialized. File: C:\Users\And\PythonProjects\FlashcardApp\logs\quiz_app.log
2026-08-04 19:19:54 - __main__ - INFO - Qt translations loaded for: en
2026-08-04 19:19:54 - src.logic.translator - INFO - Language changed to: en
2026-08-04 19:19:54 - src.controllers.main_controller - INFO - MainController initialized
2026-08-04 19:19:55 - src.logic.app_settings - DEBUG - Settings saved
2026-08-04 19:19:55 - src.ui.main_window - INFO - Applied light theme
2026-08-04 19:19:55 - src.logic.user_session - INFO - Session ended for: guest
2026-08-04 19:19:55 - src.controllers.main_controller - INFO - Continuing as guest
2026-08-04 19:19:55 - __main__ - INFO - Qt translations loaded for: en
2026-08-04 19:19:55 - __main__ - INFO - Application started successfully
2026-08-04 19:19:57 - src.logic.app_settings - DEBUG - Settings saved
2026-08-04 19:19:57 - src.ui.main_window - INFO - Applied light theme
2026-08-04 19:19:57 - src.ui.main_window - DEBUG - Settings panel shown with overlay
2026-08-04 19:19:58 - src.ui.main_window - DEBUG - Settings panel and overlay hidden
2026-08-04 19:19:59 - src.ui.main_window - DEBUG - Opened login dialog
2026-08-04 19:20:03 - src.storage.user_repository - INFO - User authenticated: admin (role: teacher)
2026-08-04 19:20:03 - src.logic.user_session - INFO - Session started for: Admin User
2026-08-04 19:20:03 - src.logic.translator - INFO - Language changed to: en
2026-08-04 19:20:03 - src.ui.main_window - INFO - Login successful: Admin User
2026-08-04 19:20:03 - src.ui.main_window - INFO - Applied light theme
2026-08-04 19:20:03 - src.logic.translator - INFO - Language changed to: en
2026-08-04 19:20:03 - src.main - INFO - Qt translations loaded for: en
2026-08-04 19:20:03 - src.controllers.main_controller - INFO - Language changed to: en
2026-08-04 19:20:03 - src.ui.main_window - DEBUG - Settings panel retranslated
2026-08-04 19:20:03 - src.ui.main_window - DEBUG - Login dialog retranslated
2026-08-04 19:20:03 - src.ui.main_window - INFO - Language changed to: en
2026-08-04 19:20:05 - src.storage.flashcard_repository - DEBUG - Loaded progress for user '1' from C:\Users\And\PythonProjects\FlashcardApp\data\flashcards\073af40a-153f-4940-a305-5f4b764f92c4\progress\1.json (2 card records)
2026-08-04 19:20:05 - src.storage.flashcard_repository - DEBUG - Loaded progress for user '1' from C:\Users\And\PythonProjects\FlashcardApp\data\flashcards\8f348fc7-0545-413c-96c6-52b0800b4ef0\progress\1.json (2 card records)
2026-08-04 19:20:05 - src.storage.quiz_repository - DEBUG - No saved quiz progress for user '1' at C:\Users\And\PythonProjects\FlashcardApp\data\quizzes\4d6e1a55-f5bd-4ec6-9911-5318ef748a9a\progress\1.json
2026-08-04 19:20:05 - src.storage.quiz_repository - DEBUG - No saved quiz progress for user '1' at C:\Users\And\PythonProjects\FlashcardApp\data\quizzes\da5430fa-b771-4262-9383-90e4e3abc3f0\progress\1.json
2026-08-04 19:22:16 - src.storage.flashcard_repository - DEBUG - Loaded progress for user '1' from C:\Users\And\PythonProjects\FlashcardApp\data\flashcards\073af40a-153f-4940-a305-5f4b764f92c4\progress\1.json (2 card records)
2026-08-04 19:22:16 - src.storage.flashcard_repository - DEBUG - Loaded progress for user '1' from C:\Users\And\PythonProjects\FlashcardApp\data\flashcards\8f348fc7-0545-413c-96c6-52b0800b4ef0\progress\1.json (2 card records)
2026-08-04 19:22:16 - src.storage.quiz_repository - DEBUG - No saved quiz progress for user '1' at C:\Users\And\PythonProjects\FlashcardApp\data\quizzes\4d6e1a55-f5bd-4ec6-9911-5318ef748a9a\progress\1.json
2026-08-04 19:22:16 - src.storage.quiz_repository - DEBUG - No saved quiz progress for user '1' at C:\Users\And\PythonProjects\FlashcardApp\data\quizzes\da5430fa-b771-4262-9383-90e4e3abc3f0\progress\1.json
2026-08-04 19:22:26 - src.storage.flashcard_repository - DEBUG - Loaded progress for user '1' from C:\Users\And\PythonProjects\FlashcardApp\data\flashcards\073af40a-153f-4940-a305-5f4b764f92c4\progress\1.json (2 card records)
2026-08-04 19:22:26 - src.storage.flashcard_repository - DEBUG - Loaded progress for user '1' from C:\Users\And\PythonProjects\FlashcardApp\data\flashcards\8f348fc7-0545-413c-96c6-52b0800b4ef0\progress\1.json (2 card records)
2026-08-04 19:22:26 - src.storage.quiz_repository - DEBUG - No saved quiz progress for user '1' at C:\Users\And\PythonProjects\FlashcardApp\data\quizzes\4d6e1a55-f5bd-4ec6-9911-5318ef748a9a\progress\1.json
2026-08-04 19:22:26 - src.storage.quiz_repository - DEBUG - No saved quiz progress for user '1' at C:\Users\And\PythonProjects\FlashcardApp\data\quizzes\da5430fa-b771-4262-9383-90e4e3abc3f0\progress\1.json
2026-08-04 19:22:29 - src.storage.flashcard_repository - DEBUG - Loaded progress for user '1' from C:\Users\And\PythonProjects\FlashcardApp\data\flashcards\073af40a-153f-4940-a305-5f4b764f92c4\progress\1.json (2 card records)
2026-08-04 19:22:29 - src.storage.flashcard_repository - DEBUG - Loaded progress for user '1' from C:\Users\And\PythonProjects\FlashcardApp\data\flashcards\8f348fc7-0545-413c-96c6-52b0800b4ef0\progress\1.json (2 card records)
2026-08-04 19:22:29 - src.storage.quiz_repository - DEBUG - No saved quiz progress for user '1' at C:\Users\And\PythonProjects\FlashcardApp\data\quizzes\4d6e1a55-f5bd-4ec6-9911-5318ef748a9a\progress\1.json
2026-08-04 19:22:29 - src.storage.quiz_repository - DEBUG - No saved quiz progress for user '1' at C:\Users\And\PythonProjects\FlashcardApp\data\quizzes\da5430fa-b771-4262-9383-90e4e3abc3f0\progress\1.json
2026-08-04 19:25:24 - src.storage.flashcard_repository - DEBUG - Loaded progress for user '1' from C:\Users\And\PythonProjects\FlashcardApp\data\flashcards\073af40a-153f-4940-a305-5f4b764f92c4\progress\1.json (2 card records)
2026-08-04 19:25:24 - src.storage.flashcard_repository - DEBUG - Loaded progress for user '1' from C:\Users\And\PythonProjects\FlashcardApp\data\flashcards\8f348fc7-0545-413c-96c6-52b0800b4ef0\progress\1.json (2 card records)
2026-08-04 19:25:24 - src.storage.quiz_repository - DEBUG - No saved quiz progress for user '1' at C:\Users\And\PythonProjects\FlashcardApp\data\quizzes\4d6e1a55-f5bd-4ec6-9911-5318ef748a9a\progress\1.json
2026-08-04 19:25:24 - src.storage.quiz_repository - DEBUG - No saved quiz progress for user '1' at C:\Users\And\PythonProjects\FlashcardApp\data\quizzes\da5430fa-b771-4262-9383-90e4e3abc3f0\progress\1.json
2026-08-04 19:26:11 - src.storage.flashcard_repository - DEBUG - Loaded progress for user '1' from C:\Users\And\PythonProjects\FlashcardApp\data\flashcards\073af40a-153f-4940-a305-5f4b764f92c4\progress\1.json (2 card records)
2026-08-04 19:26:11 - src.storage.flashcard_repository - DEBUG - Loaded progress for user '1' from C:\Users\And\PythonProjects\FlashcardApp\data\flashcards\8f348fc7-0545-413c-96c6-52b0800b4ef0\progress\1.json (2 card records)
2026-08-04 19:26:11 - src.storage.quiz_repository - DEBUG - No saved quiz progress for user '1' at C:\Users\And\PythonProjects\FlashcardApp\data\quizzes\4d6e1a55-f5bd-4ec6-9911-5318ef748a9a\progress\1.json
2026-08-04 19:26:11 - src.storage.quiz_repository - DEBUG - No saved quiz progress for user '1' at C:\Users\And\PythonProjects\FlashcardApp\data\quizzes\da5430fa-b771-4262-9383-90e4e3abc3f0\progress\1.json
2026-08-04 19:27:12 - root - INFO - Logging initialized. File: C:\Users\And\PythonProjects\FlashcardApp\logs\quiz_app.log
2026-08-04 19:27:12 - __main__ - INFO - Qt translations loaded for: en
2026-08-04 19:27:12 - src.logic.translator - INFO - Language changed to: en
2026-08-04 19:27:12 - src.controllers.main_controller - INFO - MainController initialized
2026-08-04 19:27:13 - src.logic.app_settings - DEBUG - Settings saved
2026-08-04 19:27:13 - src.ui.main_window - INFO - Applied light theme
2026-08-04 19:27:13 - src.logic.user_session - INFO - Session ended for: guest
2026-08-04 19:27:13 - src.controllers.main_controller - INFO - Continuing as guest
2026-08-04 19:27:13 - __main__ - INFO - Qt translations loaded for: en
2026-08-04 19:27:13 - __main__ - INFO - Application started successfully
2026-08-04 19:27:14 - src.logic.app_settings - DEBUG - Settings saved
2026-08-04 19:27:14 - src.ui.main_window - INFO - Applied light theme
2026-08-04 19:27:14 - src.ui.main_window - DEBUG - Settings panel shown with overlay
2026-08-04 19:27:15 - src.ui.main_window - DEBUG - Settings panel and overlay hidden
2026-08-04 19:27:16 - src.ui.main_window - DEBUG - Opened login dialog
2026-08-04 19:27:21 - src.storage.user_repository - INFO - User authenticated: admin (role: teacher)
2026-08-04 19:27:21 - src.logic.user_session - INFO - Session started for: Admin User
2026-08-04 19:27:21 - src.logic.translator - INFO - Language changed to: en
2026-08-04 19:27:21 - src.ui.main_window - INFO - Login successful: Admin User
2026-08-04 19:27:21 - src.ui.main_window - INFO - Applied light theme
2026-08-04 19:27:21 - src.logic.translator - INFO - Language changed to: en
2026-08-04 19:27:21 - src.main - INFO - Qt translations loaded for: en
2026-08-04 19:27:21 - src.controllers.main_controller - INFO - Language changed to: en
2026-08-04 19:27:21 - src.ui.main_window - DEBUG - Settings panel retranslated
2026-08-04 19:27:21 - src.ui.main_window - DEBUG - Login dialog retranslated
2026-08-04 19:27:21 - src.ui.main_window - INFO - Language changed to: en
2026-08-04 19:27:23 - src.storage.flashcard_repository - DEBUG - Loaded progress for user '1' from C:\Users\And\PythonProjects\FlashcardApp\data\flashcards\073af40a-153f-4940-a305-5f4b764f92c4\progress\1.json (2 card records)
2026-08-04 19:27:23 - src.storage.flashcard_repository - DEBUG - Loaded progress for user '1' from C:\Users\And\PythonProjects\FlashcardApp\data\flashcards\8f348fc7-0545-413c-96c6-52b0800b4ef0\progress\1.json (2 card records)
2026-08-04 19:27:23 - src.storage.quiz_repository - DEBUG - No saved quiz progress for user '1' at C:\Users\And\PythonProjects\FlashcardApp\data\quizzes\4d6e1a55-f5bd-4ec6-9911-5318ef748a9a\progress\1.json
2026-08-04 19:27:23 - src.storage.quiz_repository - DEBUG - No saved quiz progress for user '1' at C:\Users\And\PythonProjects\FlashcardApp\data\quizzes\da5430fa-b771-4262-9383-90e4e3abc3f0\progress\1.json
2026-08-04 19:29:19 - src.ui.main_window - DEBUG - Settings panel shown with overlay
2026-08-04 19:29:24 - src.ui.main_window - INFO - Applied dark theme
2026-08-04 19:29:24 - src.ui.main_window - DEBUG - Settings panel and overlay hidden
2026-08-04 19:29:25 - src.storage.flashcard_repository - DEBUG - Loaded progress for user '1' from C:\Users\And\PythonProjects\FlashcardApp\data\flashcards\073af40a-153f-4940-a305-5f4b764f92c4\progress\1.json (2 card records)
2026-08-04 19:29:25 - src.storage.flashcard_repository - DEBUG - Loaded progress for user '1' from C:\Users\And\PythonProjects\FlashcardApp\data\flashcards\8f348fc7-0545-413c-96c6-52b0800b4ef0\progress\1.json (2 card records)
2026-08-04 19:29:25 - src.storage.quiz_repository - DEBUG - No saved quiz progress for user '1' at C:\Users\And\PythonProjects\FlashcardApp\data\quizzes\4d6e1a55-f5bd-4ec6-9911-5318ef748a9a\progress\1.json
2026-08-04 19:29:25 - src.storage.quiz_repository - DEBUG - No saved quiz progress for user '1' at C:\Users\And\PythonProjects\FlashcardApp\data\quizzes\da5430fa-b771-4262-9383-90e4e3abc3f0\progress\1.json
2026-08-04 19:43:54 - root - INFO - Logging initialized. File: C:\Users\And\PythonProjects\FlashcardApp\logs\quiz_app.log
2026-08-04 19:43:54 - __main__ - INFO - Qt translations loaded for: en
2026-08-04 19:43:54 - src.logic.translator - INFO - Language changed to: en
2026-08-04 19:43:54 - src.controllers.main_controller - INFO - MainController initialized
2026-08-04 19:43:55 - src.logic.app_settings - DEBUG - Settings saved
2026-08-04 19:43:55 - src.ui.main_window - INFO - Applied light theme
2026-08-04 19:43:55 - src.logic.user_session - INFO - Session ended for: guest
2026-08-04 19:43:55 - src.controllers.main_controller - INFO - Continuing as guest
2026-08-04 19:43:55 - __main__ - INFO - Qt translations loaded for: en
2026-08-04 19:43:55 - __main__ - INFO - Application started successfully
2026-08-04 19:43:55 - src.controllers.flashcard_controller - INFO - FlashcardController initialized
2026-08-04 19:43:55 - src.utils.text_to_speech - INFO - Text-to-speech engine 'sapi' is ready
2026-08-04 19:43:55 - src.storage.flashcard_repository - DEBUG - No saved deck progress for user 'guest' at C:\Users\And\PythonProjects\FlashcardApp\data\flashcards\073af40a-153f-4940-a305-5f4b764f92c4\progress\guest.json
2026-08-04 19:43:55 - src.storage.flashcard_repository - DEBUG - No saved deck progress for user 'guest' at C:\Users\And\PythonProjects\FlashcardApp\data\flashcards\8f348fc7-0545-413c-96c6-52b0800b4ef0\progress\guest.json
2026-08-04 19:43:55 - src.storage.flashcard_repository - DEBUG - No saved deck progress for user 'guest' at C:\Users\And\PythonProjects\FlashcardApp\data\flashcards\073af40a-153f-4940-a305-5f4b764f92c4\progress\guest.json
2026-08-04 19:43:55 - src.storage.flashcard_repository - DEBUG - No saved deck progress for user 'guest' at C:\Users\And\PythonProjects\FlashcardApp\data\flashcards\8f348fc7-0545-413c-96c6-52b0800b4ef0\progress\guest.json
2026-08-04 19:43:55 - src.ui.main_window - INFO - Launched FlashcardViewer
2026-08-04 19:43:57 - src.storage.flashcard_repository - DEBUG - No saved deck progress for user 'guest' at C:\Users\And\PythonProjects\FlashcardApp\data\flashcards\073af40a-153f-4940-a305-5f4b764f92c4\progress\guest.json
2026-08-04 19:43:57 - src.storage.flashcard_repository - DEBUG - No saved deck progress for user 'guest' at C:\Users\And\PythonProjects\FlashcardApp\data\flashcards\8f348fc7-0545-413c-96c6-52b0800b4ef0\progress\guest.json
2026-08-04 19:43:57 - src.storage.quiz_repository - DEBUG - No saved quiz progress for user 'guest' at C:\Users\And\PythonProjects\FlashcardApp\data\quizzes\4d6e1a55-f5bd-4ec6-9911-5318ef748a9a\progress\guest.json
2026-08-04 19:43:57 - src.storage.quiz_repository - DEBUG - No saved quiz progress for user 'guest' at C:\Users\And\PythonProjects\FlashcardApp\data\quizzes\da5430fa-b771-4262-9383-90e4e3abc3f0\progress\guest.json
2026-08-04 19:44:08 - src.storage.flashcard_repository - DEBUG - No saved deck progress for user 'guest' at C:\Users\And\PythonProjects\FlashcardApp\data\flashcards\073af40a-153f-4940-a305-5f4b764f92c4\progress\guest.json
2026-08-04 19:44:08 - src.storage.flashcard_repository - DEBUG - No saved deck progress for user 'guest' at C:\Users\And\PythonProjects\FlashcardApp\data\flashcards\8f348fc7-0545-413c-96c6-52b0800b4ef0\progress\guest.json
2026-08-04 19:44:10 - src.ui.main_window - DEBUG - Opened login dialog
2026-08-04 19:44:15 - src.storage.user_repository - INFO - User authenticated: admin (role: teacher)
2026-08-04 19:44:15 - src.logic.user_session - INFO - Session started for: Admin User
2026-08-04 19:44:15 - src.logic.translator - INFO - Language changed to: en
2026-08-04 19:44:15 - src.ui.main_window - INFO - Login successful: Admin User
2026-08-04 19:44:15 - src.ui.main_window - INFO - Applied dark theme
2026-08-04 19:44:15 - src.logic.translator - INFO - Language changed to: en
2026-08-04 19:44:15 - src.main - INFO - Qt translations loaded for: en
2026-08-04 19:44:15 - src.controllers.main_controller - INFO - Language changed to: en
2026-08-04 19:44:15 - src.ui.main_window - DEBUG - Login dialog retranslated
2026-08-04 19:44:15 - src.ui.main_window - INFO - Language changed to: en
2026-08-04 19:44:17 - src.storage.flashcard_repository - DEBUG - Loaded progress for user '1' from C:\Users\And\PythonProjects\FlashcardApp\data\flashcards\073af40a-153f-4940-a305-5f4b764f92c4\progress\1.json (2 card records)
2026-08-04 19:44:17 - src.storage.flashcard_repository - DEBUG - Loaded progress for user '1' from C:\Users\And\PythonProjects\FlashcardApp\data\flashcards\8f348fc7-0545-413c-96c6-52b0800b4ef0\progress\1.json (2 card records)
2026-08-04 19:44:17 - src.storage.quiz_repository - DEBUG - No saved quiz progress for user '1' at C:\Users\And\PythonProjects\FlashcardApp\data\quizzes\4d6e1a55-f5bd-4ec6-9911-5318ef748a9a\progress\1.json
2026-08-04 19:44:17 - src.storage.quiz_repository - DEBUG - No saved quiz progress for user '1' at C:\Users\And\PythonProjects\FlashcardApp\data\quizzes\da5430fa-b771-4262-9383-90e4e3abc3f0\progress\1.json
2026-08-04 19:44:46 - src.ui.main_window - DEBUG - Settings panel shown with overlay
2026-08-04 19:44:48 - src.ui.main_window - INFO - Applied light theme
2026-08-04 19:44:48 - src.ui.main_window - DEBUG - Settings panel and overlay hidden
2026-08-04 19:44:49 - src.storage.flashcard_repository - DEBUG - Loaded progress for user '1' from C:\Users\And\PythonProjects\FlashcardApp\data\flashcards\073af40a-153f-4940-a305-5f4b764f92c4\progress\1.json (2 card records)
2026-08-04 19:44:49 - src.storage.flashcard_repository - DEBUG - Loaded progress for user '1' from C:\Users\And\PythonProjects\FlashcardApp\data\flashcards\8f348fc7-0545-413c-96c6-52b0800b4ef0\progress\1.json (2 card records)
2026-08-04 19:44:49 - src.storage.quiz_repository - DEBUG - No saved quiz progress for user '1' at C:\Users\And\PythonProjects\FlashcardApp\data\quizzes\4d6e1a55-f5bd-4ec6-9911-5318ef748a9a\progress\1.json
2026-08-04 19:44:49 - src.storage.quiz_repository - DEBUG - No saved quiz progress for user '1' at C:\Users\And\PythonProjects\FlashcardApp\data\quizzes\da5430fa-b771-4262-9383-90e4e3abc3f0\progress\1.json
2026-08-04 19:44:59 - src.storage.quiz_repository - DEBUG - No saved quiz progress for user '1' at C:\Users\And\PythonProjects\FlashcardApp\data\quizzes\4d6e1a55-f5bd-4ec6-9911-5318ef748a9a\progress\1.json
2026-08-04 19:44:59 - src.storage.quiz_repository - DEBUG - No saved quiz progress for user '1' at C:\Users\And\PythonProjects\FlashcardApp\data\quizzes\da5430fa-b771-4262-9383-90e4e3abc3f0\progress\1.json
2026-08-04 19:44:59 - src.storage.quiz_repository - DEBUG - No saved quiz progress for user '1' at C:\Users\And\PythonProjects\FlashcardApp\data\quizzes\4d6e1a55-f5bd-4ec6-9911-5318ef748a9a\progress\1.json
2026-08-04 19:44:59 - src.storage.quiz_repository - DEBUG - No saved quiz progress for user '1' at C:\Users\And\PythonProjects\FlashcardApp\data\quizzes\da5430fa-b771-4262-9383-90e4e3abc3f0\progress\1.json
2026-08-04 19:44:59 - src.ui.main_window - INFO - Launched QuizViewer
2026-08-04 19:45:20 - src.storage.flashcard_repository - DEBUG - Loaded progress for user '1' from C:\Users\And\PythonProjects\FlashcardApp\data\flashcards\073af40a-153f-4940-a305-5f4b764f92c4\progress\1.json (2 card records)
2026-08-04 19:45:20 - src.storage.flashcard_repository - DEBUG - Loaded progress for user '1' from C:\Users\And\PythonProjects\FlashcardApp\data\flashcards\8f348fc7-0545-413c-96c6-52b0800b4ef0\progress\1.json (2 card records)
2026-08-04 19:45:20 - src.storage.quiz_repository - DEBUG - No saved quiz progress for user '1' at C:\Users\And\PythonProjects\FlashcardApp\data\quizzes\4d6e1a55-f5bd-4ec6-9911-5318ef748a9a\progress\1.json
2026-08-04 19:45:20 - src.storage.quiz_repository - DEBUG - No saved quiz progress for user '1' at C:\Users\And\PythonProjects\FlashcardApp\data\quizzes\da5430fa-b771-4262-9383-90e4e3abc3f0\progress\1.json
2026-08-04 19:45:29 - src.storage.quiz_repository - DEBUG - No saved quiz progress for user '1' at C:\Users\And\PythonProjects\FlashcardApp\data\quizzes\4d6e1a55-f5bd-4ec6-9911-5318ef748a9a\progress\1.json
2026-08-04 19:45:29 - src.storage.quiz_repository - DEBUG - No saved quiz progress for user '1' at C:\Users\And\PythonProjects\FlashcardApp\data\quizzes\da5430fa-b771-4262-9383-90e4e3abc3f0\progress\1.json
2026-08-04 19:50:19 - src.storage.flashcard_repository - DEBUG - Loaded progress for user '1' from C:\Users\And\PythonProjects\FlashcardApp\data\flashcards\073af40a-153f-4940-a305-5f4b764f92c4\progress\1.json (2 card records)
2026-08-04 19:50:19 - src.storage.flashcard_repository - DEBUG - Loaded progress for user '1' from C:\Users\And\PythonProjects\FlashcardApp\data\flashcards\8f348fc7-0545-413c-96c6-52b0800b4ef0\progress\1.json (2 card records)
2026-08-04 19:50:19 - src.storage.quiz_repository - DEBUG - No saved quiz progress for user '1' at C:\Users\And\PythonProjects\FlashcardApp\data\quizzes\4d6e1a55-f5bd-4ec6-9911-5318ef748a9a\progress\1.json
2026-08-04 19:50:19 - src.storage.quiz_repository - DEBUG - No saved quiz progress for user '1' at C:\Users\And\PythonProjects\FlashcardApp\data\quizzes\da5430fa-b771-4262-9383-90e4e3abc3f0\progress\1.json
2026-08-05 11:21:36 - root - INFO - Logging initialized. File: C:\Users\And\PythonProjects\FlashcardApp\logs\quiz_app.log
2026-08-05 11:21:36 - __main__ - INFO - Qt translations loaded for: en
2026-08-05 11:21:36 - src.logic.translator - INFO - Language changed to: en
2026-08-05 11:21:36 - src.controllers.main_controller - INFO - MainController initialized
2026-08-05 11:21:36 - src.logic.app_settings - DEBUG - Settings saved
2026-08-05 11:21:36 - src.ui.main_window - INFO - Applied light theme
2026-08-05 11:21:36 - src.logic.user_session - INFO - Session ended for: guest
2026-08-05 11:21:36 - src.controllers.main_controller - INFO - Continuing as guest
2026-08-05 11:21:36 - __main__ - INFO - Qt translations loaded for: en
2026-08-05 11:21:36 - __main__ - INFO - Application started successfully
2026-08-05 11:21:38 - src.ui.main_window - DEBUG - Opened login dialog
2026-08-05 11:21:43 - src.storage.user_repository - INFO - User authenticated: admin (role: teacher)
2026-08-05 11:21:43 - src.logic.user_session - INFO - Session started for: Admin User
2026-08-05 11:21:43 - src.logic.translator - INFO - Language changed to: en
2026-08-05 11:21:43 - src.ui.main_window - INFO - Login successful: Admin User
2026-08-05 11:21:43 - src.ui.main_window - INFO - Applied light theme
2026-08-05 11:21:43 - src.logic.translator - INFO - Language changed to: en
2026-08-05 11:21:43 - src.main - INFO - Qt translations loaded for: en
2026-08-05 11:21:43 - src.controllers.main_controller - INFO - Language changed to: en
2026-08-05 11:21:43 - src.ui.main_window - DEBUG - Login dialog retranslated
2026-08-05 11:21:43 - src.ui.main_window - INFO - Language changed to: en
2026-08-05 11:27:39 - root - INFO - Logging initialized. File: C:\Users\And\PythonProjects\FlashcardApp\logs\quiz_app.log
2026-08-05 11:27:39 - __main__ - INFO - Qt translations loaded for: en
2026-08-05 11:27:39 - src.storage.user_repository - INFO - Migrated legacy plaintext passwords to PBKDF2 hashes
2026-08-05 11:27:39 - src.logic.translator - INFO - Language changed to: en
2026-08-05 11:27:39 - src.controllers.main_controller - INFO - MainController initialized
2026-08-05 11:27:40 - src.logic.app_settings - DEBUG - Settings saved
2026-08-05 11:27:40 - src.ui.main_window - INFO - Applied light theme
2026-08-05 11:27:40 - src.logic.user_session - INFO - Session ended for: guest
2026-08-05 11:27:40 - src.controllers.main_controller - INFO - Continuing as guest
2026-08-05 11:27:40 - __main__ - INFO - Qt translations loaded for: en
2026-08-05 11:27:40 - __main__ - INFO - Application started successfully
2026-08-05 11:27:41 - src.ui.main_window - DEBUG - Opened login dialog
2026-08-05 11:27:45 - src.storage.user_repository - INFO - User authenticated: admin (role: admin)
2026-08-05 11:27:45 - src.logic.user_session - INFO - Session started for: Admin User
2026-08-05 11:27:45 - src.logic.translator - INFO - Language changed to: en
2026-08-05 11:27:45 - src.ui.main_window - INFO - Login successful: Admin User
2026-08-05 11:27:45 - src.ui.main_window - INFO - Applied light theme
2026-08-05 11:27:45 - src.logic.translator - INFO - Language changed to: en
2026-08-05 11:27:45 - src.main - INFO - Qt translations loaded for: en
2026-08-05 11:27:45 - src.controllers.main_controller - INFO - Language changed to: en
2026-08-05 11:27:45 - src.ui.main_window - DEBUG - Login dialog retranslated
2026-08-05 11:27:45 - src.ui.main_window - INFO - Language changed to: en
2026-08-05 11:48:50 - src.controllers.flashcard_controller - INFO - FlashcardController initialized
2026-08-05 11:48:50 - src.utils.text_to_speech - INFO - Text-to-speech engine 'sapi' is ready
2026-08-05 11:48:50 - src.storage.flashcard_repository - DEBUG - Loaded progress for user '1' from C:\Users\And\PythonProjects\FlashcardApp\data\flashcards\073af40a-153f-4940-a305-5f4b764f92c4\progress\1.json (2 card records)
2026-08-05 11:48:50 - src.storage.flashcard_repository - DEBUG - Loaded progress for user '1' from C:\Users\And\PythonProjects\FlashcardApp\data\flashcards\8f348fc7-0545-413c-96c6-52b0800b4ef0\progress\1.json (2 card records)
2026-08-05 11:48:50 - src.storage.flashcard_repository - DEBUG - Loaded progress for user '1' from C:\Users\And\PythonProjects\FlashcardApp\data\flashcards\073af40a-153f-4940-a305-5f4b764f92c4\progress\1.json (2 card records)
2026-08-05 11:48:50 - src.storage.flashcard_repository - DEBUG - Loaded progress for user '1' from C:\Users\And\PythonProjects\FlashcardApp\data\flashcards\8f348fc7-0545-413c-96c6-52b0800b4ef0\progress\1.json (2 card records)
2026-08-05 11:48:50 - src.ui.main_window - INFO - Launched FlashcardViewer
2026-08-05 11:48:53 - src.storage.flashcard_repository - DEBUG - Loaded progress for user '1' from C:\Users\And\PythonProjects\FlashcardApp\data\flashcards\073af40a-153f-4940-a305-5f4b764f92c4\progress\1.json (2 card records)
2026-08-05 11:48:53 - src.storage.flashcard_repository - DEBUG - Loaded progress for user '1' from C:\Users\And\PythonProjects\FlashcardApp\data\flashcards\8f348fc7-0545-413c-96c6-52b0800b4ef0\progress\1.json (2 card records)
2026-08-05 11:48:53 - src.storage.quiz_repository - DEBUG - No saved quiz progress for user '1' at C:\Users\And\PythonProjects\FlashcardApp\data\quizzes\4d6e1a55-f5bd-4ec6-9911-5318ef748a9a\progress\1.json
2026-08-05 11:48:53 - src.storage.quiz_repository - DEBUG - No saved quiz progress for user '1' at C:\Users\And\PythonProjects\FlashcardApp\data\quizzes\da5430fa-b771-4262-9383-90e4e3abc3f0\progress\1.json
2026-08-07 09:39:42 - root - INFO - Logging initialized. File: C:\Users\And\PythonProjects\FlashcardApp\logs\quiz_app.log
2026-08-07 09:39:42 - __main__ - INFO - Qt translations loaded for: en
2026-08-07 09:39:42 - src.logic.translator - INFO - Language changed to: en
2026-08-07 09:39:42 - src.controllers.main_controller - INFO - MainController initialized
2026-08-07 09:39:43 - src.logic.app_settings - DEBUG - Settings saved
2026-08-07 09:39:43 - src.ui.main_window - INFO - Applied light theme
2026-08-07 09:39:43 - src.logic.user_session - INFO - Session ended for: guest
2026-08-07 09:39:43 - src.controllers.main_controller - INFO - Continuing as guest
2026-08-07 09:39:43 - __main__ - INFO - Qt translations loaded for: en
2026-08-07 09:39:43 - __main__ - INFO - Application started successfully
2026-08-07 09:39:49 - src.ui.main_window - DEBUG - Opened login dialog
2026-08-07 09:39:59 - src.storage.user_repository - WARNING - Authentication failed for login: student123
2026-08-07 09:39:59 - src.storage.user_repository - WARNING - Authentication failed for login: student123
2026-08-07 09:40:04 - src.storage.user_repository - INFO - User authenticated: student (role: student)
2026-08-07 09:40:04 - src.logic.user_session - INFO - Session started for: Student User
2026-08-07 09:40:04 - src.logic.translator - INFO - Language changed to: en
2026-08-07 09:40:04 - src.ui.main_window - INFO - Login successful: Student User
2026-08-07 09:40:04 - src.ui.main_window - INFO - Applied dark theme
2026-08-07 09:40:04 - src.logic.translator - INFO - Language changed to: en
2026-08-07 09:40:04 - src.main - INFO - Qt translations loaded for: en
2026-08-07 09:40:04 - src.controllers.main_controller - INFO - Language changed to: en
2026-08-07 09:40:04 - src.ui.main_window - DEBUG - Login dialog retranslated
2026-08-07 09:40:04 - src.ui.main_window - INFO - Language changed to: en
2026-08-07 09:40:06 - src.storage.flashcard_repository - DEBUG - Loaded progress for user '2' from C:\Users\And\PythonProjects\FlashcardApp\data\flashcards\073af40a-153f-4940-a305-5f4b764f92c4\progress\2.json (2 card records)
2026-08-07 09:40:06 - src.storage.flashcard_repository - DEBUG - No saved deck progress for user '2' at C:\Users\And\PythonProjects\FlashcardApp\data\flashcards\8f348fc7-0545-413c-96c6-52b0800b4ef0\progress\2.json
2026-08-07 09:40:06 - src.storage.quiz_repository - DEBUG - No saved quiz progress for user '2' at C:\Users\And\PythonProjects\FlashcardApp\data\quizzes\4d6e1a55-f5bd-4ec6-9911-5318ef748a9a\progress\2.json
2026-08-07 09:40:06 - src.storage.quiz_repository - DEBUG - No saved quiz progress for user '2' at C:\Users\And\PythonProjects\FlashcardApp\data\quizzes\da5430fa-b771-4262-9383-90e4e3abc3f0\progress\2.json
2026-08-07 09:40:18 - src.logic.user_session - INFO - Session ended for: Student User
2026-08-07 09:40:18 - src.logic.translator - INFO - Language changed to: en
2026-08-07 09:40:18 - src.controllers.main_controller - INFO - User logged out
2026-08-07 09:40:18 - src.logic.app_settings - DEBUG - Settings saved
2026-08-07 09:40:18 - src.ui.main_window - INFO - Applied light theme
2026-08-07 09:40:18 - src.logic.translator - INFO - Language changed to: en
2026-08-07 09:40:18 - src.logic.app_settings - DEBUG - Settings saved
2026-08-07 09:40:18 - src.main - INFO - Qt translations loaded for: en
2026-08-07 09:40:18 - src.controllers.main_controller - INFO - Language changed to: en
2026-08-07 09:40:18 - src.ui.main_window - DEBUG - Login dialog retranslated
2026-08-07 09:40:18 - src.storage.flashcard_repository - DEBUG - Loaded progress for user '2' from C:\Users\And\PythonProjects\FlashcardApp\data\flashcards\073af40a-153f-4940-a305-5f4b764f92c4\progress\2.json (2 card records)
2026-08-07 09:40:18 - src.storage.flashcard_repository - DEBUG - No saved deck progress for user '2' at C:\Users\And\PythonProjects\FlashcardApp\data\flashcards\8f348fc7-0545-413c-96c6-52b0800b4ef0\progress\2.json
2026-08-07 09:40:18 - src.storage.quiz_repository - DEBUG - No saved quiz progress for user '2' at C:\Users\And\PythonProjects\FlashcardApp\data\quizzes\4d6e1a55-f5bd-4ec6-9911-5318ef748a9a\progress\2.json
2026-08-07 09:40:18 - src.storage.quiz_repository - DEBUG - No saved quiz progress for user '2' at C:\Users\And\PythonProjects\FlashcardApp\data\quizzes\da5430fa-b771-4262-9383-90e4e3abc3f0\progress\2.json
2026-08-07 09:40:18 - src.ui.main_window - INFO - Language changed to: en
2026-08-07 09:40:18 - src.ui.main_window - INFO - Logged out, returned to guest mode
2026-08-07 09:40:19 - src.ui.main_window - DEBUG - Opened login dialog
2026-08-07 09:40:27 - src.storage.user_repository - INFO - User authenticated: admin (role: admin)
2026-08-07 09:40:27 - src.logic.user_session - INFO - Session started for: Admin User
2026-08-07 09:40:27 - src.logic.translator - INFO - Language changed to: en
2026-08-07 09:40:27 - src.ui.main_window - INFO - Login successful: Admin User
2026-08-07 09:40:27 - src.ui.main_window - INFO - Applied light theme
2026-08-07 09:40:27 - src.logic.translator - INFO - Language changed to: en
2026-08-07 09:40:27 - src.main - INFO - Qt translations loaded for: en
2026-08-07 09:40:27 - src.controllers.main_controller - INFO - Language changed to: en
2026-08-07 09:40:27 - src.ui.main_window - DEBUG - Login dialog retranslated
2026-08-07 09:40:27 - src.storage.flashcard_repository - DEBUG - Loaded progress for user '2' from C:\Users\And\PythonProjects\FlashcardApp\data\flashcards\073af40a-153f-4940-a305-5f4b764f92c4\progress\2.json (2 card records)
2026-08-07 09:40:27 - src.storage.flashcard_repository - DEBUG - No saved deck progress for user '2' at C:\Users\And\PythonProjects\FlashcardApp\data\flashcards\8f348fc7-0545-413c-96c6-52b0800b4ef0\progress\2.json
2026-08-07 09:40:27 - src.storage.quiz_repository - DEBUG - No saved quiz progress for user '2' at C:\Users\And\PythonProjects\FlashcardApp\data\quizzes\4d6e1a55-f5bd-4ec6-9911-5318ef748a9a\progress\2.json
2026-08-07 09:40:27 - src.storage.quiz_repository - DEBUG - No saved quiz progress for user '2' at C:\Users\And\PythonProjects\FlashcardApp\data\quizzes\da5430fa-b771-4262-9383-90e4e3abc3f0\progress\2.json
2026-08-07 09:40:27 - src.ui.main_window - INFO - Language changed to: en
2026-08-07 09:44:17 - src.logic.user_session - INFO - Session ended for: Admin User
2026-08-07 09:44:17 - src.logic.translator - INFO - Language changed to: en
2026-08-07 09:44:17 - src.controllers.main_controller - INFO - User logged out
2026-08-07 09:44:17 - src.logic.app_settings - DEBUG - Settings saved
2026-08-07 09:44:17 - src.ui.main_window - INFO - Applied light theme
2026-08-07 09:44:17 - src.logic.translator - INFO - Language changed to: en
2026-08-07 09:44:17 - src.logic.app_settings - DEBUG - Settings saved
2026-08-07 09:44:17 - src.main - INFO - Qt translations loaded for: en
2026-08-07 09:44:17 - src.controllers.main_controller - INFO - Language changed to: en
2026-08-07 09:44:17 - src.ui.main_window - DEBUG - Login dialog retranslated
2026-08-07 09:44:17 - src.storage.flashcard_repository - DEBUG - Loaded progress for user '2' from C:\Users\And\PythonProjects\FlashcardApp\data\flashcards\073af40a-153f-4940-a305-5f4b764f92c4\progress\2.json (2 card records)
2026-08-07 09:44:17 - src.storage.flashcard_repository - DEBUG - No saved deck progress for user '2' at C:\Users\And\PythonProjects\FlashcardApp\data\flashcards\8f348fc7-0545-413c-96c6-52b0800b4ef0\progress\2.json
2026-08-07 09:44:17 - src.storage.quiz_repository - DEBUG - No saved quiz progress for user '2' at C:\Users\And\PythonProjects\FlashcardApp\data\quizzes\4d6e1a55-f5bd-4ec6-9911-5318ef748a9a\progress\2.json
2026-08-07 09:44:17 - src.storage.quiz_repository - DEBUG - No saved quiz progress for user '2' at C:\Users\And\PythonProjects\FlashcardApp\data\quizzes\da5430fa-b771-4262-9383-90e4e3abc3f0\progress\2.json
2026-08-07 09:44:17 - src.ui.main_window - INFO - Language changed to: en
2026-08-07 09:44:17 - src.ui.main_window - INFO - Logged out, returned to guest mode
2026-08-07 09:44:18 - src.ui.main_window - DEBUG - Opened login dialog
2026-08-07 09:44:25 - src.storage.user_repository - WARNING - Authentication failed for login: teacher2
2026-08-07 09:44:25 - src.storage.user_repository - WARNING - Authentication failed for login: teacher2
2026-08-07 09:44:27 - src.storage.user_repository - INFO - User authenticated: teacher2 (role: teacher)
2026-08-07 09:44:27 - src.logic.user_session - INFO - Session started for: Second Teacher
2026-08-07 09:44:27 - src.logic.translator - INFO - Language changed to: en
2026-08-07 09:44:27 - src.ui.main_window - INFO - Login successful: Second Teacher
2026-08-07 09:44:27 - src.ui.main_window - INFO - Applied dark theme
2026-08-07 09:44:27 - src.logic.translator - INFO - Language changed to: en
2026-08-07 09:44:27 - src.main - INFO - Qt translations loaded for: en
2026-08-07 09:44:27 - src.controllers.main_controller - INFO - Language changed to: en
2026-08-07 09:44:27 - src.ui.main_window - DEBUG - Login dialog retranslated
2026-08-07 09:44:27 - src.storage.flashcard_repository - DEBUG - Loaded progress for user '2' from C:\Users\And\PythonProjects\FlashcardApp\data\flashcards\073af40a-153f-4940-a305-5f4b764f92c4\progress\2.json (2 card records)
2026-08-07 09:44:27 - src.storage.flashcard_repository - DEBUG - No saved deck progress for user '2' at C:\Users\And\PythonProjects\FlashcardApp\data\flashcards\8f348fc7-0545-413c-96c6-52b0800b4ef0\progress\2.json
2026-08-07 09:44:27 - src.storage.quiz_repository - DEBUG - No saved quiz progress for user '2' at C:\Users\And\PythonProjects\FlashcardApp\data\quizzes\4d6e1a55-f5bd-4ec6-9911-5318ef748a9a\progress\2.json
2026-08-07 09:44:27 - src.storage.quiz_repository - DEBUG - No saved quiz progress for user '2' at C:\Users\And\PythonProjects\FlashcardApp\data\quizzes\da5430fa-b771-4262-9383-90e4e3abc3f0\progress\2.json
2026-08-07 09:44:27 - src.ui.main_window - INFO - Language changed to: en
2026-08-07 09:44:33 - src.ui.main_window - INFO - Launched QuizEditor
2026-08-07 09:44:42 - src.ui.main_window - DEBUG - Settings panel shown with overlay
2026-08-07 09:44:43 - src.ui.main_window - DEBUG - Settings panel and overlay hidden
2026-08-07 09:44:44 - src.ui.main_window - DEBUG - Settings panel shown with overlay
2026-08-07 09:44:46 - src.ui.main_window - DEBUG - Settings panel and overlay hidden
2026-08-07 09:44:58 - src.storage.quiz_repository - DEBUG - No saved quiz progress for user '4' at C:\Users\And\PythonProjects\FlashcardApp\data\quizzes\4d6e1a55-f5bd-4ec6-9911-5318ef748a9a\progress\4.json
2026-08-07 09:44:58 - src.storage.quiz_repository - DEBUG - No saved quiz progress for user '4' at C:\Users\And\PythonProjects\FlashcardApp\data\quizzes\da5430fa-b771-4262-9383-90e4e3abc3f0\progress\4.json
2026-08-07 09:44:58 - src.storage.quiz_repository - DEBUG - No saved quiz progress for user '4' at C:\Users\And\PythonProjects\FlashcardApp\data\quizzes\7134adbf-32d0-4932-8daa-5302a4dc0453\progress\4.json
2026-08-07 09:44:58 - src.storage.quiz_repository - DEBUG - No saved quiz progress for user '4' at C:\Users\And\PythonProjects\FlashcardApp\data\quizzes\4d6e1a55-f5bd-4ec6-9911-5318ef748a9a\progress\4.json
2026-08-07 09:44:58 - src.storage.quiz_repository - DEBUG - No saved quiz progress for user '4' at C:\Users\And\PythonProjects\FlashcardApp\data\quizzes\da5430fa-b771-4262-9383-90e4e3abc3f0\progress\4.json
2026-08-07 09:44:58 - src.storage.quiz_repository - DEBUG - No saved quiz progress for user '4' at C:\Users\And\PythonProjects\FlashcardApp\data\quizzes\7134adbf-32d0-4932-8daa-5302a4dc0453\progress\4.json
2026-08-07 09:44:58 - src.ui.main_window - INFO - Launched QuizViewer
2026-08-07 09:45:00 - src.storage.flashcard_repository - DEBUG - No saved deck progress for user '4' at C:\Users\And\PythonProjects\FlashcardApp\data\flashcards\073af40a-153f-4940-a305-5f4b764f92c4\progress\4.json
2026-08-07 09:45:00 - src.storage.flashcard_repository - DEBUG - No saved deck progress for user '4' at C:\Users\And\PythonProjects\FlashcardApp\data\flashcards\8f348fc7-0545-413c-96c6-52b0800b4ef0\progress\4.json
2026-08-07 09:45:00 - src.storage.quiz_repository - DEBUG - No saved quiz progress for user '4' at C:\Users\And\PythonProjects\FlashcardApp\data\quizzes\4d6e1a55-f5bd-4ec6-9911-5318ef748a9a\progress\4.json
2026-08-07 09:45:00 - src.storage.quiz_repository - DEBUG - No saved quiz progress for user '4' at C:\Users\And\PythonProjects\FlashcardApp\data\quizzes\da5430fa-b771-4262-9383-90e4e3abc3f0\progress\4.json
2026-08-07 09:45:00 - src.storage.quiz_repository - DEBUG - No saved quiz progress for user '4' at C:\Users\And\PythonProjects\FlashcardApp\data\quizzes\7134adbf-32d0-4932-8daa-5302a4dc0453\progress\4.json
2026-08-07 09:45:02 - src.storage.quiz_repository - DEBUG - No saved quiz progress for user '4' at C:\Users\And\PythonProjects\FlashcardApp\data\quizzes\4d6e1a55-f5bd-4ec6-9911-5318ef748a9a\progress\4.json
2026-08-07 09:45:02 - src.storage.quiz_repository - DEBUG - No saved quiz progress for user '4' at C:\Users\And\PythonProjects\FlashcardApp\data\quizzes\da5430fa-b771-4262-9383-90e4e3abc3f0\progress\4.json
2026-08-07 09:45:02 - src.storage.quiz_repository - DEBUG - No saved quiz progress for user '4' at C:\Users\And\PythonProjects\FlashcardApp\data\quizzes\7134adbf-32d0-4932-8daa-5302a4dc0453\progress\4.json
2026-08-07 09:45:20 - src.logic.user_session - INFO - Session ended for: Second Teacher
2026-08-07 09:45:20 - src.logic.translator - INFO - Language changed to: en
2026-08-07 09:45:20 - src.controllers.main_controller - INFO - User logged out
2026-08-07 09:45:20 - src.logic.app_settings - DEBUG - Settings saved
2026-08-07 09:45:20 - src.ui.main_window - INFO - Applied light theme
2026-08-07 09:45:20 - src.logic.translator - INFO - Language changed to: en
2026-08-07 09:45:20 - src.logic.app_settings - DEBUG - Settings saved
2026-08-07 09:45:20 - src.main - INFO - Qt translations loaded for: en
2026-08-07 09:45:20 - src.controllers.main_controller - INFO - Language changed to: en
2026-08-07 09:45:20 - src.ui.main_window - DEBUG - Settings panel retranslated
2026-08-07 09:45:20 - src.ui.main_window - DEBUG - Login dialog retranslated
2026-08-07 09:45:20 - src.storage.flashcard_repository - DEBUG - Loaded progress for user '2' from C:\Users\And\PythonProjects\FlashcardApp\data\flashcards\073af40a-153f-4940-a305-5f4b764f92c4\progress\2.json (2 card records)
2026-08-07 09:45:20 - src.storage.flashcard_repository - DEBUG - No saved deck progress for user '2' at C:\Users\And\PythonProjects\FlashcardApp\data\flashcards\8f348fc7-0545-413c-96c6-52b0800b4ef0\progress\2.json
2026-08-07 09:45:20 - src.storage.quiz_repository - DEBUG - No saved quiz progress for user '2' at C:\Users\And\PythonProjects\FlashcardApp\data\quizzes\4d6e1a55-f5bd-4ec6-9911-5318ef748a9a\progress\2.json
2026-08-07 09:45:20 - src.storage.quiz_repository - DEBUG - No saved quiz progress for user '2' at C:\Users\And\PythonProjects\FlashcardApp\data\quizzes\da5430fa-b771-4262-9383-90e4e3abc3f0\progress\2.json
2026-08-07 09:45:20 - src.storage.quiz_repository - DEBUG - No saved quiz progress for user '2' at C:\Users\And\PythonProjects\FlashcardApp\data\quizzes\7134adbf-32d0-4932-8daa-5302a4dc0453\progress\2.json
2026-08-07 09:45:20 - src.ui.main_window - INFO - Language changed to: en
2026-08-07 09:45:20 - src.ui.main_window - INFO - Logged out, returned to guest mode
2026-08-07 09:45:21 - src.ui.main_window - DEBUG - Opened login dialog
2026-08-07 09:45:28 - src.storage.user_repository - WARNING - Authentication failed for login: teacher
2026-08-07 09:45:28 - src.storage.user_repository - WARNING - Authentication failed for login: teacher
2026-08-07 09:45:48 - src.storage.user_repository - INFO - User authenticated: admin (role: admin)
2026-08-07 09:45:48 - src.logic.user_session - INFO - Session started for: Admin User
2026-08-07 09:45:48 - src.logic.translator - INFO - Language changed to: en
2026-08-07 09:45:48 - src.ui.main_window - INFO - Login successful: Admin User
2026-08-07 09:45:48 - src.ui.main_window - INFO - Applied light theme
2026-08-07 09:45:48 - src.logic.translator - INFO - Language changed to: en
2026-08-07 09:45:48 - src.main - INFO - Qt translations loaded for: en
2026-08-07 09:45:48 - src.controllers.main_controller - INFO - Language changed to: en
2026-08-07 09:45:48 - src.ui.main_window - DEBUG - Settings panel retranslated
2026-08-07 09:45:48 - src.ui.main_window - DEBUG - Login dialog retranslated
2026-08-07 09:45:48 - src.storage.flashcard_repository - DEBUG - Loaded progress for user '2' from C:\Users\And\PythonProjects\FlashcardApp\data\flashcards\073af40a-153f-4940-a305-5f4b764f92c4\progress\2.json (2 card records)
2026-08-07 09:45:48 - src.storage.flashcard_repository - DEBUG - No saved deck progress for user '2' at C:\Users\And\PythonProjects\FlashcardApp\data\flashcards\8f348fc7-0545-413c-96c6-52b0800b4ef0\progress\2.json
2026-08-07 09:45:48 - src.storage.quiz_repository - DEBUG - No saved quiz progress for user '2' at C:\Users\And\PythonProjects\FlashcardApp\data\quizzes\4d6e1a55-f5bd-4ec6-9911-5318ef748a9a\progress\2.json
2026-08-07 09:45:48 - src.storage.quiz_repository - DEBUG - No saved quiz progress for user '2' at C:\Users\And\PythonProjects\FlashcardApp\data\quizzes\da5430fa-b771-4262-9383-90e4e3abc3f0\progress\2.json
2026-08-07 09:45:48 - src.storage.quiz_repository - DEBUG - No saved quiz progress for user '2' at C:\Users\And\PythonProjects\FlashcardApp\data\quizzes\7134adbf-32d0-4932-8daa-5302a4dc0453\progress\2.json
2026-08-07 09:45:48 - src.ui.main_window - INFO - Language changed to: en
2026-08-07 09:45:59 - src.logic.user_session - INFO - Session ended for: Admin User
2026-08-07 09:45:59 - src.logic.translator - INFO - Language changed to: en
2026-08-07 09:45:59 - src.controllers.main_controller - INFO - User logged out
2026-08-07 09:45:59 - src.logic.app_settings - DEBUG - Settings saved
2026-08-07 09:45:59 - src.ui.main_window - INFO - Applied light theme
2026-08-07 09:45:59 - src.logic.translator - INFO - Language changed to: en
2026-08-07 09:45:59 - src.logic.app_settings - DEBUG - Settings saved
2026-08-07 09:45:59 - src.main - INFO - Qt translations loaded for: en
2026-08-07 09:45:59 - src.controllers.main_controller - INFO - Language changed to: en
2026-08-07 09:45:59 - src.ui.main_window - DEBUG - Settings panel retranslated
2026-08-07 09:45:59 - src.ui.main_window - DEBUG - Login dialog retranslated
2026-08-07 09:45:59 - src.storage.flashcard_repository - DEBUG - Loaded progress for user '2' from C:\Users\And\PythonProjects\FlashcardApp\data\flashcards\073af40a-153f-4940-a305-5f4b764f92c4\progress\2.json (2 card records)
2026-08-07 09:45:59 - src.storage.flashcard_repository - DEBUG - No saved deck progress for user '2' at C:\Users\And\PythonProjects\FlashcardApp\data\flashcards\8f348fc7-0545-413c-96c6-52b0800b4ef0\progress\2.json
2026-08-07 09:45:59 - src.storage.quiz_repository - DEBUG - No saved quiz progress for user '2' at C:\Users\And\PythonProjects\FlashcardApp\data\quizzes\4d6e1a55-f5bd-4ec6-9911-5318ef748a9a\progress\2.json
2026-08-07 09:45:59 - src.storage.quiz_repository - DEBUG - No saved quiz progress for user '2' at C:\Users\And\PythonProjects\FlashcardApp\data\quizzes\da5430fa-b771-4262-9383-90e4e3abc3f0\progress\2.json
2026-08-07 09:45:59 - src.storage.quiz_repository - DEBUG - No saved quiz progress for user '2' at C:\Users\And\PythonProjects\FlashcardApp\data\quizzes\7134adbf-32d0-4932-8daa-5302a4dc0453\progress\2.json
2026-08-07 09:45:59 - src.ui.main_window - INFO - Language changed to: en
2026-08-07 09:45:59 - src.ui.main_window - INFO - Logged out, returned to guest mode
2026-08-07 09:46:00 - src.ui.main_window - DEBUG - Opened login dialog
2026-08-07 09:46:09 - src.storage.user_repository - INFO - User authenticated: teacher2 (role: teacher)
2026-08-07 09:46:09 - src.logic.user_session - INFO - Session started for: Second Teacher
2026-08-07 09:46:09 - src.logic.translator - INFO - Language changed to: en
2026-08-07 09:46:09 - src.ui.main_window - INFO - Login successful: Second Teacher
2026-08-07 09:46:09 - src.ui.main_window - INFO - Applied dark theme
2026-08-07 09:46:09 - src.logic.translator - INFO - Language changed to: en
2026-08-07 09:46:09 - src.main - INFO - Qt translations loaded for: en
2026-08-07 09:46:09 - src.controllers.main_controller - INFO - Language changed to: en
2026-08-07 09:46:09 - src.ui.main_window - DEBUG - Settings panel retranslated
2026-08-07 09:46:09 - src.ui.main_window - DEBUG - Login dialog retranslated
2026-08-07 09:46:09 - src.storage.flashcard_repository - DEBUG - Loaded progress for user '2' from C:\Users\And\PythonProjects\FlashcardApp\data\flashcards\073af40a-153f-4940-a305-5f4b764f92c4\progress\2.json (2 card records)
2026-08-07 09:46:09 - src.storage.flashcard_repository - DEBUG - No saved deck progress for user '2' at C:\Users\And\PythonProjects\FlashcardApp\data\flashcards\8f348fc7-0545-413c-96c6-52b0800b4ef0\progress\2.json
2026-08-07 09:46:09 - src.storage.quiz_repository - DEBUG - No saved quiz progress for user '2' at C:\Users\And\PythonProjects\FlashcardApp\data\quizzes\4d6e1a55-f5bd-4ec6-9911-5318ef748a9a\progress\2.json
2026-08-07 09:46:09 - src.storage.quiz_repository - DEBUG - No saved quiz progress for user '2' at C:\Users\And\PythonProjects\FlashcardApp\data\quizzes\da5430fa-b771-4262-9383-90e4e3abc3f0\progress\2.json
2026-08-07 09:46:09 - src.storage.quiz_repository - DEBUG - No saved quiz progress for user '2' at C:\Users\And\PythonProjects\FlashcardApp\data\quizzes\7134adbf-32d0-4932-8daa-5302a4dc0453\progress\2.json
2026-08-07 09:46:09 - src.ui.main_window - INFO - Language changed to: en
2026-08-07 09:46:11 - src.ui.main_window - INFO - Launched QuizEditor
2026-08-07 09:46:14 - src.controllers.quiz_editor_controller - INFO - Loaded quiz: zxc with 0 questions
2026-08-07 09:47:21 - src.controllers.quiz_editor_controller - INFO - Loaded quiz: zxc with 1 questions
2026-08-07 09:47:31 - src.controllers.quiz_editor_controller - INFO - Loaded quiz: zxc with 1 questions
2026-08-07 09:52:50 - src.controllers.quiz_editor_controller - INFO - Loaded quiz: zxc with 1 questions
2026-08-07 10:07:50 - root - INFO - Logging initialized. File: C:\Users\And\PythonProjects\FlashcardApp\logs\quiz_app.log
2026-08-07 10:07:50 - __main__ - INFO - Qt translations loaded for: en
2026-08-07 10:07:50 - src.logic.translator - INFO - Language changed to: en
2026-08-07 10:07:50 - src.controllers.main_controller - INFO - MainController initialized
2026-08-07 10:07:53 - src.logic.app_settings - DEBUG - Settings saved
2026-08-07 10:07:53 - src.ui.main_window - INFO - Applied light theme
2026-08-07 10:07:53 - src.logic.user_session - INFO - Session ended for: guest
2026-08-07 10:07:53 - src.controllers.main_controller - INFO - Continuing as guest
2026-08-07 10:07:53 - __main__ - INFO - Qt translations loaded for: en
2026-08-07 10:07:53 - __main__ - INFO - Application started successfully
2026-08-07 10:07:56 - src.ui.main_window - DEBUG - Opened login dialog
2026-08-07 10:08:00 - src.storage.user_repository - INFO - User authenticated: admin (role: admin)
2026-08-07 10:08:00 - src.logic.user_session - INFO - Session started for: Admin User
2026-08-07 10:08:00 - src.logic.translator - INFO - Language changed to: en
2026-08-07 10:08:00 - src.ui.main_window - INFO - Login successful: Admin User
2026-08-07 10:08:00 - src.ui.main_window - INFO - Applied light theme
2026-08-07 10:08:00 - src.logic.translator - INFO - Language changed to: en
2026-08-07 10:08:00 - src.main - INFO - Qt translations loaded for: en
2026-08-07 10:08:00 - src.controllers.main_controller - INFO - Language changed to: en
2026-08-07 10:08:00 - src.ui.main_window - DEBUG - Login dialog retranslated
2026-08-07 10:08:00 - src.ui.main_window - INFO - Language changed to: en
2026-08-07 10:08:06 - src.ui.main_window - INFO - Launched QuizEditor
2026-08-07 10:08:47 - root - INFO - Logging initialized. File: C:\Users\And\PythonProjects\FlashcardApp\logs\quiz_app.log
2026-08-07 10:08:47 - __main__ - INFO - Qt translations loaded for: en
2026-08-07 10:08:47 - src.logic.translator - INFO - Language changed to: en
2026-08-07 10:08:47 - src.controllers.main_controller - INFO - MainController initialized
2026-08-07 10:08:48 - src.logic.app_settings - DEBUG - Settings saved
2026-08-07 10:08:48 - src.ui.main_window - INFO - Applied light theme
2026-08-07 10:08:48 - src.logic.user_session - INFO - Session ended for: guest
2026-08-07 10:08:48 - src.controllers.main_controller - INFO - Continuing as guest
2026-08-07 10:08:48 - __main__ - INFO - Qt translations loaded for: en
2026-08-07 10:08:48 - __main__ - INFO - Application started successfully
2026-08-07 10:08:49 - src.ui.main_window - DEBUG - Opened login dialog
2026-08-07 10:08:52 - src.storage.user_repository - INFO - User authenticated: admin (role: admin)
2026-08-07 10:08:52 - src.logic.user_session - INFO - Session started for: Admin User
2026-08-07 10:08:52 - src.logic.translator - INFO - Language changed to: en
2026-08-07 10:08:52 - src.ui.main_window - INFO - Login successful: Admin User
2026-08-07 10:08:52 - src.ui.main_window - INFO - Applied light theme
2026-08-07 10:08:52 - src.logic.translator - INFO - Language changed to: en
2026-08-07 10:08:52 - src.main - INFO - Qt translations loaded for: en
2026-08-07 10:08:52 - src.controllers.main_controller - INFO - Language changed to: en
2026-08-07 10:08:52 - src.ui.main_window - DEBUG - Login dialog retranslated
2026-08-07 10:08:52 - src.ui.main_window - INFO - Language changed to: en
2026-08-07 10:08:55 - src.ui.main_window - INFO - Launched QuizEditor
2026-08-07 10:09:00 - src.logic.user_session - INFO - Session ended for: Admin User
2026-08-07 10:09:00 - src.logic.translator - INFO - Language changed to: en
2026-08-07 10:09:00 - src.controllers.main_controller - INFO - User logged out
2026-08-07 10:09:00 - src.logic.app_settings - DEBUG - Settings saved
2026-08-07 10:09:00 - src.ui.main_window - INFO - Applied light theme
2026-08-07 10:09:00 - src.logic.translator - INFO - Language changed to: en
2026-08-07 10:09:00 - src.logic.app_settings - DEBUG - Settings saved
2026-08-07 10:09:00 - src.main - INFO - Qt translations loaded for: en
2026-08-07 10:09:00 - src.controllers.main_controller - INFO - Language changed to: en
2026-08-07 10:09:00 - src.ui.main_window - DEBUG - Login dialog retranslated
2026-08-07 10:09:00 - src.ui.main_window - INFO - Language changed to: en
2026-08-07 10:09:00 - src.ui.main_window - INFO - Logged out, returned to guest mode
2026-08-07 10:09:01 - src.ui.main_window - DEBUG - Opened login dialog
2026-08-07 10:09:09 - src.storage.user_repository - INFO - User authenticated: teacher2 (role: teacher)
2026-08-07 10:09:09 - src.logic.user_session - INFO - Session started for: Second Teacher
2026-08-07 10:09:09 - src.logic.translator - INFO - Language changed to: en
2026-08-07 10:09:09 - src.ui.main_window - INFO - Login successful: Second Teacher
2026-08-07 10:09:09 - src.ui.main_window - INFO - Applied dark theme
2026-08-07 10:09:09 - src.logic.translator - INFO - Language changed to: en
2026-08-07 10:09:09 - src.main - INFO - Qt translations loaded for: en
2026-08-07 10:09:09 - src.controllers.main_controller - INFO - Language changed to: en
2026-08-07 10:09:09 - src.ui.main_window - DEBUG - Login dialog retranslated
2026-08-07 10:09:09 - src.ui.main_window - INFO - Language changed to: en
2026-08-07 10:09:11 - src.ui.main_window - INFO - Launched QuizEditor
2026-08-07 10:09:14 - src.controllers.quiz_editor_controller - INFO - Loaded quiz: zxc with 1 questions
2026-08-07 13:07:07 - root - INFO - Logging initialized. File: C:\Users\And\PythonProjects\FlashcardApp\logs\quiz_app.log
2026-08-07 13:07:07 - __main__ - INFO - Qt translations loaded for: en
2026-08-07 13:07:07 - src.logic.translator - INFO - Language changed to: en
2026-08-07 13:07:07 - src.controllers.main_controller - INFO - MainController initialized
2026-08-07 13:07:08 - src.logic.app_settings - DEBUG - Settings saved
2026-08-07 13:07:08 - src.ui.main_window - INFO - Applied light theme
2026-08-07 13:07:08 - src.logic.user_session - INFO - Session ended for: guest
2026-08-07 13:07:08 - src.controllers.main_controller - INFO - Continuing as guest
2026-08-07 13:07:08 - __main__ - INFO - Qt translations loaded for: en
2026-08-07 13:07:08 - __main__ - INFO - Application started successfully
2026-08-07 13:07:10 - src.storage.quiz_repository - DEBUG - No saved quiz progress for user 'guest' at C:\Users\And\PythonProjects\FlashcardApp\data\quizzes\4d6e1a55-f5bd-4ec6-9911-5318ef748a9a\progress\guest.json
2026-08-07 13:07:10 - src.storage.quiz_repository - DEBUG - No saved quiz progress for user 'guest' at C:\Users\And\PythonProjects\FlashcardApp\data\quizzes\da5430fa-b771-4262-9383-90e4e3abc3f0\progress\guest.json
2026-08-07 13:07:10 - src.storage.quiz_repository - DEBUG - No saved quiz progress for user 'guest' at C:\Users\And\PythonProjects\FlashcardApp\data\quizzes\4d6e1a55-f5bd-4ec6-9911-5318ef748a9a\progress\guest.json
2026-08-07 13:07:10 - src.storage.quiz_repository - DEBUG - No saved quiz progress for user 'guest' at C:\Users\And\PythonProjects\FlashcardApp\data\quizzes\da5430fa-b771-4262-9383-90e4e3abc3f0\progress\guest.json
2026-08-07 13:07:10 - src.ui.main_window - INFO - Launched QuizViewer
2026-08-07 13:07:12 - src.storage.quiz_repository - DEBUG - No saved quiz progress for user 'guest' at C:\Users\And\PythonProjects\FlashcardApp\data\quizzes\4d6e1a55-f5bd-4ec6-9911-5318ef748a9a\progress\guest.json
2026-08-07 13:07:12 - src.storage.quiz_repository - DEBUG - No saved quiz progress for user 'guest' at C:\Users\And\PythonProjects\FlashcardApp\data\quizzes\da5430fa-b771-4262-9383-90e4e3abc3f0\progress\guest.json
2026-08-07 13:07:12 - src.storage.quiz_repository - DEBUG - No saved quiz progress for user 'guest' at C:\Users\And\PythonProjects\FlashcardApp\data\quizzes\da5430fa-b771-4262-9383-90e4e3abc3f0\progress\guest.json
2026-08-07 13:07:12 - src.logic.quiz_logic - INFO - Initializing Quiz with 6 questions
2026-08-07 13:07:12 - src.logic.quiz_logic - DEBUG - Shuffling entire question pool for random selection
2026-08-07 13:07:12 - src.controllers.quiz_controller - INFO - Loaded quiz 'General Quiz (Copy)' for user 'guest': 6 total, 6 learning questions
2026-08-07 13:07:17 - src.storage.quiz_repository - DEBUG - Saved progress for user 'guest' to C:\Users\And\PythonProjects\FlashcardApp\data\quizzes\da5430fa-b771-4262-9383-90e4e3abc3f0\progress\guest.json (1 question records)
2026-08-07 13:07:17 - src.controllers.quiz_controller - DEBUG - Updated attempts for question 'bdcab1c9': correct=0 wrong=1
2026-08-07 13:07:17 - src.controllers.quiz_controller - INFO - Recorded wrong attempt for quiz question 'bdcab1c9' (session answers: 1)
2026-08-07 13:07:21 - src.storage.quiz_repository - DEBUG - No saved quiz progress for user 'guest' at C:\Users\And\PythonProjects\FlashcardApp\data\quizzes\4d6e1a55-f5bd-4ec6-9911-5318ef748a9a\progress\guest.json
2026-08-07 13:07:21 - src.storage.quiz_repository - DEBUG - Loaded progress for user 'guest' from C:\Users\And\PythonProjects\FlashcardApp\data\quizzes\da5430fa-b771-4262-9383-90e4e3abc3f0\progress\guest.json (1 question records)
2026-08-07 13:07:26 - root - INFO - Logging initialized. File: C:\Users\And\PythonProjects\FlashcardApp\logs\quiz_app.log
2026-08-07 13:07:26 - __main__ - INFO - Qt translations loaded for: en
2026-08-07 13:07:26 - src.logic.translator - INFO - Language changed to: en
2026-08-07 13:07:26 - src.controllers.main_controller - INFO - MainController initialized
2026-08-07 13:07:27 - src.logic.app_settings - DEBUG - Settings saved
2026-08-07 13:07:27 - src.ui.main_window - INFO - Applied light theme
2026-08-07 13:07:27 - src.logic.user_session - INFO - Session ended for: guest
2026-08-07 13:07:27 - src.controllers.main_controller - INFO - Continuing as guest
2026-08-07 13:07:27 - __main__ - INFO - Qt translations loaded for: en
2026-08-07 13:07:27 - __main__ - INFO - Application started successfully
2026-08-07 13:07:28 - src.ui.main_window - DEBUG - Opened login dialog
2026-08-07 13:07:31 - src.storage.user_repository - INFO - User authenticated: admin (role: admin)
2026-08-07 13:07:31 - src.logic.user_session - INFO - Session started for: Admin User
2026-08-07 13:07:31 - src.logic.translator - INFO - Language changed to: en
2026-08-07 13:07:31 - src.ui.main_window - INFO - Login successful: Admin User
2026-08-07 13:07:32 - src.ui.main_window - INFO - Applied light theme
2026-08-07 13:07:32 - src.logic.translator - INFO - Language changed to: en
2026-08-07 13:07:32 - src.main - INFO - Qt translations loaded for: en
2026-08-07 13:07:32 - src.controllers.main_controller - INFO - Language changed to: en
2026-08-07 13:07:32 - src.ui.main_window - DEBUG - Login dialog retranslated
2026-08-07 13:07:32 - src.ui.main_window - INFO - Language changed to: en
2026-08-07 13:07:34 - src.ui.main_window - INFO - Launched QuizEditor
2026-08-07 13:07:38 - src.ui.editor.flashcard_editor - INFO - Flashcard Editor initialized.
2026-08-07 13:07:38 - src.ui.main_window - INFO - Launched FlashcardEditor
2026-08-07 13:07:40 - src.ui.editor.flashcard_editor - INFO - NAV: 'Back to Main' clicked.
2026-08-07 13:07:40 - src.ui.editor.flashcard_editor - DEBUG - STATE: Checking for unsaved changes. Result: False
2026-08-07 13:07:40 - src.ui.editor.flashcard_editor - INFO - NAV: Proceeding to return to main menu.
2026-08-07 13:07:40 - src.ui.main_window - INFO - Launched QuizEditor
2026-08-07 13:07:53 - src.controllers.quiz_editor_controller - INFO - Loaded quiz: General Quiz (Copy) with 6 questions
2026-08-07 13:07:59 - src.controllers.quiz_editor_controller - INFO - Loaded quiz: General Quiz with 100 questions
2026-08-07 13:11:37 - root - INFO - Logging initialized. File: C:\Users\And\PythonProjects\FlashcardApp\logs\quiz_app.log
2026-08-07 13:11:37 - __main__ - INFO - Qt translations loaded for: en
2026-08-07 13:11:37 - src.logic.translator - INFO - Language changed to: en
2026-08-07 13:11:37 - src.controllers.main_controller - INFO - MainController initialized
2026-08-07 13:11:37 - src.logic.app_settings - DEBUG - Settings saved
2026-08-07 13:11:38 - src.ui.main_window - INFO - Applied light theme
2026-08-07 13:11:38 - src.logic.user_session - INFO - Session ended for: guest
2026-08-07 13:11:38 - src.controllers.main_controller - INFO - Continuing as guest
2026-08-07 13:11:38 - __main__ - INFO - Qt translations loaded for: en
2026-08-07 13:11:38 - __main__ - INFO - Application started successfully
2026-08-07 13:11:39 - src.ui.main_window - DEBUG - Opened login dialog
2026-08-07 13:11:42 - src.storage.user_repository - INFO - User authenticated: admin (role: admin)
2026-08-07 13:11:42 - src.logic.user_session - INFO - Session started for: Admin User
2026-08-07 13:11:42 - src.logic.translator - INFO - Language changed to: en
2026-08-07 13:11:42 - src.ui.main_window - INFO - Login successful: Admin User
2026-08-07 13:11:42 - src.ui.main_window - INFO - Applied light theme
2026-08-07 13:11:42 - src.logic.translator - INFO - Language changed to: en
2026-08-07 13:11:42 - src.main - INFO - Qt translations loaded for: en
2026-08-07 13:11:42 - src.controllers.main_controller - INFO - Language changed to: en
2026-08-07 13:11:42 - src.ui.main_window - DEBUG - Login dialog retranslated
2026-08-07 13:11:42 - src.ui.main_window - INFO - Language changed to: en
2026-08-07 13:11:45 - src.ui.main_window - INFO - Launched QuizEditor
2026-08-07 13:12:35 - src.controllers.quiz_editor_controller - INFO - Loaded quiz: General Quiz (Copy) (Copy) with 6 questions
2026-08-07 13:12:46 - src.ui.editor.flashcard_editor - INFO - Flashcard Editor initialized.
2026-08-07 13:12:46 - src.ui.main_window - INFO - Launched FlashcardEditor
2026-08-07 13:12:47 - src.ui.editor.flashcard_editor - INFO - NAV: 'Back to Main' clicked.
2026-08-07 13:12:47 - src.ui.editor.flashcard_editor - DEBUG - STATE: Checking for unsaved changes. Result: False
2026-08-07 13:12:47 - src.ui.editor.flashcard_editor - INFO - NAV: Proceeding to return to main menu.
2026-08-07 13:12:49 - src.controllers.flashcard_controller - INFO - FlashcardController initialized
2026-08-07 13:12:49 - src.utils.text_to_speech - INFO - Text-to-speech engine 'sapi' is ready
2026-08-07 13:12:49 - src.storage.flashcard_repository - DEBUG - Loaded progress for user '1' from C:\Users\And\PythonProjects\FlashcardApp\data\flashcards\073af40a-153f-4940-a305-5f4b764f92c4\progress\1.json (2 card records)
2026-08-07 13:12:49 - src.storage.flashcard_repository - DEBUG - Loaded progress for user '1' from C:\Users\And\PythonProjects\FlashcardApp\data\flashcards\8f348fc7-0545-413c-96c6-52b0800b4ef0\progress\1.json (2 card records)
2026-08-07 13:12:49 - src.storage.flashcard_repository - DEBUG - Loaded progress for user '1' from C:\Users\And\PythonProjects\FlashcardApp\data\flashcards\073af40a-153f-4940-a305-5f4b764f92c4\progress\1.json (2 card records)
2026-08-07 13:12:49 - src.storage.flashcard_repository - DEBUG - Loaded progress for user '1' from C:\Users\And\PythonProjects\FlashcardApp\data\flashcards\8f348fc7-0545-413c-96c6-52b0800b4ef0\progress\1.json (2 card records)
2026-08-07 13:12:49 - src.ui.main_window - INFO - Launched FlashcardViewer
2026-08-07 13:12:58 - src.ui.main_window - INFO - Launched QuizEditor
2026-08-07 13:14:43 - src.controllers.quiz_editor_controller - INFO - Loaded quiz: General Quiz (Copy) (Copy) with 6 questions
2026-08-07 13:14:55 - src.ui.main_window - INFO - Applied light theme
2026-08-07 13:14:55 - src.ui.main_window - DEBUG - Settings panel shown with overlay
2026-08-07 13:14:55 - src.ui.main_window - DEBUG - Settings panel and overlay hidden
2026-08-07 13:15:29 - src.ui.main_window - INFO - Launched QuizEditor
2026-08-07 13:15:52 - src.ui.main_window - INFO - Launched QuizEditor
2026-08-07 13:16:01 - root - INFO - Logging initialized. File: C:\Users\And\PythonProjects\FlashcardApp\logs\quiz_app.log
2026-08-07 13:16:01 - __main__ - INFO - Qt translations loaded for: en
2026-08-07 13:16:01 - src.logic.translator - INFO - Language changed to: en
2026-08-07 13:16:01 - src.controllers.main_controller - INFO - MainController initialized
2026-08-07 13:16:02 - src.logic.app_settings - DEBUG - Settings saved
2026-08-07 13:16:02 - src.ui.main_window - INFO - Applied light theme
2026-08-07 13:16:02 - src.logic.user_session - INFO - Session ended for: guest
2026-08-07 13:16:02 - src.controllers.main_controller - INFO - Continuing as guest
2026-08-07 13:16:02 - __main__ - INFO - Qt translations loaded for: en
2026-08-07 13:16:02 - __main__ - INFO - Application started successfully
2026-08-07 13:16:04 - src.ui.main_window - DEBUG - Opened login dialog
2026-08-07 13:16:10 - src.storage.user_repository - INFO - User authenticated: admin (role: admin)
2026-08-07 13:16:10 - src.logic.user_session - INFO - Session started for: Admin User
2026-08-07 13:16:10 - src.logic.translator - INFO - Language changed to: en
2026-08-07 13:16:10 - src.ui.main_window - INFO - Login successful: Admin User
2026-08-07 13:16:10 - src.ui.main_window - INFO - Applied light theme
2026-08-07 13:16:10 - src.logic.translator - INFO - Language changed to: en
2026-08-07 13:16:10 - src.main - INFO - Qt translations loaded for: en
2026-08-07 13:16:10 - src.controllers.main_controller - INFO - Language changed to: en
2026-08-07 13:16:10 - src.ui.main_window - DEBUG - Login dialog retranslated
2026-08-07 13:16:10 - src.ui.main_window - INFO - Language changed to: en
2026-08-07 13:16:12 - src.ui.main_window - INFO - Launched QuizEditor
2026-08-07 13:19:30 - src.ui.editor.flashcard_editor - INFO - Flashcard Editor initialized.
2026-08-07 13:19:30 - src.ui.main_window - INFO - Launched FlashcardEditor
2026-08-07 13:19:32 - src.ui.editor.flashcard_editor - INFO - NAV: 'Back to Main' clicked.
2026-08-07 13:19:32 - src.ui.editor.flashcard_editor - DEBUG - STATE: Checking for unsaved changes. Result: False
2026-08-07 13:19:32 - src.ui.editor.flashcard_editor - INFO - NAV: Proceeding to return to main menu.
2026-08-07 13:19:35 - src.ui.main_window - INFO - Launched QuizEditor
2026-08-07 13:19:36 - src.controllers.quiz_editor_controller - INFO - Loaded quiz: General Quiz (Copy) (Copy)asd with 6 questions
2026-08-07 13:19:58 - src.ui.main_window - INFO - Launched QuizEditor
2026-08-07 13:20:01 - src.controllers.quiz_editor_controller - INFO - Loaded quiz: General Quiz (Copy) (Copy)asd with 6 questions
2026-08-07 13:21:09 - src.controllers.quiz_editor_controller - INFO - Loaded quiz: General Quiz (Copy) (Copy)asd with 6 questions
2026-08-07 13:23:05 - src.controllers.quiz_editor_controller - INFO - Loaded quiz: General Quiz (Copy) (Copy)asd with 6 questions
2026-08-07 13:33:56 - root - INFO - Logging initialized. File: C:\Users\And\PythonProjects\FlashcardApp\logs\quiz_app.log
2026-08-07 13:33:56 - __main__ - INFO - Qt translations loaded for: en
2026-08-07 13:33:56 - src.logic.translator - INFO - Language changed to: en
2026-08-07 13:33:56 - src.controllers.main_controller - INFO - MainController initialized
2026-08-07 13:33:56 - src.logic.app_settings - DEBUG - Settings saved
2026-08-07 13:33:56 - src.ui.main_window - INFO - Applied light theme
2026-08-07 13:33:56 - src.logic.user_session - INFO - Session ended for: guest
2026-08-07 13:33:56 - src.controllers.main_controller - INFO - Continuing as guest
2026-08-07 13:33:56 - __main__ - INFO - Qt translations loaded for: en
2026-08-07 13:33:56 - __main__ - INFO - Application started successfully
2026-08-07 13:33:58 - src.ui.main_window - DEBUG - Opened login dialog
2026-08-07 13:34:02 - src.storage.user_repository - INFO - User authenticated: admin (role: admin)
2026-08-07 13:34:02 - src.logic.user_session - INFO - Session started for: Admin User
2026-08-07 13:34:02 - src.logic.translator - INFO - Language changed to: en
2026-08-07 13:34:02 - src.ui.main_window - INFO - Login successful: Admin User
2026-08-07 13:34:02 - src.ui.main_window - INFO - Applied light theme
2026-08-07 13:34:02 - src.logic.translator - INFO - Language changed to: en
2026-08-07 13:34:02 - src.main - INFO - Qt translations loaded for: en
2026-08-07 13:34:02 - src.controllers.main_controller - INFO - Language changed to: en
2026-08-07 13:34:02 - src.ui.main_window - DEBUG - Login dialog retranslated
2026-08-07 13:34:02 - src.ui.main_window - INFO - Language changed to: en
2026-08-07 13:34:05 - src.ui.main_window - INFO - Launched QuizEditor
2026-08-07 13:34:08 - src.controllers.quiz_editor_controller - INFO - Loaded quiz: General Quiz (Copy) (Copy) with 6 questions
2026-08-07 13:34:14 - src.controllers.quiz_editor_controller - INFO - Loaded quiz: General Quiz (Copy) (Copy)asd with 6 questions
2026-08-07 13:34:39 - src.ui.main_window - INFO - Launched QuizEditor
2026-08-07 13:34:45 - src.ui.editor.flashcard_editor - INFO - Flashcard Editor initialized.
2026-08-07 13:34:45 - src.ui.main_window - INFO - Launched FlashcardEditor
2026-08-07 13:34:54 - src.ui.editor.flashcard_editor - INFO - NAV: 'Back to Main' clicked.
2026-08-07 13:34:54 - src.ui.editor.flashcard_editor - DEBUG - STATE: Checking for unsaved changes. Result: False
2026-08-07 13:34:54 - src.ui.editor.flashcard_editor - INFO - NAV: Proceeding to return to main menu.
2026-08-07 13:34:55 - src.ui.main_window - INFO - Launched QuizEditor
2026-08-07 13:34:59 - src.controllers.quiz_editor_controller - INFO - Loaded quiz: General Quiz with 100 questions
2026-08-07 13:35:02 - src.controllers.quiz_editor_controller - INFO - Loaded quiz: General Quiz (Copy) with 6 questions
2026-08-07 13:35:11 - src.controllers.quiz_editor_controller - INFO - Loaded quiz: General Quiz (Copy) (Copy) with 6 questions
2026-08-07 13:35:15 - src.controllers.quiz_editor_controller - INFO - Loaded quiz: General Quiz (Copy) (Copy)asd with 6 questions
2026-08-07 13:35:19 - src.controllers.quiz_editor_controller - INFO - Loaded quiz: General Quiz (Copy) (Copy)asd with 6 questions
2026-08-07 13:39:30 - root - INFO - Logging initialized. File: C:\Users\And\PythonProjects\FlashcardApp\logs\quiz_app.log
2026-08-07 13:39:30 - __main__ - INFO - Qt translations loaded for: en
2026-08-07 13:39:30 - src.logic.translator - INFO - Language changed to: en
2026-08-07 13:39:30 - src.controllers.main_controller - INFO - MainController initialized
2026-08-07 13:39:31 - src.logic.app_settings - DEBUG - Settings saved
2026-08-07 13:39:31 - src.ui.main_window - INFO - Applied light theme
2026-08-07 13:39:31 - src.logic.user_session - INFO - Session ended for: guest
2026-08-07 13:39:31 - src.controllers.main_controller - INFO - Continuing as guest
2026-08-07 13:39:31 - __main__ - INFO - Qt translations loaded for: en
2026-08-07 13:39:31 - __main__ - INFO - Application started successfully
2026-08-07 13:39:32 - src.ui.main_window - DEBUG - Opened login dialog
2026-08-07 13:39:36 - src.storage.user_repository - INFO - User authenticated: admin (role: admin)
2026-08-07 13:39:36 - src.logic.user_session - INFO - Session started for: Admin User
2026-08-07 13:39:36 - src.logic.translator - INFO - Language changed to: en
2026-08-07 13:39:36 - src.ui.main_window - INFO - Login successful: Admin User
2026-08-07 13:39:36 - src.ui.main_window - INFO - Applied light theme
2026-08-07 13:39:36 - src.logic.translator - INFO - Language changed to: en
2026-08-07 13:39:36 - src.main - INFO - Qt translations loaded for: en
2026-08-07 13:39:36 - src.controllers.main_controller - INFO - Language changed to: en
2026-08-07 13:39:36 - src.ui.main_window - DEBUG - Login dialog retranslated
2026-08-07 13:39:36 - src.ui.main_window - INFO - Language changed to: en
2026-08-07 13:39:38 - src.ui.editor.flashcard_editor - INFO - Flashcard Editor initialized.
2026-08-07 13:39:38 - src.ui.main_window - INFO - Launched FlashcardEditor
2026-08-07 13:39:52 - src.ui.editor.flashcard_editor - DEBUG - Opening Card Editor for a NEW card.
2026-08-07 13:39:55 - src.controllers.flashcard_editor_controller - DEBUG - Added new card with ID: a61a328e-23e5-48a3-878c-ddc3a6072262
2026-08-07 13:39:58 - src.controllers.flashcard_editor_controller - INFO - Saved deck with 3 cards
2026-08-07 13:40:01 - src.controllers.flashcard_editor_controller - INFO - Saved deck with 3 cards
2026-08-07 13:40:06 - src.ui.editor.flashcard_editor - INFO - NAV: Returning to deck menu.
2026-08-07 13:40:06 - src.ui.editor.flashcard_editor - DEBUG - STATE: Checking for unsaved changes. Result: False
2026-08-07 13:40:06 - src.ui.editor.flashcard_editor - INFO - NAV: Switch successful.
2026-08-07 13:40:08 - src.ui.editor.flashcard_editor - INFO - NAV: 'Back to Main' clicked.
2026-08-07 13:40:08 - src.ui.editor.flashcard_editor - DEBUG - STATE: Checking for unsaved changes. Result: False
2026-08-07 13:40:08 - src.ui.editor.flashcard_editor - INFO - NAV: Proceeding to return to main menu.
2026-08-07 13:40:09 - src.ui.main_window - INFO - Launched QuizEditor
2026-08-07 13:40:11 - src.controllers.quiz_editor_controller - INFO - Loaded quiz: General Quiz (Copy) (Copy)asd with 6 questions
2026-08-07 13:40:16 - src.ui.main_window - INFO - Launched QuizEditor
2026-08-07 13:40:17 - src.controllers.quiz_editor_controller - INFO - Loaded quiz: General Quiz (Copy) (Copy)asd with 6 questions
2026-08-07 13:40:35 - src.ui.main_window - INFO - Launched QuizEditor
2026-08-07 13:40:41 - src.ui.editor.flashcard_editor - INFO - Flashcard Editor initialized.
2026-08-07 13:40:41 - src.ui.main_window - INFO - Launched FlashcardEditor
2026-08-07 13:40:49 - src.controllers.flashcard_editor_controller - INFO - Saved deck with 3 cards
2026-08-07 13:40:52 - src.ui.editor.flashcard_editor - INFO - NAV: Returning to deck menu.
2026-08-07 13:40:52 - src.ui.editor.flashcard_editor - DEBUG - STATE: Checking for unsaved changes. Result: False
2026-08-07 13:40:52 - src.ui.editor.flashcard_editor - INFO - NAV: Switch successful.
2026-08-07 13:40:58 - src.ui.editor.flashcard_editor - INFO - NAV: 'Back to Main' clicked.
2026-08-07 13:40:58 - src.ui.editor.flashcard_editor - DEBUG - STATE: Checking for unsaved changes. Result: False
2026-08-07 13:40:58 - src.ui.editor.flashcard_editor - INFO - NAV: Proceeding to return to main menu.
2026-08-07 13:41:18 - src.storage.flashcard_repository - DEBUG - Loaded progress for user '1' from C:\Users\And\PythonProjects\FlashcardApp\data\flashcards\073af40a-153f-4940-a305-5f4b764f92c4\progress\1.json (2 card records)
2026-08-07 13:41:18 - src.storage.flashcard_repository - DEBUG - Loaded progress for user '1' from C:\Users\And\PythonProjects\FlashcardApp\data\flashcards\8f348fc7-0545-413c-96c6-52b0800b4ef0\progress\1.json (2 card records)
2026-08-07 13:41:18 - src.storage.flashcard_repository - DEBUG - No saved deck progress for user '1' at C:\Users\And\PythonProjects\FlashcardApp\data\flashcards\4b6715a7-8457-4888-957e-142f8c606b16\progress\1.json
2026-08-07 13:41:18 - src.storage.quiz_repository - DEBUG - No saved quiz progress for user '1' at C:\Users\And\PythonProjects\FlashcardApp\data\quizzes\4d6e1a55-f5bd-4ec6-9911-5318ef748a9a\progress\1.json
2026-08-07 13:41:18 - src.storage.quiz_repository - DEBUG - No saved quiz progress for user '1' at C:\Users\And\PythonProjects\FlashcardApp\data\quizzes\da5430fa-b771-4262-9383-90e4e3abc3f0\progress\1.json
2026-08-07 13:41:18 - src.storage.quiz_repository - DEBUG - No saved quiz progress for user '1' at C:\Users\And\PythonProjects\FlashcardApp\data\quizzes\3910b06b-7c01-45b2-87e4-d8e426dc9d68\progress\1.json
2026-08-07 13:41:18 - src.storage.quiz_repository - DEBUG - No saved quiz progress for user '1' at C:\Users\And\PythonProjects\FlashcardApp\data\quizzes\62a23948-edff-4725-9623-b174e1fe084b\progress\1.json
2026-08-07 13:42:59 - src.logic.user_session - INFO - Session ended for: Admin User
2026-08-07 13:42:59 - src.logic.translator - INFO - Language changed to: en
2026-08-07 13:42:59 - src.controllers.main_controller - INFO - User logged out
2026-08-07 13:42:59 - src.logic.app_settings - DEBUG - Settings saved
2026-08-07 13:42:59 - src.ui.main_window - INFO - Applied light theme
2026-08-07 13:42:59 - src.logic.translator - INFO - Language changed to: en
2026-08-07 13:42:59 - src.logic.app_settings - DEBUG - Settings saved
2026-08-07 13:42:59 - src.main - INFO - Qt translations loaded for: en
2026-08-07 13:42:59 - src.controllers.main_controller - INFO - Language changed to: en
2026-08-07 13:42:59 - src.ui.main_window - DEBUG - Login dialog retranslated
2026-08-07 13:42:59 - src.storage.flashcard_repository - DEBUG - Loaded progress for user '1' from C:\Users\And\PythonProjects\FlashcardApp\data\flashcards\073af40a-153f-4940-a305-5f4b764f92c4\progress\1.json (2 card records)
2026-08-07 13:42:59 - src.storage.flashcard_repository - DEBUG - Loaded progress for user '1' from C:\Users\And\PythonProjects\FlashcardApp\data\flashcards\8f348fc7-0545-413c-96c6-52b0800b4ef0\progress\1.json (2 card records)
2026-08-07 13:42:59 - src.storage.flashcard_repository - DEBUG - No saved deck progress for user '1' at C:\Users\And\PythonProjects\FlashcardApp\data\flashcards\4b6715a7-8457-4888-957e-142f8c606b16\progress\1.json
2026-08-07 13:42:59 - src.storage.quiz_repository - DEBUG - No saved quiz progress for user '1' at C:\Users\And\PythonProjects\FlashcardApp\data\quizzes\4d6e1a55-f5bd-4ec6-9911-5318ef748a9a\progress\1.json
2026-08-07 13:42:59 - src.storage.quiz_repository - DEBUG - No saved quiz progress for user '1' at C:\Users\And\PythonProjects\FlashcardApp\data\quizzes\da5430fa-b771-4262-9383-90e4e3abc3f0\progress\1.json
2026-08-07 13:42:59 - src.storage.quiz_repository - DEBUG - No saved quiz progress for user '1' at C:\Users\And\PythonProjects\FlashcardApp\data\quizzes\3910b06b-7c01-45b2-87e4-d8e426dc9d68\progress\1.json
2026-08-07 13:42:59 - src.storage.quiz_repository - DEBUG - No saved quiz progress for user '1' at C:\Users\And\PythonProjects\FlashcardApp\data\quizzes\62a23948-edff-4725-9623-b174e1fe084b\progress\1.json
2026-08-07 13:42:59 - src.ui.main_window - INFO - Language changed to: en
2026-08-07 13:42:59 - src.ui.main_window - INFO - Logged out, returned to guest mode
2026-08-07 13:43:00 - src.ui.main_window - DEBUG - Opened login dialog
2026-08-07 13:43:13 - src.storage.user_repository - WARNING - Blocked login attempt for disabled account: student2
2026-08-07 13:43:13 - src.storage.user_repository - WARNING - Blocked login attempt for disabled account: student2
2026-08-07 13:43:27 - src.storage.user_repository - WARNING - Blocked login attempt for disabled account: student2
2026-08-07 13:43:27 - src.storage.user_repository - WARNING - Blocked login attempt for disabled account: student2
2026-08-07 13:43:31 - src.storage.user_repository - INFO - User authenticated: student (role: student)
2026-08-07 13:43:31 - src.logic.user_session - INFO - Session started for: Student User
2026-08-07 13:43:31 - src.logic.translator - INFO - Language changed to: en
2026-08-07 13:43:31 - src.ui.main_window - INFO - Login successful: Student User
2026-08-07 13:43:31 - src.ui.main_window - INFO - Applied dark theme
2026-08-07 13:43:31 - src.logic.translator - INFO - Language changed to: en
2026-08-07 13:43:31 - src.main - INFO - Qt translations loaded for: en
2026-08-07 13:43:31 - src.controllers.main_controller - INFO - Language changed to: en
2026-08-07 13:43:31 - src.ui.main_window - DEBUG - Login dialog retranslated
2026-08-07 13:43:31 - src.storage.flashcard_repository - DEBUG - Loaded progress for user '1' from C:\Users\And\PythonProjects\FlashcardApp\data\flashcards\073af40a-153f-4940-a305-5f4b764f92c4\progress\1.json (2 card records)
2026-08-07 13:43:31 - src.storage.flashcard_repository - DEBUG - Loaded progress for user '1' from C:\Users\And\PythonProjects\FlashcardApp\data\flashcards\8f348fc7-0545-413c-96c6-52b0800b4ef0\progress\1.json (2 card records)
2026-08-07 13:43:31 - src.storage.flashcard_repository - DEBUG - No saved deck progress for user '1' at C:\Users\And\PythonProjects\FlashcardApp\data\flashcards\4b6715a7-8457-4888-957e-142f8c606b16\progress\1.json
2026-08-07 13:43:31 - src.storage.quiz_repository - DEBUG - No saved quiz progress for user '1' at C:\Users\And\PythonProjects\FlashcardApp\data\quizzes\4d6e1a55-f5bd-4ec6-9911-5318ef748a9a\progress\1.json
2026-08-07 13:43:31 - src.storage.quiz_repository - DEBUG - No saved quiz progress for user '1' at C:\Users\And\PythonProjects\FlashcardApp\data\quizzes\da5430fa-b771-4262-9383-90e4e3abc3f0\progress\1.json
2026-08-07 13:43:31 - src.storage.quiz_repository - DEBUG - No saved quiz progress for user '1' at C:\Users\And\PythonProjects\FlashcardApp\data\quizzes\3910b06b-7c01-45b2-87e4-d8e426dc9d68\progress\1.json
2026-08-07 13:43:31 - src.storage.quiz_repository - DEBUG - No saved quiz progress for user '1' at C:\Users\And\PythonProjects\FlashcardApp\data\quizzes\62a23948-edff-4725-9623-b174e1fe084b\progress\1.json
2026-08-07 13:43:31 - src.ui.main_window - INFO - Language changed to: en
2026-08-07 13:43:37 - src.logic.user_session - INFO - Session ended for: Student User
2026-08-07 13:43:37 - src.logic.translator - INFO - Language changed to: en
2026-08-07 13:43:37 - src.controllers.main_controller - INFO - User logged out
2026-08-07 13:43:37 - src.logic.app_settings - DEBUG - Settings saved
2026-08-07 13:43:38 - src.ui.main_window - INFO - Applied light theme
2026-08-07 13:43:38 - src.logic.translator - INFO - Language changed to: en
2026-08-07 13:43:38 - src.logic.app_settings - DEBUG - Settings saved
2026-08-07 13:43:38 - src.main - INFO - Qt translations loaded for: en
2026-08-07 13:43:38 - src.controllers.main_controller - INFO - Language changed to: en
2026-08-07 13:43:38 - src.ui.main_window - DEBUG - Login dialog retranslated
2026-08-07 13:43:38 - src.storage.flashcard_repository - DEBUG - Loaded progress for user '1' from C:\Users\And\PythonProjects\FlashcardApp\data\flashcards\073af40a-153f-4940-a305-5f4b764f92c4\progress\1.json (2 card records)
2026-08-07 13:43:38 - src.storage.flashcard_repository - DEBUG - Loaded progress for user '1' from C:\Users\And\PythonProjects\FlashcardApp\data\flashcards\8f348fc7-0545-413c-96c6-52b0800b4ef0\progress\1.json (2 card records)
2026-08-07 13:43:38 - src.storage.flashcard_repository - DEBUG - No saved deck progress for user '1' at C:\Users\And\PythonProjects\FlashcardApp\data\flashcards\4b6715a7-8457-4888-957e-142f8c606b16\progress\1.json
2026-08-07 13:43:38 - src.storage.quiz_repository - DEBUG - No saved quiz progress for user '1' at C:\Users\And\PythonProjects\FlashcardApp\data\quizzes\4d6e1a55-f5bd-4ec6-9911-5318ef748a9a\progress\1.json
2026-08-07 13:43:38 - src.storage.quiz_repository - DEBUG - No saved quiz progress for user '1' at C:\Users\And\PythonProjects\FlashcardApp\data\quizzes\da5430fa-b771-4262-9383-90e4e3abc3f0\progress\1.json
2026-08-07 13:43:38 - src.storage.quiz_repository - DEBUG - No saved quiz progress for user '1' at C:\Users\And\PythonProjects\FlashcardApp\data\quizzes\3910b06b-7c01-45b2-87e4-d8e426dc9d68\progress\1.json
2026-08-07 13:43:38 - src.storage.quiz_repository - DEBUG - No saved quiz progress for user '1' at C:\Users\And\PythonProjects\FlashcardApp\data\quizzes\62a23948-edff-4725-9623-b174e1fe084b\progress\1.json
2026-08-07 13:43:38 - src.ui.main_window - INFO - Language changed to: en
2026-08-07 13:43:38 - src.ui.main_window - INFO - Logged out, returned to guest mode
2026-08-07 13:43:38 - src.ui.main_window - DEBUG - Opened login dialog
2026-08-07 13:43:48 - src.storage.user_repository - INFO - User authenticated: admin (role: admin)
2026-08-07 13:43:48 - src.logic.user_session - INFO - Session started for: Admin User
2026-08-07 13:43:48 - src.logic.translator - INFO - Language changed to: en
2026-08-07 13:43:48 - src.ui.main_window - INFO - Login successful: Admin User
2026-08-07 13:43:48 - src.ui.main_window - INFO - Applied light theme
2026-08-07 13:43:48 - src.logic.translator - INFO - Language changed to: en
2026-08-07 13:43:48 - src.main - INFO - Qt translations loaded for: en
2026-08-07 13:43:48 - src.controllers.main_controller - INFO - Language changed to: en
2026-08-07 13:43:48 - src.ui.main_window - DEBUG - Login dialog retranslated
2026-08-07 13:43:48 - src.storage.flashcard_repository - DEBUG - Loaded progress for user '1' from C:\Users\And\PythonProjects\FlashcardApp\data\flashcards\073af40a-153f-4940-a305-5f4b764f92c4\progress\1.json (2 card records)
2026-08-07 13:43:48 - src.storage.flashcard_repository - DEBUG - Loaded progress for user '1' from C:\Users\And\PythonProjects\FlashcardApp\data\flashcards\8f348fc7-0545-413c-96c6-52b0800b4ef0\progress\1.json (2 card records)
2026-08-07 13:43:48 - src.storage.flashcard_repository - DEBUG - No saved deck progress for user '1' at C:\Users\And\PythonProjects\FlashcardApp\data\flashcards\4b6715a7-8457-4888-957e-142f8c606b16\progress\1.json
2026-08-07 13:43:48 - src.storage.quiz_repository - DEBUG - No saved quiz progress for user '1' at C:\Users\And\PythonProjects\FlashcardApp\data\quizzes\4d6e1a55-f5bd-4ec6-9911-5318ef748a9a\progress\1.json
2026-08-07 13:43:48 - src.storage.quiz_repository - DEBUG - No saved quiz progress for user '1' at C:\Users\And\PythonProjects\FlashcardApp\data\quizzes\da5430fa-b771-4262-9383-90e4e3abc3f0\progress\1.json
2026-08-07 13:43:48 - src.storage.quiz_repository - DEBUG - No saved quiz progress for user '1' at C:\Users\And\PythonProjects\FlashcardApp\data\quizzes\3910b06b-7c01-45b2-87e4-d8e426dc9d68\progress\1.json
2026-08-07 13:43:48 - src.storage.quiz_repository - DEBUG - No saved quiz progress for user '1' at C:\Users\And\PythonProjects\FlashcardApp\data\quizzes\62a23948-edff-4725-9623-b174e1fe084b\progress\1.json
2026-08-07 13:43:48 - src.ui.main_window - INFO - Language changed to: en
2026-08-07 13:43:59 - src.logic.user_session - INFO - Session ended for: Admin User
2026-08-07 13:43:59 - src.logic.translator - INFO - Language changed to: en
2026-08-07 13:43:59 - src.controllers.main_controller - INFO - User logged out
2026-08-07 13:43:59 - src.logic.app_settings - DEBUG - Settings saved
2026-08-07 13:43:59 - src.ui.main_window - INFO - Applied light theme
2026-08-07 13:43:59 - src.logic.translator - INFO - Language changed to: en
2026-08-07 13:43:59 - src.logic.app_settings - DEBUG - Settings saved
2026-08-07 13:43:59 - src.main - INFO - Qt translations loaded for: en
2026-08-07 13:43:59 - src.controllers.main_controller - INFO - Language changed to: en
2026-08-07 13:43:59 - src.ui.main_window - DEBUG - Login dialog retranslated
2026-08-07 13:43:59 - src.storage.flashcard_repository - DEBUG - Loaded progress for user '1' from C:\Users\And\PythonProjects\FlashcardApp\data\flashcards\073af40a-153f-4940-a305-5f4b764f92c4\progress\1.json (2 card records)
2026-08-07 13:43:59 - src.storage.flashcard_repository - DEBUG - Loaded progress for user '1' from C:\Users\And\PythonProjects\FlashcardApp\data\flashcards\8f348fc7-0545-413c-96c6-52b0800b4ef0\progress\1.json (2 card records)
2026-08-07 13:43:59 - src.storage.flashcard_repository - DEBUG - No saved deck progress for user '1' at C:\Users\And\PythonProjects\FlashcardApp\data\flashcards\4b6715a7-8457-4888-957e-142f8c606b16\progress\1.json
2026-08-07 13:43:59 - src.storage.quiz_repository - DEBUG - No saved quiz progress for user '1' at C:\Users\And\PythonProjects\FlashcardApp\data\quizzes\4d6e1a55-f5bd-4ec6-9911-5318ef748a9a\progress\1.json
2026-08-07 13:43:59 - src.storage.quiz_repository - DEBUG - No saved quiz progress for user '1' at C:\Users\And\PythonProjects\FlashcardApp\data\quizzes\da5430fa-b771-4262-9383-90e4e3abc3f0\progress\1.json
2026-08-07 13:43:59 - src.storage.quiz_repository - DEBUG - No saved quiz progress for user '1' at C:\Users\And\PythonProjects\FlashcardApp\data\quizzes\3910b06b-7c01-45b2-87e4-d8e426dc9d68\progress\1.json
2026-08-07 13:43:59 - src.storage.quiz_repository - DEBUG - No saved quiz progress for user '1' at C:\Users\And\PythonProjects\FlashcardApp\data\quizzes\62a23948-edff-4725-9623-b174e1fe084b\progress\1.json
2026-08-07 13:43:59 - src.ui.main_window - INFO - Language changed to: en
2026-08-07 13:43:59 - src.ui.main_window - INFO - Logged out, returned to guest mode
2026-08-07 13:44:00 - src.ui.main_window - DEBUG - Opened login dialog
2026-08-07 13:44:06 - src.storage.user_repository - WARNING - Blocked login attempt for disabled account: student
2026-08-07 13:44:06 - src.storage.user_repository - WARNING - Blocked login attempt for disabled account: student
2026-08-07 13:47:35 - src.ui.main_window - DEBUG - Opened login dialog
2026-08-07 13:47:40 - src.storage.user_repository - INFO - User authenticated: admin (role: admin)
2026-08-07 13:47:40 - src.logic.user_session - INFO - Session started for: Admin User
2026-08-07 13:47:40 - src.logic.translator - INFO - Language changed to: en
2026-08-07 13:47:40 - src.ui.main_window - INFO - Login successful: Admin User
2026-08-07 13:47:40 - src.ui.main_window - INFO - Applied light theme
2026-08-07 13:47:40 - src.logic.translator - INFO - Language changed to: en
2026-08-07 13:47:40 - src.main - INFO - Qt translations loaded for: en
2026-08-07 13:47:40 - src.controllers.main_controller - INFO - Language changed to: en
2026-08-07 13:47:40 - src.ui.main_window - DEBUG - Login dialog retranslated
2026-08-07 13:47:40 - src.storage.flashcard_repository - DEBUG - Loaded progress for user '1' from C:\Users\And\PythonProjects\FlashcardApp\data\flashcards\073af40a-153f-4940-a305-5f4b764f92c4\progress\1.json (2 card records)
2026-08-07 13:47:40 - src.storage.flashcard_repository - DEBUG - Loaded progress for user '1' from C:\Users\And\PythonProjects\FlashcardApp\data\flashcards\8f348fc7-0545-413c-96c6-52b0800b4ef0\progress\1.json (2 card records)
2026-08-07 13:47:40 - src.storage.flashcard_repository - DEBUG - No saved deck progress for user '1' at C:\Users\And\PythonProjects\FlashcardApp\data\flashcards\4b6715a7-8457-4888-957e-142f8c606b16\progress\1.json
2026-08-07 13:47:40 - src.storage.quiz_repository - DEBUG - No saved quiz progress for user '1' at C:\Users\And\PythonProjects\FlashcardApp\data\quizzes\4d6e1a55-f5bd-4ec6-9911-5318ef748a9a\progress\1.json
2026-08-07 13:47:40 - src.storage.quiz_repository - DEBUG - No saved quiz progress for user '1' at C:\Users\And\PythonProjects\FlashcardApp\data\quizzes\da5430fa-b771-4262-9383-90e4e3abc3f0\progress\1.json
2026-08-07 13:47:40 - src.storage.quiz_repository - DEBUG - No saved quiz progress for user '1' at C:\Users\And\PythonProjects\FlashcardApp\data\quizzes\3910b06b-7c01-45b2-87e4-d8e426dc9d68\progress\1.json
2026-08-07 13:47:40 - src.storage.quiz_repository - DEBUG - No saved quiz progress for user '1' at C:\Users\And\PythonProjects\FlashcardApp\data\quizzes\62a23948-edff-4725-9623-b174e1fe084b\progress\1.json
2026-08-07 13:47:40 - src.ui.main_window - INFO - Language changed to: en
2026-08-07 13:54:22 - root - INFO - Logging initialized. File: C:\Users\And\PythonProjects\FlashcardApp\logs\quiz_app.log
2026-08-07 13:54:23 - __main__ - INFO - Qt translations loaded for: en
2026-08-07 13:54:23 - src.logic.translator - INFO - Language changed to: en
2026-08-07 13:54:23 - src.controllers.main_controller - INFO - MainController initialized
2026-08-07 13:54:23 - src.logic.app_settings - DEBUG - Settings saved
2026-08-07 13:54:23 - src.ui.main_window - INFO - Applied light theme
2026-08-07 13:54:23 - src.logic.user_session - INFO - Session ended for: guest
2026-08-07 13:54:23 - src.controllers.main_controller - INFO - Continuing as guest
2026-08-07 13:54:23 - __main__ - INFO - Qt translations loaded for: en
2026-08-07 13:54:23 - __main__ - INFO - Application started successfully
2026-08-07 13:54:24 - src.ui.main_window - DEBUG - Opened login dialog
2026-08-07 13:54:30 - src.storage.user_repository - WARNING - Blocked login attempt for disabled account: student
2026-08-07 13:54:36 - src.storage.user_repository - WARNING - Blocked login attempt for disabled account: student
2026-08-07 13:54:40 - src.storage.user_repository - WARNING - Blocked login attempt for disabled account: student
2026-08-07 13:54:42 - src.storage.user_repository - WARNING - Blocked login attempt for disabled account: student
2026-08-07 13:54:48 - src.storage.user_repository - INFO - User authenticated: admin (role: admin)
2026-08-07 13:54:48 - src.logic.user_session - INFO - Session started for: Admin User
2026-08-07 13:54:48 - src.logic.translator - INFO - Language changed to: en
2026-08-07 13:54:48 - src.ui.main_window - INFO - Login successful: Admin User
2026-08-07 13:54:48 - src.ui.main_window - INFO - Applied light theme
2026-08-07 13:54:48 - src.logic.translator - INFO - Language changed to: en
2026-08-07 13:54:48 - src.main - INFO - Qt translations loaded for: en
2026-08-07 13:54:48 - src.controllers.main_controller - INFO - Language changed to: en
2026-08-07 13:54:48 - src.ui.main_window - DEBUG - Login dialog retranslated
2026-08-07 13:54:48 - src.ui.main_window - INFO - Language changed to: en
2026-08-07 13:56:18 - src.ui.main_window - INFO - Applied light theme
2026-08-07 13:56:18 - src.ui.main_window - DEBUG - Settings panel shown with overlay
2026-08-07 13:56:20 - src.ui.main_window - INFO - Applied dark theme
2026-08-07 13:56:20 - src.ui.main_window - DEBUG - Settings panel and overlay hidden
2026-08-07 13:56:28 - src.ui.main_window - DEBUG - Settings panel shown with overlay
2026-08-07 13:56:29 - src.ui.main_window - INFO - Applied light theme
2026-08-07 13:56:30 - src.ui.main_window - DEBUG - Settings panel and overlay hidden
2026-08-07 13:58:59 - root - INFO - Logging initialized. File: C:\Users\And\PythonProjects\FlashcardApp\logs\quiz_app.log
2026-08-07 13:58:59 - __main__ - INFO - Qt translations loaded for: en
2026-08-07 13:58:59 - src.logic.translator - INFO - Language changed to: en
2026-08-07 13:58:59 - src.controllers.main_controller - INFO - MainController initialized
2026-08-07 13:59:00 - src.logic.app_settings - DEBUG - Settings saved
2026-08-07 13:59:00 - src.ui.main_window - INFO - Applied light theme
2026-08-07 13:59:00 - src.logic.user_session - INFO - Session ended for: guest
2026-08-07 13:59:00 - src.controllers.main_controller - INFO - Continuing as guest
2026-08-07 13:59:00 - __main__ - INFO - Qt translations loaded for: en
2026-08-07 13:59:00 - __main__ - INFO - Application started successfully
2026-08-07 13:59:02 - src.ui.main_window - DEBUG - Opened login dialog
2026-08-07 13:59:09 - src.storage.user_repository - INFO - User authenticated: student (role: student)
2026-08-07 13:59:09 - src.logic.user_session - INFO - Session started for: Student User
2026-08-07 13:59:09 - src.logic.translator - INFO - Language changed to: en
2026-08-07 13:59:09 - src.ui.main_window - INFO - Login successful: Student User
2026-08-07 13:59:09 - src.ui.main_window - INFO - Applied dark theme
2026-08-07 13:59:09 - src.logic.translator - INFO - Language changed to: en
2026-08-07 13:59:09 - src.main - INFO - Qt translations loaded for: en
2026-08-07 13:59:09 - src.controllers.main_controller - INFO - Language changed to: en
2026-08-07 13:59:09 - src.ui.main_window - DEBUG - Login dialog retranslated
2026-08-07 13:59:09 - src.ui.main_window - INFO - Language changed to: en
2026-08-07 13:59:14 - src.logic.user_session - INFO - Session ended for: Student User
2026-08-07 13:59:14 - src.logic.translator - INFO - Language changed to: en
2026-08-07 13:59:14 - src.controllers.main_controller - INFO - User logged out
2026-08-07 13:59:14 - src.logic.app_settings - DEBUG - Settings saved
2026-08-07 13:59:14 - src.ui.main_window - INFO - Applied light theme
2026-08-07 13:59:14 - src.logic.translator - INFO - Language changed to: en
2026-08-07 13:59:14 - src.logic.app_settings - DEBUG - Settings saved
2026-08-07 13:59:14 - src.main - INFO - Qt translations loaded for: en
2026-08-07 13:59:14 - src.controllers.main_controller - INFO - Language changed to: en
2026-08-07 13:59:14 - src.ui.main_window - DEBUG - Login dialog retranslated
2026-08-07 13:59:14 - src.ui.main_window - INFO - Language changed to: en
2026-08-07 13:59:14 - src.ui.main_window - INFO - Logged out, returned to guest mode
2026-08-07 13:59:15 - src.ui.main_window - DEBUG - Opened login dialog
2026-08-07 13:59:19 - src.storage.user_repository - INFO - User authenticated: admin (role: admin)
2026-08-07 13:59:19 - src.logic.user_session - INFO - Session started for: Admin User
2026-08-07 13:59:19 - src.logic.translator - INFO - Language changed to: en
2026-08-07 13:59:19 - src.ui.main_window - INFO - Login successful: Admin User
2026-08-07 13:59:19 - src.ui.main_window - INFO - Applied light theme
2026-08-07 13:59:19 - src.logic.translator - INFO - Language changed to: en
2026-08-07 13:59:19 - src.main - INFO - Qt translations loaded for: en
2026-08-07 13:59:19 - src.controllers.main_controller - INFO - Language changed to: en
2026-08-07 13:59:19 - src.ui.main_window - DEBUG - Login dialog retranslated
2026-08-07 13:59:19 - src.ui.main_window - INFO - Language changed to: en
2026-08-07 13:59:40 - src.ui.main_window - INFO - Applied light theme
2026-08-07 13:59:40 - src.ui.main_window - DEBUG - Settings panel shown with overlay
2026-08-07 13:59:42 - src.ui.main_window - INFO - Applied dark theme
2026-08-07 13:59:42 - src.ui.main_window - DEBUG - Settings panel and overlay hidden
2026-08-07 13:59:52 - src.logic.user_session - INFO - Session ended for: Admin User
2026-08-07 13:59:52 - src.logic.translator - INFO - Language changed to: en
2026-08-07 13:59:52 - src.controllers.main_controller - INFO - User logged out
2026-08-07 13:59:52 - src.logic.app_settings - DEBUG - Settings saved
2026-08-07 13:59:52 - src.ui.main_window - INFO - Applied light theme
2026-08-07 13:59:52 - src.logic.translator - INFO - Language changed to: en
2026-08-07 13:59:52 - src.logic.app_settings - DEBUG - Settings saved
2026-08-07 13:59:52 - src.main - INFO - Qt translations loaded for: en
2026-08-07 13:59:52 - src.controllers.main_controller - INFO - Language changed to: en
2026-08-07 13:59:52 - src.ui.main_window - DEBUG - Settings panel retranslated
2026-08-07 13:59:52 - src.ui.main_window - DEBUG - Login dialog retranslated
2026-08-07 13:59:52 - src.ui.main_window - INFO - Language changed to: en
2026-08-07 13:59:52 - src.ui.main_window - INFO - Logged out, returned to guest mode
2026-08-07 13:59:53 - src.ui.main_window - DEBUG - Opened login dialog
2026-08-07 14:00:02 - src.storage.user_repository - WARNING - Blocked login attempt for disabled account: student
2026-08-07 14:00:14 - src.storage.user_repository - WARNING - Blocked login attempt for disabled account: student
2026-08-07 14:00:17 - src.storage.user_repository - WARNING - Blocked login attempt for disabled account: student
2026-08-07 15:09:34 - src.ui.main_window - DEBUG - Opened login dialog
2026-08-07 15:09:37 - src.storage.user_repository - WARNING - Blocked login attempt for disabled account: student
2026-08-07 15:09:52 - src.storage.user_repository - INFO - User authenticated: admin (role: admin)
2026-08-07 15:09:52 - src.logic.user_session - INFO - Session started for: Admin User
2026-08-07 15:09:52 - src.logic.translator - INFO - Language changed to: en
2026-08-07 15:09:52 - src.ui.main_window - INFO - Login successful: Admin User
2026-08-07 15:09:52 - src.ui.main_window - INFO - Applied dark theme
2026-08-07 15:09:52 - src.logic.translator - INFO - Language changed to: en
2026-08-07 15:09:52 - src.main - INFO - Qt translations loaded for: en
2026-08-07 15:09:52 - src.controllers.main_controller - INFO - Language changed to: en
2026-08-07 15:09:52 - src.ui.main_window - DEBUG - Settings panel retranslated
2026-08-07 15:09:52 - src.ui.main_window - DEBUG - Login dialog retranslated
2026-08-07 15:09:52 - src.ui.main_window - INFO - Language changed to: en
2026-08-07 15:09:57 - src.logic.user_session - INFO - Session ended for: Admin User
2026-08-07 15:09:57 - src.logic.translator - INFO - Language changed to: en
2026-08-07 15:09:57 - src.controllers.main_controller - INFO - User logged out
2026-08-07 15:09:57 - src.logic.app_settings - DEBUG - Settings saved
2026-08-07 15:09:57 - src.ui.main_window - INFO - Applied light theme
2026-08-07 15:09:57 - src.logic.translator - INFO - Language changed to: en
2026-08-07 15:09:57 - src.logic.app_settings - DEBUG - Settings saved
2026-08-07 15:09:57 - src.main - INFO - Qt translations loaded for: en
2026-08-07 15:09:57 - src.controllers.main_controller - INFO - Language changed to: en
2026-08-07 15:09:57 - src.ui.main_window - DEBUG - Settings panel retranslated
2026-08-07 15:09:57 - src.ui.main_window - DEBUG - Login dialog retranslated
2026-08-07 15:09:57 - src.ui.main_window - INFO - Language changed to: en
2026-08-07 15:09:57 - src.ui.main_window - INFO - Logged out, returned to guest mode
2026-08-07 15:12:53 - src.ui.main_window - DEBUG - Opened login dialog
2026-08-07 15:12:57 - src.storage.user_repository - INFO - User authenticated: admin (role: admin)
2026-08-07 15:12:57 - src.logic.user_session - INFO - Session started for: Admin User
2026-08-07 15:12:57 - src.logic.translator - INFO - Language changed to: en
2026-08-07 15:12:57 - src.ui.main_window - INFO - Login successful: Admin User
2026-08-07 15:12:57 - src.ui.main_window - INFO - Applied dark theme
2026-08-07 15:12:57 - src.logic.translator - INFO - Language changed to: en
2026-08-07 15:12:57 - src.main - INFO - Qt translations loaded for: en
2026-08-07 15:12:57 - src.controllers.main_controller - INFO - Language changed to: en
2026-08-07 15:12:57 - src.ui.main_window - DEBUG - Settings panel retranslated
2026-08-07 15:12:57 - src.ui.main_window - DEBUG - Login dialog retranslated
2026-08-07 15:12:57 - src.ui.main_window - INFO - Language changed to: en
2026-08-07 15:12:58 - src.ui.main_window - DEBUG - Settings panel shown with overlay
2026-08-07 15:13:00 - src.ui.main_window - INFO - Applied light theme
2026-08-07 15:13:00 - src.ui.main_window - DEBUG - Settings panel and overlay hidden
2026-08-07 15:13:07 - src.ui.main_window - INFO - Launched QuizEditor
2026-08-07 15:13:10 - src.controllers.quiz_editor_controller - INFO - Loaded quiz: General Quiz (Copy) (Copy)asd with 6 questions
2026-08-07 15:30:32 - root - INFO - Logging initialized. File: C:\Users\And\PythonProjects\FlashcardApp\logs\quiz_app.log
2026-08-07 15:30:32 - __main__ - INFO - Qt translations loaded for: en
2026-08-07 15:30:32 - src.logic.translator - INFO - Language changed to: en
2026-08-07 15:30:32 - src.controllers.main_controller - INFO - MainController initialized
2026-08-07 15:30:32 - src.logic.app_settings - DEBUG - Settings saved
2026-08-07 15:30:32 - src.ui.main_window - INFO - Applied light theme
2026-08-07 15:30:32 - src.logic.user_session - INFO - Session ended for: guest
2026-08-07 15:30:32 - src.controllers.main_controller - INFO - Continuing as guest
2026-08-07 15:30:32 - __main__ - INFO - Qt translations loaded for: en
2026-08-07 15:30:32 - __main__ - INFO - Application started successfully
2026-08-07 15:30:34 - src.ui.main_window - DEBUG - Opened login dialog
2026-08-07 15:30:39 - src.storage.user_repository - INFO - User authenticated: admin (role: admin)
2026-08-07 15:30:39 - src.logic.user_session - INFO - Session started for: Admin User
2026-08-07 15:30:39 - src.logic.translator - INFO - Language changed to: en
2026-08-07 15:30:39 - src.ui.main_window - INFO - Login successful: Admin User
2026-08-07 15:30:39 - src.ui.main_window - INFO - Applied light theme
2026-08-07 15:30:39 - src.logic.translator - INFO - Language changed to: en
2026-08-07 15:30:39 - src.main - INFO - Qt translations loaded for: en
2026-08-07 15:30:39 - src.controllers.main_controller - INFO - Language changed to: en
2026-08-07 15:30:39 - src.ui.main_window - DEBUG - Login dialog retranslated
2026-08-07 15:30:39 - src.ui.main_window - INFO - Language changed to: en
2026-08-07 15:34:40 - root - INFO - Logging initialized. File: C:\Users\And\PythonProjects\FlashcardApp\logs\quiz_app.log
2026-08-07 15:34:40 - __main__ - INFO - Qt translations loaded for: en
2026-08-07 15:34:40 - src.logic.translator - INFO - Language changed to: en
2026-08-07 15:34:40 - src.controllers.main_controller - INFO - MainController initialized
2026-08-07 15:34:41 - src.logic.app_settings - DEBUG - Settings saved
2026-08-07 15:34:41 - src.ui.main_window - INFO - Applied light theme
2026-08-07 15:34:41 - src.logic.user_session - INFO - Session ended for: guest
2026-08-07 15:34:41 - src.controllers.main_controller - INFO - Continuing as guest
2026-08-07 15:34:41 - __main__ - INFO - Qt translations loaded for: en
2026-08-07 15:34:41 - __main__ - INFO - Application started successfully
2026-08-07 15:37:41 - root - INFO - Logging initialized. File: C:\Users\And\PythonProjects\FlashcardApp\logs\quiz_app.log
2026-08-07 15:37:41 - __main__ - INFO - Qt translations loaded for: en
2026-08-07 15:37:41 - src.logic.translator - INFO - Language changed to: en
2026-08-07 15:37:41 - src.controllers.main_controller - INFO - MainController initialized
2026-08-07 15:37:42 - src.logic.app_settings - DEBUG - Settings saved
2026-08-07 15:37:42 - src.ui.main_window - INFO - Applied light theme
2026-08-07 15:37:42 - src.logic.user_session - INFO - Session ended for: guest
2026-08-07 15:37:42 - src.controllers.main_controller - INFO - Continuing as guest
2026-08-07 15:37:42 - __main__ - INFO - Qt translations loaded for: en
2026-08-07 15:37:42 - __main__ - INFO - Application started successfully
2026-08-07 15:37:49 - src.ui.main_window - DEBUG - Opened login dialog
2026-08-07 15:37:55 - src.storage.user_repository - WARNING - Blocked login attempt for disabled account: student
2026-08-07 15:37:57 - src.storage.user_repository - WARNING - Blocked login attempt for disabled account: student
2026-08-07 15:39:45 - src.storage.user_repository - WARNING - Authentication failed for login: student2
2026-08-07 15:39:46 - src.storage.user_repository - WARNING - Authentication failed for login: student2
2026-08-07 15:39:46 - src.storage.user_repository - WARNING - Authentication failed for login: student2
2026-08-07 15:39:50 - src.storage.user_repository - WARNING - Authentication failed for login: student2
2026-08-07 15:39:51 - src.storage.user_repository - WARNING - Authentication failed for login: student2
2026-08-07 15:39:51 - src.storage.user_repository - WARNING - Authentication failed for login: student2
2026-08-07 15:39:51 - src.storage.user_repository - WARNING - Authentication failed for login: student2
2026-08-07 15:39:51 - src.storage.user_repository - WARNING - Authentication failed for login: student2
2026-08-07 15:39:51 - src.storage.user_repository - WARNING - Authentication failed for login: student2
2026-08-07 15:39:52 - src.storage.user_repository - WARNING - Authentication failed for login: student2
2026-08-07 15:39:52 - src.storage.user_repository - WARNING - Authentication failed for login: student2
2026-08-07 15:39:55 - src.storage.user_repository - WARNING - Authentication failed for login: student2
2026-08-07 15:39:55 - src.storage.user_repository - WARNING - Authentication failed for login: student2
2026-08-07 15:40:19 - src.storage.user_repository - WARNING - Authentication failed for login: student2
2026-08-07 15:40:19 - src.storage.user_repository - WARNING - Authentication failed for login: student2
2026-08-07 15:40:22 - src.storage.user_repository - WARNING - Authentication failed for login: student2
2026-08-07 15:40:22 - src.storage.user_repository - WARNING - Authentication failed for login: student2
2026-08-07 15:40:25 - src.storage.user_repository - WARNING - Authentication failed for login: student2
2026-08-07 15:40:25 - src.storage.user_repository - WARNING - Authentication failed for login: student2
2026-08-07 15:40:26 - src.storage.user_repository - WARNING - Authentication failed for login: student2
2026-08-07 15:40:26 - src.storage.user_repository - WARNING - Authentication failed for login: student2
2026-08-07 15:40:26 - src.storage.user_repository - WARNING - Authentication failed for login: student2
2026-08-07 15:40:26 - src.storage.user_repository - WARNING - Authentication failed for login: student2
2026-08-07 15:40:26 - src.storage.user_repository - WARNING - Authentication failed for login: student2
2026-08-07 15:40:26 - src.storage.user_repository - WARNING - Authentication failed for login: student2
2026-08-07 15:40:26 - src.storage.user_repository - WARNING - Authentication failed for login: student2
2026-08-07 15:40:26 - src.storage.user_repository - WARNING - Authentication failed for login: student2
2026-08-07 15:40:29 - src.storage.user_repository - WARNING - Authentication failed for login: student2
2026-08-07 15:40:29 - src.storage.user_repository - WARNING - Authentication failed for login: student2
2026-08-07 15:40:30 - src.storage.user_repository - WARNING - Authentication failed for login: student2
2026-08-07 15:40:30 - src.storage.user_repository - WARNING - Authentication failed for login: student2
2026-08-07 15:40:30 - src.storage.user_repository - WARNING - Authentication failed for login: student2
2026-08-07 15:40:30 - src.storage.user_repository - WARNING - Authentication failed for login: student2
2026-08-07 15:40:31 - src.storage.user_repository - WARNING - Authentication failed for login: student2
2026-08-07 15:40:31 - src.storage.user_repository - WARNING - Authentication failed for login: student2
2026-08-07 15:40:32 - src.storage.user_repository - WARNING - Authentication failed for login: student2
2026-08-07 15:40:32 - src.storage.user_repository - WARNING - Authentication failed for login: student2
2026-08-07 15:40:32 - src.storage.user_repository - WARNING - Authentication failed for login: student2
2026-08-07 15:40:32 - src.storage.user_repository - WARNING - Authentication failed for login: student2
2026-08-07 15:40:33 - src.storage.user_repository - WARNING - Authentication failed for login: student2
2026-08-07 15:40:33 - src.storage.user_repository - WARNING - Authentication failed for login: student2
2026-08-07 15:40:40 - src.storage.user_repository - INFO - User authenticated: admin (role: admin)
2026-08-07 15:40:40 - src.logic.user_session - INFO - Session started for: Admin User
2026-08-07 15:40:40 - src.logic.translator - INFO - Language changed to: en
2026-08-07 15:40:40 - src.ui.main_window - INFO - Login successful: Admin User
2026-08-07 15:40:40 - src.ui.main_window - INFO - Applied light theme
2026-08-07 15:40:40 - src.logic.translator - INFO - Language changed to: en
2026-08-07 15:40:40 - src.main - INFO - Qt translations loaded for: en
2026-08-07 15:40:40 - src.controllers.main_controller - INFO - Language changed to: en
2026-08-07 15:40:40 - src.ui.main_window - DEBUG - Login dialog retranslated
2026-08-07 15:40:40 - src.ui.main_window - INFO - Language changed to: en
2026-08-07 15:40:59 - src.ui.main_window - INFO - Launched QuizEditor
2026-08-07 15:42:14 - src.logic.user_session - INFO - Session ended for: Admin User
2026-08-07 15:42:14 - src.logic.translator - INFO - Language changed to: en
2026-08-07 15:42:14 - src.controllers.main_controller - INFO - User logged out
2026-08-07 15:42:14 - src.logic.app_settings - DEBUG - Settings saved
2026-08-07 15:42:14 - src.ui.main_window - INFO - Applied light theme
2026-08-07 15:42:14 - src.logic.translator - INFO - Language changed to: en
2026-08-07 15:42:14 - src.logic.app_settings - DEBUG - Settings saved
2026-08-07 15:42:14 - src.main - INFO - Qt translations loaded for: en
2026-08-07 15:42:14 - src.controllers.main_controller - INFO - Language changed to: en
2026-08-07 15:42:14 - src.ui.main_window - DEBUG - Login dialog retranslated
2026-08-07 15:42:14 - src.ui.main_window - INFO - Language changed to: en
2026-08-07 15:42:14 - src.ui.main_window - INFO - Logged out, returned to guest mode
2026-08-07 15:42:15 - src.ui.main_window - DEBUG - Opened login dialog
2026-08-07 15:42:24 - src.storage.user_repository - WARNING - Authentication failed for login: student32
2026-08-07 15:42:24 - src.storage.user_repository - WARNING - Authentication failed for login: student32
2026-08-07 15:42:30 - src.storage.user_repository - INFO - User authenticated: student32 (role: student)
2026-08-07 15:42:30 - src.logic.user_session - INFO - Session started for: student32
2026-08-07 15:42:30 - src.logic.translator - INFO - Language changed to: en
2026-08-07 15:42:30 - src.ui.main_window - INFO - Login successful: student32
2026-08-07 15:42:30 - src.ui.main_window - INFO - Applied light theme
2026-08-07 15:42:30 - src.logic.translator - INFO - Language changed to: en
2026-08-07 15:42:30 - src.main - INFO - Qt translations loaded for: en
2026-08-07 15:42:30 - src.controllers.main_controller - INFO - Language changed to: en
2026-08-07 15:42:30 - src.ui.main_window - DEBUG - Login dialog retranslated
2026-08-07 15:42:30 - src.ui.main_window - INFO - Language changed to: en
2026-08-07 15:43:31 - root - INFO - Logging initialized. File: C:\Users\And\PythonProjects\FlashcardApp\logs\quiz_app.log
2026-08-07 15:43:31 - __main__ - INFO - Qt translations loaded for: en
2026-08-07 15:43:31 - src.logic.translator - INFO - Language changed to: en
2026-08-07 15:43:31 - src.controllers.main_controller - INFO - MainController initialized
2026-08-07 15:43:31 - src.logic.app_settings - DEBUG - Settings saved
2026-08-07 15:43:31 - src.ui.main_window - INFO - Applied light theme
2026-08-07 15:43:31 - src.logic.user_session - INFO - Session ended for: guest
2026-08-07 15:43:31 - src.controllers.main_controller - INFO - Continuing as guest
2026-08-07 15:43:31 - __main__ - INFO - Qt translations loaded for: en
2026-08-07 15:43:31 - __main__ - INFO - Application started successfully
2026-08-07 15:45:22 - root - INFO - Logging initialized. File: C:\Users\And\PythonProjects\FlashcardApp\logs\quiz_app.log
2026-08-07 15:45:22 - __main__ - INFO - Qt translations loaded for: en
2026-08-07 15:45:22 - src.logic.translator - INFO - Language changed to: en
2026-08-07 15:45:22 - src.controllers.main_controller - INFO - MainController initialized
2026-08-07 15:45:23 - src.logic.app_settings - DEBUG - Settings saved
2026-08-07 15:45:23 - src.ui.main_window - INFO - Applied light theme
2026-08-07 15:45:23 - src.logic.user_session - INFO - Session ended for: guest
2026-08-07 15:45:23 - src.controllers.main_controller - INFO - Continuing as guest
2026-08-07 15:45:23 - __main__ - INFO - Qt translations loaded for: en
2026-08-07 15:45:23 - __main__ - INFO - Application started successfully
2026-08-07 15:45:29 - src.logic.app_settings - DEBUG - Settings saved
2026-08-07 15:45:29 - src.ui.main_window - INFO - Applied light theme
2026-08-07 15:45:29 - src.ui.main_window - DEBUG - Settings panel shown with overlay
2026-08-07 15:45:30 - src.ui.main_window - DEBUG - Settings panel and overlay hidden
2026-08-07 15:45:32 - src.ui.main_window - DEBUG - Settings panel shown with overlay
2026-08-07 15:45:33 - src.ui.main_window - DEBUG - Settings panel and overlay hidden
2026-08-07 15:45:36 - src.controllers.flashcard_controller - INFO - FlashcardController initialized
2026-08-07 15:45:36 - src.utils.text_to_speech - INFO - Text-to-speech engine 'sapi' is ready
2026-08-07 15:45:36 - src.storage.flashcard_repository - DEBUG - No saved deck progress for user 'guest' at C:\Users\And\PythonProjects\FlashcardApp\data\flashcards\073af40a-153f-4940-a305-5f4b764f92c4\progress\guest.json
2026-08-07 15:45:36 - src.storage.flashcard_repository - DEBUG - No saved deck progress for user 'guest' at C:\Users\And\PythonProjects\FlashcardApp\data\flashcards\8f348fc7-0545-413c-96c6-52b0800b4ef0\progress\guest.json
2026-08-07 15:45:36 - src.storage.flashcard_repository - DEBUG - No saved deck progress for user 'guest' at C:\Users\And\PythonProjects\FlashcardApp\data\flashcards\073af40a-153f-4940-a305-5f4b764f92c4\progress\guest.json
2026-08-07 15:45:36 - src.storage.flashcard_repository - DEBUG - No saved deck progress for user 'guest' at C:\Users\And\PythonProjects\FlashcardApp\data\flashcards\8f348fc7-0545-413c-96c6-52b0800b4ef0\progress\guest.json
2026-08-07 15:45:36 - src.ui.main_window - INFO - Launched FlashcardViewer
2026-08-07 15:45:37 - src.storage.flashcard_repository - DEBUG - No saved deck progress for user 'guest' at C:\Users\And\PythonProjects\FlashcardApp\data\flashcards\073af40a-153f-4940-a305-5f4b764f92c4\progress\guest.json
2026-08-07 15:45:37 - src.storage.flashcard_repository - DEBUG - No saved deck progress for user 'guest' at C:\Users\And\PythonProjects\FlashcardApp\data\flashcards\8f348fc7-0545-413c-96c6-52b0800b4ef0\progress\guest.json
2026-08-07 15:45:37 - src.controllers.flashcard_controller - INFO - Starting deck 'Sample Deck Copy' for user 'guest'
2026-08-07 15:45:37 - src.storage.flashcard_repository - DEBUG - No saved deck progress for user 'guest' at C:\Users\And\PythonProjects\FlashcardApp\data\flashcards\8f348fc7-0545-413c-96c6-52b0800b4ef0\progress\guest.json
2026-08-07 15:45:37 - src.controllers.flashcard_controller - INFO - Deck 'Sample Deck Copy' started: 2 total cards, 2 cards in learning queue
2026-08-07 15:45:39 - src.storage.flashcard_repository - DEBUG - Saved progress for user 'guest' to C:\Users\And\PythonProjects\FlashcardApp\data\flashcards\8f348fc7-0545-413c-96c6-52b0800b4ef0\progress\guest.json (1 card records)
2026-08-07 15:45:39 - src.controllers.flashcard_controller - INFO - Recorded correct attempt for flashcard '66cac1b9-229f-431e-b1b7-b95573389fd5': correct=1 wrong=0
2026-08-07 15:45:39 - src.storage.flashcard_repository - DEBUG - Saved progress for user 'guest' to C:\Users\And\PythonProjects\FlashcardApp\data\flashcards\8f348fc7-0545-413c-96c6-52b0800b4ef0\progress\guest.json (2 card records)
2026-08-07 15:45:39 - src.controllers.flashcard_controller - INFO - Recorded correct attempt for flashcard 'da37e2d4-5d91-40ea-9774-a27e7e5f5ba7': correct=1 wrong=0
2026-08-07 15:45:39 - src.controllers.flashcard_controller - INFO - Study session complete
2026-08-07 15:45:40 - src.ui.flashcard_viewer - INFO - Returning to deck selection menu.
2026-08-07 15:45:40 - src.storage.flashcard_repository - DEBUG - No saved deck progress for user 'guest' at C:\Users\And\PythonProjects\FlashcardApp\data\flashcards\073af40a-153f-4940-a305-5f4b764f92c4\progress\guest.json
2026-08-07 15:45:40 - src.storage.flashcard_repository - DEBUG - Loaded progress for user 'guest' from C:\Users\And\PythonProjects\FlashcardApp\data\flashcards\8f348fc7-0545-413c-96c6-52b0800b4ef0\progress\guest.json (2 card records)
2026-08-07 15:45:40 - src.controllers.flashcard_controller - INFO - Ending session. Stats: {'known': 2, 'unknown': 0}
2026-08-07 15:45:44 - src.ui.main_window - DEBUG - Opened login dialog
2026-08-07 15:45:47 - src.storage.user_repository - INFO - User authenticated: admin (role: admin)
2026-08-07 15:45:47 - src.logic.user_session - INFO - Session started for: Admin User
2026-08-07 15:45:47 - src.logic.translator - INFO - Language changed to: en
2026-08-07 15:45:47 - src.ui.main_window - INFO - Login successful: Admin User
2026-08-07 15:45:47 - src.ui.main_window - INFO - Applied light theme
2026-08-07 15:45:47 - src.logic.translator - INFO - Language changed to: en
2026-08-07 15:45:47 - src.main - INFO - Qt translations loaded for: en
2026-08-07 15:45:47 - src.controllers.main_controller - INFO - Language changed to: en
2026-08-07 15:45:47 - src.ui.main_window - DEBUG - Settings panel retranslated
2026-08-07 15:45:47 - src.ui.main_window - DEBUG - Login dialog retranslated
2026-08-07 15:45:47 - src.ui.main_window - INFO - Language changed to: en
2026-08-07 15:45:56 - src.ui.main_window - INFO - Launched QuizEditor
2026-08-07 15:57:24 - root - INFO - Logging initialized. File: C:\Users\And\PythonProjects\FlashcardApp\logs\quiz_app.log
2026-08-07 15:57:24 - __main__ - INFO - Qt translations loaded for: en
2026-08-07 15:57:24 - src.logic.translator - INFO - Language changed to: en
2026-08-07 15:57:24 - src.controllers.main_controller - INFO - MainController initialized
2026-08-07 15:57:24 - src.logic.app_settings - DEBUG - Settings saved
2026-08-07 15:57:24 - src.ui.main_window - INFO - Applied light theme
2026-08-07 15:57:24 - src.logic.user_session - INFO - Session ended for: guest
2026-08-07 15:57:24 - src.controllers.main_controller - INFO - Continuing as guest
2026-08-07 15:57:24 - __main__ - INFO - Qt translations loaded for: en
2026-08-07 15:57:24 - __main__ - INFO - Application started successfully
2026-08-07 15:57:26 - src.ui.main_window - DEBUG - Opened login dialog
2026-08-07 15:57:31 - src.storage.user_repository - INFO - User authenticated: admin (role: admin)
2026-08-07 15:57:31 - src.logic.user_session - INFO - Session started for: Admin User
2026-08-07 15:57:31 - src.logic.translator - INFO - Language changed to: en
2026-08-07 15:57:31 - src.ui.main_window - INFO - Login successful: Admin User
2026-08-07 15:57:31 - src.ui.main_window - INFO - Applied light theme
2026-08-07 15:57:31 - src.logic.translator - INFO - Language changed to: en
2026-08-07 15:57:31 - src.main - INFO - Qt translations loaded for: en
2026-08-07 15:57:31 - src.controllers.main_controller - INFO - Language changed to: en
2026-08-07 15:57:31 - src.ui.main_window - DEBUG - Login dialog retranslated
2026-08-07 15:57:31 - src.ui.main_window - INFO - Language changed to: en
2026-08-07 15:59:10 - root - INFO - Logging initialized. File: C:\Users\And\PythonProjects\FlashcardApp\logs\quiz_app.log
2026-08-07 15:59:10 - __main__ - INFO - Qt translations loaded for: en
2026-08-07 15:59:10 - src.logic.translator - INFO - Language changed to: en
2026-08-07 15:59:10 - src.controllers.main_controller - INFO - MainController initialized
2026-08-07 15:59:10 - src.logic.app_settings - DEBUG - Settings saved
2026-08-07 15:59:11 - src.ui.main_window - INFO - Applied light theme
2026-08-07 15:59:11 - src.logic.user_session - INFO - Session ended for: guest
2026-08-07 15:59:11 - src.controllers.main_controller - INFO - Continuing as guest
2026-08-07 15:59:11 - __main__ - INFO - Qt translations loaded for: en
2026-08-07 15:59:11 - __main__ - INFO - Application started successfully
2026-08-07 15:59:13 - src.ui.main_window - DEBUG - Opened login dialog
2026-08-07 15:59:19 - src.storage.user_repository - INFO - User authenticated: student (role: student)
2026-08-07 15:59:19 - src.logic.user_session - INFO - Session started for: Student User
2026-08-07 15:59:19 - src.logic.translator - INFO - Language changed to: en
2026-08-07 15:59:19 - src.ui.main_window - INFO - Login successful: Student User
2026-08-07 15:59:19 - src.ui.main_window - INFO - Applied dark theme
2026-08-07 15:59:19 - src.logic.translator - INFO - Language changed to: en
2026-08-07 15:59:19 - src.main - INFO - Qt translations loaded for: en
2026-08-07 15:59:19 - src.controllers.main_controller - INFO - Language changed to: en
2026-08-07 15:59:19 - src.ui.main_window - DEBUG - Login dialog retranslated
2026-08-07 15:59:19 - src.ui.main_window - INFO - Language changed to: en
2026-08-07 15:59:33 - src.logic.user_session - INFO - Session ended for: Student User
2026-08-07 15:59:33 - src.logic.translator - INFO - Language changed to: en
2026-08-07 15:59:33 - src.controllers.main_controller - INFO - User logged out
2026-08-07 15:59:33 - src.logic.app_settings - DEBUG - Settings saved
2026-08-07 15:59:33 - src.ui.main_window - INFO - Applied light theme
2026-08-07 15:59:33 - src.logic.translator - INFO - Language changed to: en
2026-08-07 15:59:33 - src.logic.app_settings - DEBUG - Settings saved
2026-08-07 15:59:33 - src.main - INFO - Qt translations loaded for: en
2026-08-07 15:59:33 - src.controllers.main_controller - INFO - Language changed to: en
2026-08-07 15:59:33 - src.ui.main_window - DEBUG - Login dialog retranslated
2026-08-07 15:59:33 - src.ui.main_window - INFO - Language changed to: en
2026-08-07 15:59:33 - src.ui.main_window - INFO - Logged out, returned to guest mode
2026-08-07 15:59:34 - src.ui.main_window - DEBUG - Opened login dialog
2026-08-07 15:59:45 - src.storage.user_repository - INFO - User authenticated: admin (role: admin)
2026-08-07 15:59:45 - src.logic.user_session - INFO - Session started for: Admin User
2026-08-07 15:59:45 - src.logic.translator - INFO - Language changed to: en
2026-08-07 15:59:45 - src.ui.main_window - INFO - Login successful: Admin User
2026-08-07 15:59:45 - src.ui.main_window - INFO - Applied light theme
2026-08-07 15:59:45 - src.logic.translator - INFO - Language changed to: en
2026-08-07 15:59:45 - src.main - INFO - Qt translations loaded for: en
2026-08-07 15:59:45 - src.controllers.main_controller - INFO - Language changed to: en
2026-08-07 15:59:45 - src.ui.main_window - DEBUG - Login dialog retranslated
2026-08-07 15:59:45 - src.ui.main_window - INFO - Language changed to: en
2026-08-07 16:00:21 - src.ui.main_window - INFO - Launched QuizEditor
2026-08-07 16:00:24 - src.controllers.quiz_editor_controller - INFO - Loaded quiz: General Quiz with 100 questions
2026-08-07 16:02:09 - root - INFO - Logging initialized. File: C:\Users\And\PythonProjects\FlashcardApp\logs\quiz_app.log
2026-08-07 16:02:09 - __main__ - INFO - Qt translations loaded for: en
2026-08-07 16:02:09 - src.logic.translator - INFO - Language changed to: en
2026-08-07 16:02:09 - src.controllers.main_controller - INFO - MainController initialized
2026-08-07 16:02:09 - src.logic.app_settings - DEBUG - Settings saved
2026-08-07 16:02:09 - src.ui.main_window - INFO - Applied light theme
2026-08-07 16:02:09 - src.logic.user_session - INFO - Session ended for: guest
2026-08-07 16:02:09 - src.controllers.main_controller - INFO - Continuing as guest
2026-08-07 16:02:09 - __main__ - INFO - Qt translations loaded for: en
2026-08-07 16:02:09 - __main__ - INFO - Application started successfully
2026-08-07 16:02:10 - src.ui.main_window - DEBUG - Opened login dialog
2026-08-07 16:02:16 - src.storage.user_repository - INFO - User authenticated: student (role: student)
2026-08-07 16:02:16 - src.logic.user_session - INFO - Session started for: Student User
2026-08-07 16:02:16 - src.logic.translator - INFO - Language changed to: en
2026-08-07 16:02:16 - src.ui.main_window - INFO - Login successful: Student User
2026-08-07 16:02:16 - src.ui.main_window - INFO - Applied dark theme
2026-08-07 16:02:16 - src.logic.translator - INFO - Language changed to: en
2026-08-07 16:02:16 - src.main - INFO - Qt translations loaded for: en
2026-08-07 16:02:16 - src.controllers.main_controller - INFO - Language changed to: en
2026-08-07 16:02:16 - src.ui.main_window - DEBUG - Login dialog retranslated
2026-08-07 16:02:16 - src.ui.main_window - INFO - Language changed to: en
2026-08-07 16:02:19 - src.logic.user_session - INFO - Session ended for: Student User
2026-08-07 16:02:19 - src.logic.translator - INFO - Language changed to: en
2026-08-07 16:02:19 - src.controllers.main_controller - INFO - User logged out
2026-08-07 16:02:19 - src.logic.app_settings - DEBUG - Settings saved
2026-08-07 16:02:19 - src.ui.main_window - INFO - Applied light theme
2026-08-07 16:02:19 - src.logic.translator - INFO - Language changed to: en
2026-08-07 16:02:19 - src.logic.app_settings - DEBUG - Settings saved
2026-08-07 16:02:19 - src.main - INFO - Qt translations loaded for: en
2026-08-07 16:02:19 - src.controllers.main_controller - INFO - Language changed to: en
2026-08-07 16:02:19 - src.ui.main_window - DEBUG - Login dialog retranslated
2026-08-07 16:02:19 - src.ui.main_window - INFO - Language changed to: en
2026-08-07 16:02:19 - src.ui.main_window - INFO - Logged out, returned to guest mode
2026-08-07 16:02:22 - src.ui.main_window - DEBUG - Opened login dialog
2026-08-07 16:02:28 - root - INFO - Logging initialized. File: C:\Users\And\PythonProjects\FlashcardApp\logs\quiz_app.log
2026-08-07 16:02:28 - __main__ - INFO - Qt translations loaded for: en
2026-08-07 16:02:28 - src.logic.translator - INFO - Language changed to: en
2026-08-07 16:02:28 - src.controllers.main_controller - INFO - MainController initialized
2026-08-07 16:02:28 - src.logic.app_settings - DEBUG - Settings saved
2026-08-07 16:02:28 - src.ui.main_window - INFO - Applied light theme
2026-08-07 16:02:28 - src.logic.user_session - INFO - Session ended for: guest
2026-08-07 16:02:28 - src.controllers.main_controller - INFO - Continuing as guest
2026-08-07 16:02:28 - __main__ - INFO - Qt translations loaded for: en
2026-08-07 16:02:28 - __main__ - INFO - Application started successfully
2026-08-07 16:02:29 - src.controllers.flashcard_controller - INFO - FlashcardController initialized
2026-08-07 16:02:29 - src.utils.text_to_speech - INFO - Text-to-speech engine 'sapi' is ready
2026-08-07 16:02:29 - src.storage.flashcard_repository - DEBUG - No saved deck progress for user 'guest' at C:\Users\And\PythonProjects\FlashcardApp\data\flashcards\073af40a-153f-4940-a305-5f4b764f92c4\progress\guest.json
2026-08-07 16:02:29 - src.storage.flashcard_repository - DEBUG - Loaded progress for user 'guest' from C:\Users\And\PythonProjects\FlashcardApp\data\flashcards\8f348fc7-0545-413c-96c6-52b0800b4ef0\progress\guest.json (2 card records)
2026-08-07 16:02:29 - src.storage.flashcard_repository - DEBUG - No saved deck progress for user 'guest' at C:\Users\And\PythonProjects\FlashcardApp\data\flashcards\073af40a-153f-4940-a305-5f4b764f92c4\progress\guest.json
2026-08-07 16:02:29 - src.storage.flashcard_repository - DEBUG - Loaded progress for user 'guest' from C:\Users\And\PythonProjects\FlashcardApp\data\flashcards\8f348fc7-0545-413c-96c6-52b0800b4ef0\progress\guest.json (2 card records)
2026-08-07 16:02:29 - src.ui.main_window - INFO - Launched FlashcardViewer
2026-08-07 16:02:31 - src.storage.flashcard_repository - DEBUG - No saved deck progress for user 'guest' at C:\Users\And\PythonProjects\FlashcardApp\data\flashcards\073af40a-153f-4940-a305-5f4b764f92c4\progress\guest.json
2026-08-07 16:02:31 - src.storage.flashcard_repository - DEBUG - Loaded progress for user 'guest' from C:\Users\And\PythonProjects\FlashcardApp\data\flashcards\8f348fc7-0545-413c-96c6-52b0800b4ef0\progress\guest.json (2 card records)
2026-08-07 16:02:31 - src.storage.flashcard_repository - DEBUG - No saved deck progress for user 'guest' at C:\Users\And\PythonProjects\FlashcardApp\data\flashcards\4b6715a7-8457-4888-957e-142f8c606b16\progress\guest.json
2026-08-07 16:02:31 - src.storage.quiz_repository - DEBUG - No saved quiz progress for user 'guest' at C:\Users\And\PythonProjects\FlashcardApp\data\quizzes\4d6e1a55-f5bd-4ec6-9911-5318ef748a9a\progress\guest.json
2026-08-07 16:02:31 - src.storage.quiz_repository - DEBUG - Loaded progress for user 'guest' from C:\Users\And\PythonProjects\FlashcardApp\data\quizzes\da5430fa-b771-4262-9383-90e4e3abc3f0\progress\guest.json (1 question records)
2026-08-07 16:02:31 - src.storage.quiz_repository - DEBUG - No saved quiz progress for user 'guest' at C:\Users\And\PythonProjects\FlashcardApp\data\quizzes\3910b06b-7c01-45b2-87e4-d8e426dc9d68\progress\guest.json
2026-08-07 16:02:31 - src.storage.quiz_repository - DEBUG - No saved quiz progress for user 'guest' at C:\Users\And\PythonProjects\FlashcardApp\data\quizzes\62a23948-edff-4725-9623-b174e1fe084b\progress\guest.json
2026-08-07 16:02:32 - src.storage.flashcard_repository - DEBUG - No saved deck progress for user 'guest' at C:\Users\And\PythonProjects\FlashcardApp\data\flashcards\073af40a-153f-4940-a305-5f4b764f92c4\progress\guest.json
2026-08-07 16:02:32 - src.storage.flashcard_repository - DEBUG - Loaded progress for user 'guest' from C:\Users\And\PythonProjects\FlashcardApp\data\flashcards\8f348fc7-0545-413c-96c6-52b0800b4ef0\progress\guest.json (2 card records)
2026-08-07 16:02:34 - src.ui.main_window - DEBUG - Opened login dialog
2026-08-07 16:02:37 - src.storage.user_repository - INFO - User authenticated: admin (role: admin)
2026-08-07 16:02:37 - src.logic.user_session - INFO - Session started for: Admin User
2026-08-07 16:02:37 - src.logic.translator - INFO - Language changed to: en
2026-08-07 16:02:37 - src.ui.main_window - INFO - Login successful: Admin User
2026-08-07 16:02:37 - src.ui.main_window - INFO - Applied light theme
2026-08-07 16:02:37 - src.logic.translator - INFO - Language changed to: en
2026-08-07 16:02:37 - src.main - INFO - Qt translations loaded for: en
2026-08-07 16:02:37 - src.controllers.main_controller - INFO - Language changed to: en
2026-08-07 16:02:37 - src.ui.main_window - DEBUG - Login dialog retranslated
2026-08-07 16:02:37 - src.ui.main_window - INFO - Language changed to: en
2026-08-07 16:02:42 - src.ui.main_window - INFO - Launched QuizEditor
2026-08-07 16:02:45 - src.ui.main_window - INFO - Launched QuizEditor
2026-08-07 16:02:48 - src.controllers.quiz_editor_controller - INFO - Loaded quiz: General Quiz with 100 questions
2026-08-07 16:02:52 - src.ui.editor.flashcard_editor - INFO - Flashcard Editor initialized.
2026-08-07 16:02:52 - src.ui.main_window - INFO - Launched FlashcardEditor
2026-08-07 16:02:55 - src.ui.editor.flashcard_editor - INFO - NAV: Returning to deck menu.
2026-08-07 16:02:55 - src.ui.editor.flashcard_editor - DEBUG - STATE: Checking for unsaved changes. Result: False
2026-08-07 16:02:55 - src.ui.editor.flashcard_editor - INFO - NAV: Switch successful.
2026-08-07 16:02:57 - src.controllers.flashcard_editor_controller - INFO - Saved deck with 2 cards
2026-08-07 16:02:59 - src.ui.editor.flashcard_editor - INFO - NAV: Returning to deck menu.
2026-08-07 16:02:59 - src.ui.editor.flashcard_editor - DEBUG - STATE: Checking for unsaved changes. Result: False
2026-08-07 16:02:59 - src.ui.editor.flashcard_editor - INFO - NAV: Switch successful.
2026-08-07 16:02:59 - src.ui.editor.flashcard_editor - INFO - NAV: 'Back to Main' clicked.
2026-08-07 16:02:59 - src.ui.editor.flashcard_editor - DEBUG - STATE: Checking for unsaved changes. Result: False
2026-08-07 16:02:59 - src.ui.editor.flashcard_editor - INFO - NAV: Proceeding to return to main menu.
2026-08-08 09:07:02 - root - INFO - Logging initialized. File: C:\Users\And\PythonProjects\FlashcardApp\logs\quiz_app.log
2026-08-08 09:07:02 - __main__ - INFO - Qt translations loaded for: en
2026-08-08 09:07:02 - src.logic.translator - INFO - Language changed to: en
2026-08-08 09:07:02 - src.controllers.main_controller - INFO - MainController initialized
2026-08-08 09:07:05 - src.logic.app_settings - DEBUG - Settings saved
2026-08-08 09:07:05 - src.ui.main_window - INFO - Applied light theme
2026-08-08 09:07:05 - src.logic.user_session - INFO - Session ended for: guest
2026-08-08 09:07:05 - src.controllers.main_controller - INFO - Continuing as guest
2026-08-08 09:07:05 - __main__ - INFO - Qt translations loaded for: en
2026-08-08 09:07:05 - __main__ - INFO - Application started successfully
2026-08-08 09:07:14 - src.ui.main_window - DEBUG - Opened login dialog
2026-08-08 09:07:18 - src.storage.user_repository - INFO - User authenticated: admin (role: admin)
2026-08-08 09:07:18 - src.logic.user_session - INFO - Session started for: Admin User
2026-08-08 09:07:18 - src.logic.translator - INFO - Language changed to: en
2026-08-08 09:07:18 - src.ui.main_window - INFO - Login successful: Admin User
2026-08-08 09:07:18 - src.ui.main_window - INFO - Applied light theme
2026-08-08 09:07:18 - src.logic.translator - INFO - Language changed to: en
2026-08-08 09:07:18 - src.main - INFO - Qt translations loaded for: en
2026-08-08 09:07:18 - src.controllers.main_controller - INFO - Language changed to: en
2026-08-08 09:07:18 - src.ui.main_window - DEBUG - Login dialog retranslated
2026-08-08 09:07:18 - src.ui.main_window - INFO - Language changed to: en
2026-08-08 09:12:54 - root - INFO - Logging initialized. File: C:\Users\And\PythonProjects\FlashcardApp\logs\quiz_app.log
2026-08-08 09:12:54 - __main__ - INFO - Qt translations loaded for: en
2026-08-08 09:12:54 - src.logic.translator - INFO - Language changed to: en
2026-08-08 09:12:54 - src.controllers.main_controller - INFO - MainController initialized
2026-08-08 09:12:55 - src.logic.app_settings - DEBUG - Settings saved
2026-08-08 09:12:55 - src.ui.main_window - INFO - Applied light theme
2026-08-08 09:12:55 - src.logic.user_session - INFO - Session ended for: guest
2026-08-08 09:12:55 - src.controllers.main_controller - INFO - Continuing as guest
2026-08-08 09:12:55 - __main__ - INFO - Qt translations loaded for: en
2026-08-08 09:12:55 - __main__ - INFO - Application started successfully
2026-08-08 09:12:57 - src.ui.main_window - DEBUG - Opened login dialog
2026-08-08 09:13:02 - src.storage.user_repository - INFO - User authenticated: admin (role: admin)
2026-08-08 09:13:02 - src.logic.user_session - INFO - Session started for: Admin User
2026-08-08 09:13:02 - src.logic.translator - INFO - Language changed to: en
2026-08-08 09:13:02 - src.ui.main_window - INFO - Login successful: Admin User
2026-08-08 09:13:02 - src.ui.main_window - INFO - Applied light theme
2026-08-08 09:13:02 - src.logic.translator - INFO - Language changed to: en
2026-08-08 09:13:02 - src.main - INFO - Qt translations loaded for: en
2026-08-08 09:13:02 - src.controllers.main_controller - INFO - Language changed to: en
2026-08-08 09:13:02 - src.ui.main_window - DEBUG - Login dialog retranslated
2026-08-08 09:13:02 - src.ui.main_window - INFO - Language changed to: en
2026-08-08 09:18:01 - root - INFO - Logging initialized. File: C:\Users\And\PythonProjects\FlashcardApp\logs\quiz_app.log
2026-08-08 09:18:01 - __main__ - INFO - Qt translations loaded for: en
2026-08-08 09:18:01 - src.logic.translator - INFO - Language changed to: en
2026-08-08 09:18:01 - src.controllers.main_controller - INFO - MainController initialized
2026-08-08 09:18:02 - src.logic.app_settings - DEBUG - Settings saved
2026-08-08 09:18:02 - src.ui.main_window - INFO - Applied light theme
2026-08-08 09:18:02 - src.logic.user_session - INFO - Session ended for: guest
2026-08-08 09:18:02 - src.controllers.main_controller - INFO - Continuing as guest
2026-08-08 09:18:02 - __main__ - INFO - Qt translations loaded for: en
2026-08-08 09:18:02 - __main__ - INFO - Application started successfully
2026-08-08 09:18:05 - src.ui.main_window - DEBUG - Opened login dialog
2026-08-08 09:18:08 - src.storage.user_repository - INFO - User authenticated: admin (role: admin)
2026-08-08 09:18:08 - src.logic.user_session - INFO - Session started for: Admin User
2026-08-08 09:18:08 - src.logic.translator - INFO - Language changed to: en
2026-08-08 09:18:08 - src.ui.main_window - INFO - Login successful: Admin User
2026-08-08 09:18:08 - src.ui.main_window - INFO - Applied light theme
2026-08-08 09:18:08 - src.logic.translator - INFO - Language changed to: en
2026-08-08 09:18:08 - src.main - INFO - Qt translations loaded for: en
2026-08-08 09:18:08 - src.controllers.main_controller - INFO - Language changed to: en
2026-08-08 09:18:08 - src.ui.main_window - DEBUG - Login dialog retranslated
2026-08-08 09:18:08 - src.ui.main_window - INFO - Language changed to: en
2026-08-08 09:25:21 - root - INFO - Logging initialized. File: C:\Users\And\PythonProjects\FlashcardApp\logs\quiz_app.log
2026-08-08 09:25:22 - __main__ - INFO - Qt translations loaded for: en
2026-08-08 09:25:22 - src.logic.translator - INFO - Language changed to: en
2026-08-08 09:25:22 - src.controllers.main_controller - INFO - MainController initialized
2026-08-08 09:25:24 - src.logic.app_settings - DEBUG - Settings saved
2026-08-08 09:25:24 - src.ui.main_window - INFO - Applied light theme
2026-08-08 09:25:24 - src.logic.user_session - INFO - Session ended for: guest
2026-08-08 09:25:24 - src.controllers.main_controller - INFO - Continuing as guest
2026-08-08 09:25:24 - __main__ - INFO - Qt translations loaded for: en
2026-08-08 09:25:24 - __main__ - INFO - Application started successfully
2026-08-08 09:25:25 - src.ui.main_window - DEBUG - Opened login dialog
2026-08-08 09:25:29 - src.storage.user_repository - INFO - User authenticated: admin (role: admin)
2026-08-08 09:25:29 - src.logic.user_session - INFO - Session started for: Admin User
2026-08-08 09:25:29 - src.logic.translator - INFO - Language changed to: en
2026-08-08 09:25:29 - src.ui.main_window - INFO - Login successful: Admin User
2026-08-08 09:25:29 - src.ui.main_window - INFO - Applied light theme
2026-08-08 09:25:29 - src.logic.translator - INFO - Language changed to: en
2026-08-08 09:25:29 - src.main - INFO - Qt translations loaded for: en
2026-08-08 09:25:29 - src.controllers.main_controller - INFO - Language changed to: en
2026-08-08 09:25:29 - src.ui.main_window - DEBUG - Login dialog retranslated
2026-08-08 09:25:29 - src.ui.main_window - INFO - Language changed to: en
2026-08-08 09:26:24 - src.storage.flashcard_repository - DEBUG - Loaded progress for user '1' from C:\Users\And\PythonProjects\FlashcardApp\data\flashcards\073af40a-153f-4940-a305-5f4b764f92c4\progress\1.json (2 card records)
2026-08-08 09:26:24 - src.storage.flashcard_repository - DEBUG - Loaded progress for user '1' from C:\Users\And\PythonProjects\FlashcardApp\data\flashcards\8f348fc7-0545-413c-96c6-52b0800b4ef0\progress\1.json (2 card records)
2026-08-08 09:26:24 - src.storage.flashcard_repository - DEBUG - No saved deck progress for user '1' at C:\Users\And\PythonProjects\FlashcardApp\data\flashcards\4b6715a7-8457-4888-957e-142f8c606b16\progress\1.json
2026-08-08 09:26:24 - src.storage.quiz_repository - DEBUG - No saved quiz progress for user '1' at C:\Users\And\PythonProjects\FlashcardApp\data\quizzes\4d6e1a55-f5bd-4ec6-9911-5318ef748a9a\progress\1.json
2026-08-08 09:26:24 - src.storage.quiz_repository - DEBUG - No saved quiz progress for user '1' at C:\Users\And\PythonProjects\FlashcardApp\data\quizzes\da5430fa-b771-4262-9383-90e4e3abc3f0\progress\1.json
2026-08-08 09:26:24 - src.storage.quiz_repository - DEBUG - No saved quiz progress for user '1' at C:\Users\And\PythonProjects\FlashcardApp\data\quizzes\3910b06b-7c01-45b2-87e4-d8e426dc9d68\progress\1.json
2026-08-08 09:26:24 - src.storage.quiz_repository - DEBUG - No saved quiz progress for user '1' at C:\Users\And\PythonProjects\FlashcardApp\data\quizzes\62a23948-edff-4725-9623-b174e1fe084b\progress\1.json
2026-08-08 09:31:15 - root - INFO - Logging initialized. File: C:\Users\And\PythonProjects\FlashcardApp\logs\quiz_app.log
2026-08-08 09:31:15 - __main__ - INFO - Qt translations loaded for: en
2026-08-08 09:31:15 - src.logic.translator - INFO - Language changed to: en
2026-08-08 09:31:15 - src.controllers.main_controller - INFO - MainController initialized
2026-08-08 09:31:15 - src.logic.app_settings - DEBUG - Settings saved
2026-08-08 09:31:15 - src.ui.main_window - INFO - Applied light theme
2026-08-08 09:31:15 - src.logic.user_session - INFO - Session ended for: guest
2026-08-08 09:31:15 - src.controllers.main_controller - INFO - Continuing as guest
2026-08-08 09:31:15 - __main__ - INFO - Qt translations loaded for: en
2026-08-08 09:31:15 - __main__ - INFO - Application started successfully
2026-08-08 09:31:17 - src.ui.main_window - DEBUG - Opened login dialog
2026-08-08 09:31:20 - src.storage.user_repository - INFO - User authenticated: admin (role: admin)
2026-08-08 09:31:20 - src.logic.user_session - INFO - Session started for: Admin User
2026-08-08 09:31:20 - src.logic.translator - INFO - Language changed to: en
2026-08-08 09:31:20 - src.ui.main_window - INFO - Login successful: Admin User
2026-08-08 09:31:20 - src.ui.main_window - INFO - Applied light theme
2026-08-08 09:31:20 - src.logic.translator - INFO - Language changed to: en
2026-08-08 09:31:20 - src.main - INFO - Qt translations loaded for: en
2026-08-08 09:31:20 - src.controllers.main_controller - INFO - Language changed to: en
2026-08-08 09:31:20 - src.ui.main_window - DEBUG - Login dialog retranslated
2026-08-08 09:31:20 - src.ui.main_window - INFO - Language changed to: en
2026-08-08 09:33:41 - root - INFO - Logging initialized. File: C:\Users\And\PythonProjects\FlashcardApp\logs\quiz_app.log
2026-08-08 09:33:41 - __main__ - INFO - Qt translations loaded for: en
2026-08-08 09:33:41 - src.logic.translator - INFO - Language changed to: en
2026-08-08 09:33:41 - src.controllers.main_controller - INFO - MainController initialized
2026-08-08 09:33:41 - src.logic.app_settings - DEBUG - Settings saved
2026-08-08 09:33:41 - src.ui.main_window - INFO - Applied light theme
2026-08-08 09:33:41 - src.logic.user_session - INFO - Session ended for: guest
2026-08-08 09:33:41 - src.controllers.main_controller - INFO - Continuing as guest
2026-08-08 09:33:41 - __main__ - INFO - Qt translations loaded for: en
2026-08-08 09:33:41 - __main__ - INFO - Application started successfully
2026-08-08 09:33:43 - src.ui.main_window - DEBUG - Opened login dialog
2026-08-08 09:33:47 - src.storage.user_repository - INFO - User authenticated: admin (role: admin)
2026-08-08 09:33:47 - src.logic.user_session - INFO - Session started for: Admin User
2026-08-08 09:33:47 - src.logic.translator - INFO - Language changed to: en
2026-08-08 09:33:47 - src.ui.main_window - INFO - Login successful: Admin User
2026-08-08 09:33:47 - src.ui.main_window - INFO - Applied light theme
2026-08-08 09:33:47 - src.logic.translator - INFO - Language changed to: en
2026-08-08 09:33:47 - src.main - INFO - Qt translations loaded for: en
2026-08-08 09:33:47 - src.controllers.main_controller - INFO - Language changed to: en
2026-08-08 09:33:47 - src.ui.main_window - DEBUG - Login dialog retranslated
2026-08-08 09:33:47 - src.ui.main_window - INFO - Language changed to: en
2026-08-08 09:35:22 - src.controllers.flashcard_controller - INFO - FlashcardController initialized
2026-08-08 09:35:22 - src.utils.text_to_speech - INFO - Text-to-speech engine 'sapi' is ready
2026-08-08 09:35:22 - src.storage.flashcard_repository - DEBUG - Loaded progress for user '1' from C:\Users\And\PythonProjects\FlashcardApp\data\flashcards\073af40a-153f-4940-a305-5f4b764f92c4\progress\1.json (2 card records)
2026-08-08 09:35:22 - src.storage.flashcard_repository - DEBUG - Loaded progress for user '1' from C:\Users\And\PythonProjects\FlashcardApp\data\flashcards\8f348fc7-0545-413c-96c6-52b0800b4ef0\progress\1.json (2 card records)
2026-08-08 09:35:22 - src.storage.flashcard_repository - DEBUG - No saved deck progress for user '1' at C:\Users\And\PythonProjects\FlashcardApp\data\flashcards\4b6715a7-8457-4888-957e-142f8c606b16\progress\1.json
2026-08-08 09:35:22 - src.storage.flashcard_repository - DEBUG - Loaded progress for user '1' from C:\Users\And\PythonProjects\FlashcardApp\data\flashcards\073af40a-153f-4940-a305-5f4b764f92c4\progress\1.json (2 card records)
2026-08-08 09:35:22 - src.storage.flashcard_repository - DEBUG - Loaded progress for user '1' from C:\Users\And\PythonProjects\FlashcardApp\data\flashcards\8f348fc7-0545-413c-96c6-52b0800b4ef0\progress\1.json (2 card records)
2026-08-08 09:35:22 - src.storage.flashcard_repository - DEBUG - No saved deck progress for user '1' at C:\Users\And\PythonProjects\FlashcardApp\data\flashcards\4b6715a7-8457-4888-957e-142f8c606b16\progress\1.json
2026-08-08 09:35:22 - src.ui.main_window - INFO - Launched FlashcardViewer
2026-08-08 09:35:26 - src.storage.flashcard_repository - DEBUG - Loaded progress for user '1' from C:\Users\And\PythonProjects\FlashcardApp\data\flashcards\073af40a-153f-4940-a305-5f4b764f92c4\progress\1.json (2 card records)
2026-08-08 09:35:26 - src.storage.flashcard_repository - DEBUG - Loaded progress for user '1' from C:\Users\And\PythonProjects\FlashcardApp\data\flashcards\8f348fc7-0545-413c-96c6-52b0800b4ef0\progress\1.json (2 card records)
2026-08-08 09:35:26 - src.storage.flashcard_repository - DEBUG - No saved deck progress for user '1' at C:\Users\And\PythonProjects\FlashcardApp\data\flashcards\4b6715a7-8457-4888-957e-142f8c606b16\progress\1.json
2026-08-08 09:35:26 - src.controllers.flashcard_controller - INFO - Starting deck 'Sample Deck Copy' for user '1'
2026-08-08 09:35:26 - src.storage.flashcard_repository - DEBUG - Loaded progress for user '1' from C:\Users\And\PythonProjects\FlashcardApp\data\flashcards\8f348fc7-0545-413c-96c6-52b0800b4ef0\progress\1.json (2 card records)
2026-08-08 09:35:26 - src.controllers.flashcard_controller - INFO - Deck 'Sample Deck Copy' started: 2 total cards, 2 cards in learning queue
2026-08-08 09:35:29 - src.ui.flashcard_viewer - INFO - Returning to deck selection menu.
2026-08-08 09:35:29 - src.storage.flashcard_repository - DEBUG - Loaded progress for user '1' from C:\Users\And\PythonProjects\FlashcardApp\data\flashcards\073af40a-153f-4940-a305-5f4b764f92c4\progress\1.json (2 card records)
2026-08-08 09:35:29 - src.storage.flashcard_repository - DEBUG - Loaded progress for user '1' from C:\Users\And\PythonProjects\FlashcardApp\data\flashcards\8f348fc7-0545-413c-96c6-52b0800b4ef0\progress\1.json (2 card records)
2026-08-08 09:35:29 - src.storage.flashcard_repository - DEBUG - No saved deck progress for user '1' at C:\Users\And\PythonProjects\FlashcardApp\data\flashcards\4b6715a7-8457-4888-957e-142f8c606b16\progress\1.json
2026-08-08 09:35:29 - src.controllers.flashcard_controller - INFO - Ending session. Stats: {'known': 0, 'unknown': 0}
2026-08-08 09:35:33 - src.storage.flashcard_repository - DEBUG - Loaded progress for user '1' from C:\Users\And\PythonProjects\FlashcardApp\data\flashcards\073af40a-153f-4940-a305-5f4b764f92c4\progress\1.json (2 card records)
2026-08-08 09:35:33 - src.storage.flashcard_repository - DEBUG - Loaded progress for user '1' from C:\Users\And\PythonProjects\FlashcardApp\data\flashcards\8f348fc7-0545-413c-96c6-52b0800b4ef0\progress\1.json (2 card records)
2026-08-08 09:35:33 - src.storage.flashcard_repository - DEBUG - No saved deck progress for user '1' at C:\Users\And\PythonProjects\FlashcardApp\data\flashcards\4b6715a7-8457-4888-957e-142f8c606b16\progress\1.json
2026-08-08 09:35:33 - src.storage.quiz_repository - DEBUG - No saved quiz progress for user '1' at C:\Users\And\PythonProjects\FlashcardApp\data\quizzes\4d6e1a55-f5bd-4ec6-9911-5318ef748a9a\progress\1.json
2026-08-08 09:35:33 - src.storage.quiz_repository - DEBUG - No saved quiz progress for user '1' at C:\Users\And\PythonProjects\FlashcardApp\data\quizzes\da5430fa-b771-4262-9383-90e4e3abc3f0\progress\1.json
2026-08-08 09:35:33 - src.storage.quiz_repository - DEBUG - No saved quiz progress for user '1' at C:\Users\And\PythonProjects\FlashcardApp\data\quizzes\3910b06b-7c01-45b2-87e4-d8e426dc9d68\progress\1.json
2026-08-08 09:35:33 - src.storage.quiz_repository - DEBUG - No saved quiz progress for user '1' at C:\Users\And\PythonProjects\FlashcardApp\data\quizzes\62a23948-edff-4725-9623-b174e1fe084b\progress\1.json
2026-08-08 09:35:37 - root - INFO - Logging initialized. File: C:\Users\And\PythonProjects\FlashcardApp\logs\quiz_app.log
2026-08-08 09:35:37 - __main__ - INFO - Qt translations loaded for: en
2026-08-08 09:35:37 - src.logic.translator - INFO - Language changed to: en
2026-08-08 09:35:37 - src.controllers.main_controller - INFO - MainController initialized
2026-08-08 09:35:37 - src.logic.app_settings - DEBUG - Settings saved
2026-08-08 09:35:37 - src.ui.main_window - INFO - Applied light theme
2026-08-08 09:35:37 - src.logic.user_session - INFO - Session ended for: guest
2026-08-08 09:35:37 - src.controllers.main_controller - INFO - Continuing as guest
2026-08-08 09:35:37 - __main__ - INFO - Qt translations loaded for: en
2026-08-08 09:35:37 - __main__ - INFO - Application started successfully
2026-08-08 09:35:38 - src.controllers.flashcard_controller - INFO - FlashcardController initialized
2026-08-08 09:35:38 - src.utils.text_to_speech - INFO - Text-to-speech engine 'sapi' is ready
2026-08-08 09:35:38 - src.storage.flashcard_repository - DEBUG - No saved deck progress for user 'guest' at C:\Users\And\PythonProjects\FlashcardApp\data\flashcards\073af40a-153f-4940-a305-5f4b764f92c4\progress\guest.json
2026-08-08 09:35:38 - src.storage.flashcard_repository - DEBUG - No saved deck progress for user 'guest' at C:\Users\And\PythonProjects\FlashcardApp\data\flashcards\073af40a-153f-4940-a305-5f4b764f92c4\progress\guest.json
2026-08-08 09:35:38 - src.ui.main_window - INFO - Launched FlashcardViewer
2026-08-08 09:35:41 - src.ui.main_window - DEBUG - Opened login dialog
2026-08-08 09:35:46 - src.storage.user_repository - INFO - User authenticated: admin (role: admin)
2026-08-08 09:35:46 - src.logic.user_session - INFO - Session started for: Admin User
2026-08-08 09:35:46 - src.logic.translator - INFO - Language changed to: en
2026-08-08 09:35:46 - src.ui.main_window - INFO - Login successful: Admin User
2026-08-08 09:35:46 - src.ui.main_window - INFO - Applied light theme
2026-08-08 09:35:46 - src.logic.translator - INFO - Language changed to: en
2026-08-08 09:35:46 - src.main - INFO - Qt translations loaded for: en
2026-08-08 09:35:46 - src.controllers.main_controller - INFO - Language changed to: en
2026-08-08 09:35:46 - src.ui.main_window - DEBUG - Login dialog retranslated
2026-08-08 09:35:46 - src.ui.main_window - INFO - Language changed to: en
2026-08-08 09:35:46 - src.controllers.flashcard_controller - INFO - FlashcardController initialized
2026-08-08 09:35:46 - src.utils.text_to_speech - INFO - Text-to-speech engine 'sapi' is ready
2026-08-08 09:35:46 - src.storage.flashcard_repository - DEBUG - Loaded progress for user '1' from C:\Users\And\PythonProjects\FlashcardApp\data\flashcards\073af40a-153f-4940-a305-5f4b764f92c4\progress\1.json (2 card records)
2026-08-08 09:35:46 - src.storage.flashcard_repository - DEBUG - Loaded progress for user '1' from C:\Users\And\PythonProjects\FlashcardApp\data\flashcards\8f348fc7-0545-413c-96c6-52b0800b4ef0\progress\1.json (2 card records)
2026-08-08 09:35:46 - src.storage.flashcard_repository - DEBUG - No saved deck progress for user '1' at C:\Users\And\PythonProjects\FlashcardApp\data\flashcards\4b6715a7-8457-4888-957e-142f8c606b16\progress\1.json
2026-08-08 09:35:46 - src.storage.flashcard_repository - DEBUG - Loaded progress for user '1' from C:\Users\And\PythonProjects\FlashcardApp\data\flashcards\073af40a-153f-4940-a305-5f4b764f92c4\progress\1.json (2 card records)
2026-08-08 09:35:46 - src.storage.flashcard_repository - DEBUG - Loaded progress for user '1' from C:\Users\And\PythonProjects\FlashcardApp\data\flashcards\8f348fc7-0545-413c-96c6-52b0800b4ef0\progress\1.json (2 card records)
2026-08-08 09:35:46 - src.storage.flashcard_repository - DEBUG - No saved deck progress for user '1' at C:\Users\And\PythonProjects\FlashcardApp\data\flashcards\4b6715a7-8457-4888-957e-142f8c606b16\progress\1.json
2026-08-08 09:35:46 - src.ui.main_window - INFO - Launched FlashcardViewer
2026-08-08 09:35:53 - src.ui.editor.flashcard_editor - INFO - Flashcard Editor initialized.
2026-08-08 09:35:53 - src.ui.main_window - INFO - Launched FlashcardEditor
2026-08-08 09:36:01 - src.ui.editor.flashcard_editor - INFO - NAV: 'Back to Main' clicked.
2026-08-08 09:36:01 - src.ui.editor.flashcard_editor - DEBUG - STATE: Checking for unsaved changes. Result: False
2026-08-08 09:36:01 - src.ui.editor.flashcard_editor - INFO - NAV: Proceeding to return to main menu.
2026-08-08 09:36:02 - src.ui.main_window - INFO - Launched QuizEditor
2026-08-08 09:36:04 - src.controllers.quiz_editor_controller - INFO - Loaded quiz: General Quiz (Copy) (Copy) with 6 questions
2026-08-08 09:36:09 - src.ui.main_window - INFO - Launched QuizEditor
2026-08-08 09:36:12 - src.controllers.flashcard_controller - INFO - FlashcardController initialized
2026-08-08 09:36:12 - src.utils.text_to_speech - INFO - Text-to-speech engine 'sapi' is ready
2026-08-08 09:36:12 - src.storage.flashcard_repository - DEBUG - Loaded progress for user '1' from C:\Users\And\PythonProjects\FlashcardApp\data\flashcards\073af40a-153f-4940-a305-5f4b764f92c4\progress\1.json (2 card records)
2026-08-08 09:36:12 - src.storage.flashcard_repository - DEBUG - Loaded progress for user '1' from C:\Users\And\PythonProjects\FlashcardApp\data\flashcards\8f348fc7-0545-413c-96c6-52b0800b4ef0\progress\1.json (2 card records)
2026-08-08 09:36:12 - src.storage.flashcard_repository - DEBUG - No saved deck progress for user '1' at C:\Users\And\PythonProjects\FlashcardApp\data\flashcards\4b6715a7-8457-4888-957e-142f8c606b16\progress\1.json
2026-08-08 09:36:12 - src.storage.flashcard_repository - DEBUG - Loaded progress for user '1' from C:\Users\And\PythonProjects\FlashcardApp\data\flashcards\073af40a-153f-4940-a305-5f4b764f92c4\progress\1.json (2 card records)
2026-08-08 09:36:12 - src.storage.flashcard_repository - DEBUG - Loaded progress for user '1' from C:\Users\And\PythonProjects\FlashcardApp\data\flashcards\8f348fc7-0545-413c-96c6-52b0800b4ef0\progress\1.json (2 card records)
2026-08-08 09:36:12 - src.storage.flashcard_repository - DEBUG - No saved deck progress for user '1' at C:\Users\And\PythonProjects\FlashcardApp\data\flashcards\4b6715a7-8457-4888-957e-142f8c606b16\progress\1.json
2026-08-08 09:36:12 - src.ui.main_window - INFO - Launched FlashcardViewer
2026-08-08 09:36:13 - src.storage.flashcard_repository - DEBUG - Loaded progress for user '1' from C:\Users\And\PythonProjects\FlashcardApp\data\flashcards\073af40a-153f-4940-a305-5f4b764f92c4\progress\1.json (2 card records)
2026-08-08 09:36:13 - src.storage.flashcard_repository - DEBUG - Loaded progress for user '1' from C:\Users\And\PythonProjects\FlashcardApp\data\flashcards\8f348fc7-0545-413c-96c6-52b0800b4ef0\progress\1.json (2 card records)
2026-08-08 09:36:13 - src.storage.flashcard_repository - DEBUG - No saved deck progress for user '1' at C:\Users\And\PythonProjects\FlashcardApp\data\flashcards\4b6715a7-8457-4888-957e-142f8c606b16\progress\1.json
2026-08-08 09:36:13 - src.controllers.flashcard_controller - INFO - Starting deck 'Sample Deck Copy' for user '1'
2026-08-08 09:36:13 - src.storage.flashcard_repository - DEBUG - Loaded progress for user '1' from C:\Users\And\PythonProjects\FlashcardApp\data\flashcards\8f348fc7-0545-413c-96c6-52b0800b4ef0\progress\1.json (2 card records)
2026-08-08 09:36:13 - src.controllers.flashcard_controller - INFO - Deck 'Sample Deck Copy' started: 2 total cards, 2 cards in learning queue
2026-08-08 09:36:15 - src.ui.flashcard_viewer - INFO - Returning to deck selection menu.
2026-08-08 09:36:15 - src.storage.flashcard_repository - DEBUG - Loaded progress for user '1' from C:\Users\And\PythonProjects\FlashcardApp\data\flashcards\073af40a-153f-4940-a305-5f4b764f92c4\progress\1.json (2 card records)
2026-08-08 09:36:15 - src.storage.flashcard_repository - DEBUG - Loaded progress for user '1' from C:\Users\And\PythonProjects\FlashcardApp\data\flashcards\8f348fc7-0545-413c-96c6-52b0800b4ef0\progress\1.json (2 card records)
2026-08-08 09:36:15 - src.storage.flashcard_repository - DEBUG - No saved deck progress for user '1' at C:\Users\And\PythonProjects\FlashcardApp\data\flashcards\4b6715a7-8457-4888-957e-142f8c606b16\progress\1.json
2026-08-08 09:36:15 - src.controllers.flashcard_controller - INFO - Ending session. Stats: {'known': 0, 'unknown': 0}
2026-08-08 09:36:44 - src.controllers.flashcard_controller - INFO - FlashcardController initialized
2026-08-08 09:36:44 - src.utils.text_to_speech - INFO - Text-to-speech engine 'sapi' is ready
2026-08-08 09:36:44 - src.storage.flashcard_repository - DEBUG - Loaded progress for user '1' from C:\Users\And\PythonProjects\FlashcardApp\data\flashcards\073af40a-153f-4940-a305-5f4b764f92c4\progress\1.json (2 card records)
2026-08-08 09:36:44 - src.storage.flashcard_repository - DEBUG - Loaded progress for user '1' from C:\Users\And\PythonProjects\FlashcardApp\data\flashcards\8f348fc7-0545-413c-96c6-52b0800b4ef0\progress\1.json (2 card records)
2026-08-08 09:36:44 - src.storage.flashcard_repository - DEBUG - No saved deck progress for user '1' at C:\Users\And\PythonProjects\FlashcardApp\data\flashcards\4b6715a7-8457-4888-957e-142f8c606b16\progress\1.json
2026-08-08 09:36:44 - src.storage.flashcard_repository - DEBUG - Loaded progress for user '1' from C:\Users\And\PythonProjects\FlashcardApp\data\flashcards\073af40a-153f-4940-a305-5f4b764f92c4\progress\1.json (2 card records)
2026-08-08 09:36:44 - src.storage.flashcard_repository - DEBUG - Loaded progress for user '1' from C:\Users\And\PythonProjects\FlashcardApp\data\flashcards\8f348fc7-0545-413c-96c6-52b0800b4ef0\progress\1.json (2 card records)
2026-08-08 09:36:44 - src.storage.flashcard_repository - DEBUG - No saved deck progress for user '1' at C:\Users\And\PythonProjects\FlashcardApp\data\flashcards\4b6715a7-8457-4888-957e-142f8c606b16\progress\1.json
2026-08-08 09:36:44 - src.ui.main_window - INFO - Launched FlashcardViewer
2026-08-08 09:38:39 - src.storage.flashcard_repository - DEBUG - Loaded progress for user '1' from C:\Users\And\PythonProjects\FlashcardApp\data\flashcards\073af40a-153f-4940-a305-5f4b764f92c4\progress\1.json (2 card records)
2026-08-08 09:38:39 - src.storage.flashcard_repository - DEBUG - Loaded progress for user '1' from C:\Users\And\PythonProjects\FlashcardApp\data\flashcards\8f348fc7-0545-413c-96c6-52b0800b4ef0\progress\1.json (2 card records)
2026-08-08 09:38:39 - src.storage.flashcard_repository - DEBUG - No saved deck progress for user '1' at C:\Users\And\PythonProjects\FlashcardApp\data\flashcards\4b6715a7-8457-4888-957e-142f8c606b16\progress\1.json
2026-08-08 09:38:39 - src.controllers.flashcard_controller - INFO - Starting deck 'Sample Deck Copy' for user '1'
2026-08-08 09:38:39 - src.storage.flashcard_repository - DEBUG - Loaded progress for user '1' from C:\Users\And\PythonProjects\FlashcardApp\data\flashcards\8f348fc7-0545-413c-96c6-52b0800b4ef0\progress\1.json (2 card records)
2026-08-08 09:38:39 - src.controllers.flashcard_controller - INFO - Deck 'Sample Deck Copy' started: 2 total cards, 2 cards in learning queue
2026-08-08 09:43:51 - root - INFO - Logging initialized. File: C:\Users\And\PythonProjects\FlashcardApp\logs\quiz_app.log
2026-08-08 09:43:51 - __main__ - INFO - Qt translations loaded for: en
2026-08-08 09:43:51 - src.logic.translator - INFO - Language changed to: en
2026-08-08 09:43:51 - src.controllers.main_controller - INFO - MainController initialized
2026-08-08 09:43:51 - src.logic.app_settings - DEBUG - Settings saved
2026-08-08 09:43:51 - src.ui.main_window - INFO - Applied light theme
2026-08-08 09:43:51 - src.logic.user_session - INFO - Session ended for: guest
2026-08-08 09:43:51 - src.controllers.main_controller - INFO - Continuing as guest
2026-08-08 09:43:51 - __main__ - INFO - Qt translations loaded for: en
2026-08-08 09:43:51 - __main__ - INFO - Application started successfully
2026-08-08 09:43:53 - src.controllers.flashcard_controller - INFO - FlashcardController initialized
2026-08-08 09:43:53 - src.utils.text_to_speech - INFO - Text-to-speech engine 'sapi' is ready
2026-08-08 09:43:53 - src.storage.flashcard_repository - DEBUG - No saved deck progress for user 'guest' at C:\Users\And\PythonProjects\FlashcardApp\data\flashcards\073af40a-153f-4940-a305-5f4b764f92c4\progress\guest.json
2026-08-08 09:43:54 - src.storage.flashcard_repository - DEBUG - No saved deck progress for user 'guest' at C:\Users\And\PythonProjects\FlashcardApp\data\flashcards\073af40a-153f-4940-a305-5f4b764f92c4\progress\guest.json
2026-08-08 09:43:54 - src.ui.main_window - INFO - Launched FlashcardViewer
2026-08-08 09:43:56 - src.ui.main_window - DEBUG - Opened login dialog
2026-08-08 09:44:00 - src.storage.user_repository - INFO - User authenticated: admin (role: admin)
2026-08-08 09:44:00 - src.logic.user_session - INFO - Session started for: Admin User
2026-08-08 09:44:00 - src.logic.translator - INFO - Language changed to: en
2026-08-08 09:44:00 - src.ui.main_window - INFO - Login successful: Admin User
2026-08-08 09:44:00 - src.ui.main_window - INFO - Applied light theme
2026-08-08 09:44:00 - src.logic.translator - INFO - Language changed to: en
2026-08-08 09:44:00 - src.main - INFO - Qt translations loaded for: en
2026-08-08 09:44:00 - src.controllers.main_controller - INFO - Language changed to: en
2026-08-08 09:44:00 - src.ui.main_window - DEBUG - Login dialog retranslated
2026-08-08 09:44:00 - src.ui.main_window - INFO - Language changed to: en
2026-08-08 09:44:04 - src.controllers.flashcard_controller - INFO - FlashcardController initialized
2026-08-08 09:44:04 - src.utils.text_to_speech - INFO - Text-to-speech engine 'sapi' is ready
2026-08-08 09:44:04 - src.storage.flashcard_repository - DEBUG - Loaded progress for user '1' from C:\Users\And\PythonProjects\FlashcardApp\data\flashcards\073af40a-153f-4940-a305-5f4b764f92c4\progress\1.json (2 card records)
2026-08-08 09:44:04 - src.storage.flashcard_repository - DEBUG - Loaded progress for user '1' from C:\Users\And\PythonProjects\FlashcardApp\data\flashcards\8f348fc7-0545-413c-96c6-52b0800b4ef0\progress\1.json (2 card records)
2026-08-08 09:44:04 - src.storage.flashcard_repository - DEBUG - No saved deck progress for user '1' at C:\Users\And\PythonProjects\FlashcardApp\data\flashcards\4b6715a7-8457-4888-957e-142f8c606b16\progress\1.json
2026-08-08 09:44:04 - src.storage.flashcard_repository - DEBUG - Loaded progress for user '1' from C:\Users\And\PythonProjects\FlashcardApp\data\flashcards\073af40a-153f-4940-a305-5f4b764f92c4\progress\1.json (2 card records)
2026-08-08 09:44:04 - src.storage.flashcard_repository - DEBUG - Loaded progress for user '1' from C:\Users\And\PythonProjects\FlashcardApp\data\flashcards\8f348fc7-0545-413c-96c6-52b0800b4ef0\progress\1.json (2 card records)
2026-08-08 09:44:04 - src.storage.flashcard_repository - DEBUG - No saved deck progress for user '1' at C:\Users\And\PythonProjects\FlashcardApp\data\flashcards\4b6715a7-8457-4888-957e-142f8c606b16\progress\1.json
2026-08-08 09:44:04 - src.ui.main_window - INFO - Launched FlashcardViewer
2026-08-08 09:44:15 - src.storage.flashcard_repository - DEBUG - Loaded progress for user '1' from C:\Users\And\PythonProjects\FlashcardApp\data\flashcards\073af40a-153f-4940-a305-5f4b764f92c4\progress\1.json (2 card records)
2026-08-08 09:44:15 - src.storage.flashcard_repository - DEBUG - Loaded progress for user '1' from C:\Users\And\PythonProjects\FlashcardApp\data\flashcards\8f348fc7-0545-413c-96c6-52b0800b4ef0\progress\1.json (2 card records)
2026-08-08 09:44:15 - src.storage.flashcard_repository - DEBUG - No saved deck progress for user '1' at C:\Users\And\PythonProjects\FlashcardApp\data\flashcards\4b6715a7-8457-4888-957e-142f8c606b16\progress\1.json
2026-08-08 09:44:15 - src.controllers.flashcard_controller - INFO - Starting deck 'Sample Deck Copy' for user '1'
2026-08-08 09:44:15 - src.controllers.flashcard_controller - WARNING - Blocked attempt to study banned deck 'Sample Deck Copy'
2026-08-08 09:44:15 - src.ui.flashcard_viewer - ERROR - Controller returned no card data.
2026-08-08 09:44:19 - src.storage.flashcard_repository - DEBUG - Loaded progress for user '1' from C:\Users\And\PythonProjects\FlashcardApp\data\flashcards\073af40a-153f-4940-a305-5f4b764f92c4\progress\1.json (2 card records)
2026-08-08 09:44:19 - src.storage.flashcard_repository - DEBUG - Loaded progress for user '1' from C:\Users\And\PythonProjects\FlashcardApp\data\flashcards\8f348fc7-0545-413c-96c6-52b0800b4ef0\progress\1.json (2 card records)
2026-08-08 09:44:19 - src.storage.flashcard_repository - DEBUG - No saved deck progress for user '1' at C:\Users\And\PythonProjects\FlashcardApp\data\flashcards\4b6715a7-8457-4888-957e-142f8c606b16\progress\1.json
2026-08-08 09:44:19 - src.controllers.flashcard_controller - INFO - Starting deck 'Sample Deck Copy Copy' for user '1'
2026-08-08 09:44:19 - src.storage.flashcard_repository - DEBUG - No saved deck progress for user '1' at C:\Users\And\PythonProjects\FlashcardApp\data\flashcards\4b6715a7-8457-4888-957e-142f8c606b16\progress\1.json
2026-08-08 09:44:19 - src.controllers.flashcard_controller - INFO - Deck 'Sample Deck Copy Copy' started: 3 total cards, 3 cards in learning queue
2026-08-08 09:44:20 - src.ui.flashcard_viewer - INFO - Returning to deck selection menu.
2026-08-08 09:44:20 - src.storage.flashcard_repository - DEBUG - Loaded progress for user '1' from C:\Users\And\PythonProjects\FlashcardApp\data\flashcards\073af40a-153f-4940-a305-5f4b764f92c4\progress\1.json (2 card records)
2026-08-08 09:44:20 - src.storage.flashcard_repository - DEBUG - Loaded progress for user '1' from C:\Users\And\PythonProjects\FlashcardApp\data\flashcards\8f348fc7-0545-413c-96c6-52b0800b4ef0\progress\1.json (2 card records)
2026-08-08 09:44:20 - src.storage.flashcard_repository - DEBUG - No saved deck progress for user '1' at C:\Users\And\PythonProjects\FlashcardApp\data\flashcards\4b6715a7-8457-4888-957e-142f8c606b16\progress\1.json
2026-08-08 09:44:20 - src.controllers.flashcard_controller - INFO - Ending session. Stats: {'known': 0, 'unknown': 0}
2026-08-08 09:44:33 - src.storage.flashcard_repository - DEBUG - Loaded progress for user '1' from C:\Users\And\PythonProjects\FlashcardApp\data\flashcards\073af40a-153f-4940-a305-5f4b764f92c4\progress\1.json (2 card records)
2026-08-08 09:44:33 - src.storage.flashcard_repository - DEBUG - Loaded progress for user '1' from C:\Users\And\PythonProjects\FlashcardApp\data\flashcards\8f348fc7-0545-413c-96c6-52b0800b4ef0\progress\1.json (2 card records)
2026-08-08 09:44:33 - src.storage.flashcard_repository - DEBUG - No saved deck progress for user '1' at C:\Users\And\PythonProjects\FlashcardApp\data\flashcards\4b6715a7-8457-4888-957e-142f8c606b16\progress\1.json
2026-08-08 09:44:33 - src.controllers.flashcard_controller - INFO - Starting deck 'Sample Deck Copy' for user '1'
2026-08-08 09:44:33 - src.controllers.flashcard_controller - WARNING - Blocked attempt to study banned deck 'Sample Deck Copy'
2026-08-08 09:44:33 - src.ui.flashcard_viewer - ERROR - Controller returned no card data.
2026-08-08 09:44:34 - src.storage.flashcard_repository - DEBUG - Loaded progress for user '1' from C:\Users\And\PythonProjects\FlashcardApp\data\flashcards\073af40a-153f-4940-a305-5f4b764f92c4\progress\1.json (2 card records)
2026-08-08 09:44:34 - src.storage.flashcard_repository - DEBUG - Loaded progress for user '1' from C:\Users\And\PythonProjects\FlashcardApp\data\flashcards\8f348fc7-0545-413c-96c6-52b0800b4ef0\progress\1.json (2 card records)
2026-08-08 09:44:34 - src.storage.flashcard_repository - DEBUG - No saved deck progress for user '1' at C:\Users\And\PythonProjects\FlashcardApp\data\flashcards\4b6715a7-8457-4888-957e-142f8c606b16\progress\1.json
2026-08-08 09:44:34 - src.controllers.flashcard_controller - INFO - Starting deck 'Sample Deck Copy' for user '1'
2026-08-08 09:44:34 - src.controllers.flashcard_controller - WARNING - Blocked attempt to study banned deck 'Sample Deck Copy'
2026-08-08 09:44:34 - src.ui.flashcard_viewer - ERROR - Controller returned no card data.
2026-08-08 09:44:36 - src.storage.flashcard_repository - DEBUG - Loaded progress for user '1' from C:\Users\And\PythonProjects\FlashcardApp\data\flashcards\073af40a-153f-4940-a305-5f4b764f92c4\progress\1.json (2 card records)
2026-08-08 09:44:36 - src.storage.flashcard_repository - DEBUG - Loaded progress for user '1' from C:\Users\And\PythonProjects\FlashcardApp\data\flashcards\8f348fc7-0545-413c-96c6-52b0800b4ef0\progress\1.json (2 card records)
2026-08-08 09:44:36 - src.storage.flashcard_repository - DEBUG - No saved deck progress for user '1' at C:\Users\And\PythonProjects\FlashcardApp\data\flashcards\4b6715a7-8457-4888-957e-142f8c606b16\progress\1.json
2026-08-08 09:44:36 - src.controllers.flashcard_controller - INFO - Starting deck 'Sample Deck' for user '1'
2026-08-08 09:44:36 - src.storage.flashcard_repository - DEBUG - Loaded progress for user '1' from C:\Users\And\PythonProjects\FlashcardApp\data\flashcards\073af40a-153f-4940-a305-5f4b764f92c4\progress\1.json (2 card records)
2026-08-08 09:44:36 - src.controllers.flashcard_controller - INFO - Deck 'Sample Deck' started: 51 total cards, 20 cards in learning queue
2026-08-08 09:44:38 - src.ui.flashcard_viewer - INFO - Returning to deck selection menu.
2026-08-08 09:44:38 - src.storage.flashcard_repository - DEBUG - Loaded progress for user '1' from C:\Users\And\PythonProjects\FlashcardApp\data\flashcards\073af40a-153f-4940-a305-5f4b764f92c4\progress\1.json (2 card records)
2026-08-08 09:44:38 - src.storage.flashcard_repository - DEBUG - Loaded progress for user '1' from C:\Users\And\PythonProjects\FlashcardApp\data\flashcards\8f348fc7-0545-413c-96c6-52b0800b4ef0\progress\1.json (2 card records)
2026-08-08 09:44:38 - src.storage.flashcard_repository - DEBUG - No saved deck progress for user '1' at C:\Users\And\PythonProjects\FlashcardApp\data\flashcards\4b6715a7-8457-4888-957e-142f8c606b16\progress\1.json
2026-08-08 09:44:38 - src.controllers.flashcard_controller - INFO - Ending session. Stats: {'known': 0, 'unknown': 0}
2026-08-08 09:44:39 - src.storage.flashcard_repository - DEBUG - Loaded progress for user '1' from C:\Users\And\PythonProjects\FlashcardApp\data\flashcards\073af40a-153f-4940-a305-5f4b764f92c4\progress\1.json (2 card records)
2026-08-08 09:44:39 - src.storage.flashcard_repository - DEBUG - Loaded progress for user '1' from C:\Users\And\PythonProjects\FlashcardApp\data\flashcards\8f348fc7-0545-413c-96c6-52b0800b4ef0\progress\1.json (2 card records)
2026-08-08 09:44:39 - src.storage.flashcard_repository - DEBUG - No saved deck progress for user '1' at C:\Users\And\PythonProjects\FlashcardApp\data\flashcards\4b6715a7-8457-4888-957e-142f8c606b16\progress\1.json
2026-08-08 09:44:39 - src.controllers.flashcard_controller - INFO - Starting deck 'Sample Deck Copy' for user '1'
2026-08-08 09:44:39 - src.controllers.flashcard_controller - WARNING - Blocked attempt to study banned deck 'Sample Deck Copy'
2026-08-08 09:44:39 - src.ui.flashcard_viewer - ERROR - Controller returned no card data.
2026-08-08 09:48:39 - root - INFO - Logging initialized. File: C:\Users\And\PythonProjects\FlashcardApp\logs\quiz_app.log
2026-08-08 09:48:39 - __main__ - INFO - Qt translations loaded for: en
2026-08-08 09:48:39 - src.logic.translator - INFO - Language changed to: en
2026-08-08 09:48:39 - src.controllers.main_controller - INFO - MainController initialized
2026-08-08 09:48:39 - src.logic.app_settings - DEBUG - Settings saved
2026-08-08 09:48:39 - src.ui.main_window - INFO - Applied light theme
2026-08-08 09:48:39 - src.logic.user_session - INFO - Session ended for: guest
2026-08-08 09:48:39 - src.controllers.main_controller - INFO - Continuing as guest
2026-08-08 09:48:39 - __main__ - INFO - Qt translations loaded for: en
2026-08-08 09:48:39 - __main__ - INFO - Application started successfully
2026-08-08 09:48:41 - src.ui.main_window - DEBUG - Opened login dialog
2026-08-08 09:48:44 - src.storage.user_repository - INFO - User authenticated: admin (role: admin)
2026-08-08 09:48:44 - src.logic.user_session - INFO - Session started for: Admin User
2026-08-08 09:48:44 - src.logic.translator - INFO - Language changed to: en
2026-08-08 09:48:44 - src.ui.main_window - INFO - Login successful: Admin User
2026-08-08 09:48:44 - src.ui.main_window - INFO - Applied light theme
2026-08-08 09:48:44 - src.logic.translator - INFO - Language changed to: en
2026-08-08 09:48:44 - src.main - INFO - Qt translations loaded for: en
2026-08-08 09:48:44 - src.controllers.main_controller - INFO - Language changed to: en
2026-08-08 09:48:44 - src.ui.main_window - DEBUG - Login dialog retranslated
2026-08-08 09:48:44 - src.ui.main_window - INFO - Language changed to: en
2026-08-08 09:48:46 - src.controllers.flashcard_controller - INFO - FlashcardController initialized
2026-08-08 09:48:46 - src.utils.text_to_speech - INFO - Text-to-speech engine 'sapi' is ready
2026-08-08 09:48:46 - src.storage.flashcard_repository - DEBUG - Loaded progress for user '1' from C:\Users\And\PythonProjects\FlashcardApp\data\flashcards\073af40a-153f-4940-a305-5f4b764f92c4\progress\1.json (2 card records)
2026-08-08 09:48:46 - src.storage.flashcard_repository - DEBUG - Loaded progress for user '1' from C:\Users\And\PythonProjects\FlashcardApp\data\flashcards\8f348fc7-0545-413c-96c6-52b0800b4ef0\progress\1.json (2 card records)
2026-08-08 09:48:46 - src.storage.flashcard_repository - DEBUG - No saved deck progress for user '1' at C:\Users\And\PythonProjects\FlashcardApp\data\flashcards\4b6715a7-8457-4888-957e-142f8c606b16\progress\1.json
2026-08-08 09:48:46 - src.storage.flashcard_repository - DEBUG - Loaded progress for user '1' from C:\Users\And\PythonProjects\FlashcardApp\data\flashcards\073af40a-153f-4940-a305-5f4b764f92c4\progress\1.json (2 card records)
2026-08-08 09:48:46 - src.storage.flashcard_repository - DEBUG - Loaded progress for user '1' from C:\Users\And\PythonProjects\FlashcardApp\data\flashcards\8f348fc7-0545-413c-96c6-52b0800b4ef0\progress\1.json (2 card records)
2026-08-08 09:48:46 - src.storage.flashcard_repository - DEBUG - No saved deck progress for user '1' at C:\Users\And\PythonProjects\FlashcardApp\data\flashcards\4b6715a7-8457-4888-957e-142f8c606b16\progress\1.json
2026-08-08 09:48:46 - src.ui.main_window - INFO - Launched FlashcardViewer
2026-08-08 09:48:57 - src.storage.flashcard_repository - DEBUG - Loaded progress for user '1' from C:\Users\And\PythonProjects\FlashcardApp\data\flashcards\073af40a-153f-4940-a305-5f4b764f92c4\progress\1.json (2 card records)
2026-08-08 09:48:57 - src.storage.flashcard_repository - DEBUG - Loaded progress for user '1' from C:\Users\And\PythonProjects\FlashcardApp\data\flashcards\8f348fc7-0545-413c-96c6-52b0800b4ef0\progress\1.json (2 card records)
2026-08-08 09:48:57 - src.storage.flashcard_repository - DEBUG - No saved deck progress for user '1' at C:\Users\And\PythonProjects\FlashcardApp\data\flashcards\4b6715a7-8457-4888-957e-142f8c606b16\progress\1.json
2026-08-08 09:48:57 - src.controllers.flashcard_controller - INFO - Starting deck 'Sample Deck Copy' for user '1'
2026-08-08 09:48:57 - src.controllers.flashcard_controller - WARNING - Blocked attempt to study banned deck 'Sample Deck Copy'
2026-08-08 09:48:57 - src.ui.flashcard_viewer - ERROR - Controller returned no card data.
2026-08-08 09:49:06 - src.storage.flashcard_repository - DEBUG - Loaded progress for user '1' from C:\Users\And\PythonProjects\FlashcardApp\data\flashcards\073af40a-153f-4940-a305-5f4b764f92c4\progress\1.json (2 card records)
2026-08-08 09:49:06 - src.storage.flashcard_repository - DEBUG - Loaded progress for user '1' from C:\Users\And\PythonProjects\FlashcardApp\data\flashcards\8f348fc7-0545-413c-96c6-52b0800b4ef0\progress\1.json (2 card records)
2026-08-08 09:49:06 - src.storage.flashcard_repository - DEBUG - No saved deck progress for user '1' at C:\Users\And\PythonProjects\FlashcardApp\data\flashcards\4b6715a7-8457-4888-957e-142f8c606b16\progress\1.json
2026-08-08 09:49:06 - src.controllers.flashcard_controller - INFO - Starting deck 'Sample Deck Copy Copy' for user '1'
2026-08-08 09:49:06 - src.storage.flashcard_repository - DEBUG - No saved deck progress for user '1' at C:\Users\And\PythonProjects\FlashcardApp\data\flashcards\4b6715a7-8457-4888-957e-142f8c606b16\progress\1.json
2026-08-08 09:49:06 - src.controllers.flashcard_controller - INFO - Deck 'Sample Deck Copy Copy' started: 3 total cards, 3 cards in learning queue
2026-08-08 09:49:08 - src.ui.flashcard_viewer - INFO - Returning to deck selection menu.
2026-08-08 09:49:08 - src.storage.flashcard_repository - DEBUG - Loaded progress for user '1' from C:\Users\And\PythonProjects\FlashcardApp\data\flashcards\073af40a-153f-4940-a305-5f4b764f92c4\progress\1.json (2 card records)
2026-08-08 09:49:08 - src.storage.flashcard_repository - DEBUG - Loaded progress for user '1' from C:\Users\And\PythonProjects\FlashcardApp\data\flashcards\8f348fc7-0545-413c-96c6-52b0800b4ef0\progress\1.json (2 card records)
2026-08-08 09:49:08 - src.storage.flashcard_repository - DEBUG - No saved deck progress for user '1' at C:\Users\And\PythonProjects\FlashcardApp\data\flashcards\4b6715a7-8457-4888-957e-142f8c606b16\progress\1.json
2026-08-08 09:49:08 - src.controllers.flashcard_controller - INFO - Ending session. Stats: {'known': 0, 'unknown': 0}
2026-08-08 09:49:27 - src.controllers.flashcard_controller - INFO - FlashcardController initialized
2026-08-08 09:49:27 - src.utils.text_to_speech - INFO - Text-to-speech engine 'sapi' is ready
2026-08-08 09:49:27 - src.storage.flashcard_repository - DEBUG - Loaded progress for user '1' from C:\Users\And\PythonProjects\FlashcardApp\data\flashcards\073af40a-153f-4940-a305-5f4b764f92c4\progress\1.json (2 card records)
2026-08-08 09:49:27 - src.storage.flashcard_repository - DEBUG - Loaded progress for user '1' from C:\Users\And\PythonProjects\FlashcardApp\data\flashcards\8f348fc7-0545-413c-96c6-52b0800b4ef0\progress\1.json (2 card records)
2026-08-08 09:49:27 - src.storage.flashcard_repository - DEBUG - No saved deck progress for user '1' at C:\Users\And\PythonProjects\FlashcardApp\data\flashcards\4b6715a7-8457-4888-957e-142f8c606b16\progress\1.json
2026-08-08 09:49:27 - src.storage.flashcard_repository - DEBUG - Loaded progress for user '1' from C:\Users\And\PythonProjects\FlashcardApp\data\flashcards\073af40a-153f-4940-a305-5f4b764f92c4\progress\1.json (2 card records)
2026-08-08 09:49:27 - src.storage.flashcard_repository - DEBUG - Loaded progress for user '1' from C:\Users\And\PythonProjects\FlashcardApp\data\flashcards\8f348fc7-0545-413c-96c6-52b0800b4ef0\progress\1.json (2 card records)
2026-08-08 09:49:27 - src.storage.flashcard_repository - DEBUG - No saved deck progress for user '1' at C:\Users\And\PythonProjects\FlashcardApp\data\flashcards\4b6715a7-8457-4888-957e-142f8c606b16\progress\1.json
2026-08-08 09:49:27 - src.ui.main_window - INFO - Launched FlashcardViewer
2026-08-08 09:50:04 - src.ui.main_window - INFO - Applied light theme
2026-08-08 09:50:04 - src.ui.main_window - DEBUG - Settings panel shown with overlay
2026-08-08 09:50:07 - src.ui.main_window - INFO - Applied dark theme
2026-08-08 09:50:07 - src.ui.main_window - DEBUG - Settings panel and overlay hidden
2026-08-08 09:50:08 - src.controllers.flashcard_controller - INFO - FlashcardController initialized
2026-08-08 09:50:08 - src.utils.text_to_speech - INFO - Text-to-speech engine 'sapi' is ready
2026-08-08 09:50:08 - src.storage.flashcard_repository - DEBUG - Loaded progress for user '1' from C:\Users\And\PythonProjects\FlashcardApp\data\flashcards\073af40a-153f-4940-a305-5f4b764f92c4\progress\1.json (2 card records)
2026-08-08 09:50:08 - src.storage.flashcard_repository - DEBUG - Loaded progress for user '1' from C:\Users\And\PythonProjects\FlashcardApp\data\flashcards\8f348fc7-0545-413c-96c6-52b0800b4ef0\progress\1.json (2 card records)
2026-08-08 09:50:08 - src.storage.flashcard_repository - DEBUG - No saved deck progress for user '1' at C:\Users\And\PythonProjects\FlashcardApp\data\flashcards\4b6715a7-8457-4888-957e-142f8c606b16\progress\1.json
2026-08-08 09:50:08 - src.storage.flashcard_repository - DEBUG - Loaded progress for user '1' from C:\Users\And\PythonProjects\FlashcardApp\data\flashcards\073af40a-153f-4940-a305-5f4b764f92c4\progress\1.json (2 card records)
2026-08-08 09:50:08 - src.storage.flashcard_repository - DEBUG - Loaded progress for user '1' from C:\Users\And\PythonProjects\FlashcardApp\data\flashcards\8f348fc7-0545-413c-96c6-52b0800b4ef0\progress\1.json (2 card records)
2026-08-08 09:50:08 - src.storage.flashcard_repository - DEBUG - No saved deck progress for user '1' at C:\Users\And\PythonProjects\FlashcardApp\data\flashcards\4b6715a7-8457-4888-957e-142f8c606b16\progress\1.json
2026-08-08 09:50:08 - src.ui.main_window - INFO - Launched FlashcardViewer
2026-08-08 09:51:34 - src.ui.main_window - DEBUG - Settings panel shown with overlay
2026-08-08 09:51:36 - src.ui.main_window - INFO - Applied light theme
2026-08-08 09:51:36 - src.ui.main_window - DEBUG - Settings panel and overlay hidden
2026-08-08 09:51:39 - src.logic.user_session - INFO - Session ended for: Admin User
2026-08-08 09:51:39 - src.logic.translator - INFO - Language changed to: en
2026-08-08 09:51:39 - src.controllers.main_controller - INFO - User logged out
2026-08-08 09:51:39 - src.logic.app_settings - DEBUG - Settings saved
2026-08-08 09:51:39 - src.ui.main_window - INFO - Applied light theme
2026-08-08 09:51:39 - src.logic.translator - INFO - Language changed to: en
2026-08-08 09:51:39 - src.logic.app_settings - DEBUG - Settings saved
2026-08-08 09:51:39 - src.main - INFO - Qt translations loaded for: en
2026-08-08 09:51:39 - src.controllers.main_controller - INFO - Language changed to: en
2026-08-08 09:51:39 - src.ui.main_window - DEBUG - Settings panel retranslated
2026-08-08 09:51:39 - src.ui.main_window - DEBUG - Login dialog retranslated
2026-08-08 09:51:39 - src.ui.main_window - INFO - Language changed to: en
2026-08-08 09:51:39 - src.ui.main_window - INFO - Logged out, returned to guest mode
2026-08-08 09:51:39 - src.ui.main_window - DEBUG - Opened login dialog
2026-08-08 09:51:53 - src.storage.user_repository - WARNING - Authentication failed for login: teacher32
2026-08-08 09:51:53 - src.logic.user_session - INFO - Session ended for: guest
2026-08-08 09:51:53 - src.controllers.main_controller - INFO - Continuing as guest
2026-08-08 09:51:53 - src.ui.main_window - INFO - Continuing as guest
2026-08-08 09:51:58 - src.ui.main_window - DEBUG - Opened login dialog
2026-08-08 09:52:00 - src.storage.user_repository - WARNING - Authentication failed for login: teacher32
2026-08-08 09:52:00 - src.storage.user_repository - WARNING - Authentication failed for login: teacher32
2026-08-08 09:52:00 - src.storage.user_repository - WARNING - Authentication failed for login: teacher32
2026-08-08 09:52:01 - src.storage.user_repository - WARNING - Authentication failed for login: teacher32
2026-08-08 09:52:01 - src.storage.user_repository - WARNING - Authentication failed for login: teacher32
2026-08-08 09:52:03 - src.storage.user_repository - WARNING - Authentication failed for login: teacher32
2026-08-08 09:52:03 - src.logic.user_session - INFO - Session ended for: guest
2026-08-08 09:52:03 - src.controllers.main_controller - INFO - Continuing as guest
2026-08-08 09:52:03 - src.ui.main_window - INFO - Continuing as guest
2026-08-08 09:52:05 - src.ui.main_window - DEBUG - Opened login dialog
2026-08-08 09:52:49 - root - INFO - Logging initialized. File: C:\Users\And\PythonProjects\FlashcardApp\logs\quiz_app.log
2026-08-08 09:52:49 - __main__ - INFO - Qt translations loaded for: en
2026-08-08 09:52:49 - src.logic.translator - INFO - Language changed to: en
2026-08-08 09:52:49 - src.controllers.main_controller - INFO - MainController initialized
2026-08-08 09:52:50 - src.logic.app_settings - DEBUG - Settings saved
2026-08-08 09:52:50 - src.ui.main_window - INFO - Applied light theme
2026-08-08 09:52:50 - src.logic.user_session - INFO - Session ended for: guest
2026-08-08 09:52:50 - src.controllers.main_controller - INFO - Continuing as guest
2026-08-08 09:52:50 - __main__ - INFO - Qt translations loaded for: en
2026-08-08 09:52:50 - __main__ - INFO - Application started successfully
2026-08-08 09:52:51 - src.ui.main_window - DEBUG - Opened login dialog
2026-08-08 09:52:57 - src.storage.user_repository - WARNING - Authentication failed for login: teacher2
2026-08-08 09:52:57 - src.logic.user_session - INFO - Session ended for: guest
2026-08-08 09:52:57 - src.controllers.main_controller - INFO - Continuing as guest
2026-08-08 09:52:57 - src.ui.main_window - INFO - Continuing as guest
2026-08-08 09:53:01 - src.ui.main_window - DEBUG - Opened login dialog
2026-08-08 09:53:04 - src.storage.user_repository - INFO - User authenticated: teacher2 (role: teacher)
2026-08-08 09:53:04 - src.logic.user_session - INFO - Session started for: Second Teacher
2026-08-08 09:53:04 - src.logic.translator - INFO - Language changed to: en
2026-08-08 09:53:04 - src.ui.main_window - INFO - Login successful: Second Teacher
2026-08-08 09:53:04 - src.ui.main_window - INFO - Applied dark theme
2026-08-08 09:53:04 - src.logic.translator - INFO - Language changed to: en
2026-08-08 09:53:04 - src.main - INFO - Qt translations loaded for: en
2026-08-08 09:53:04 - src.controllers.main_controller - INFO - Language changed to: en
2026-08-08 09:53:04 - src.ui.main_window - DEBUG - Login dialog retranslated
2026-08-08 09:53:04 - src.ui.main_window - INFO - Language changed to: en
2026-08-08 09:53:08 - src.ui.editor.flashcard_editor - INFO - Flashcard Editor initialized.
2026-08-08 09:53:08 - src.ui.main_window - INFO - Launched FlashcardEditor
2026-08-08 09:53:17 - src.ui.editor.flashcard_editor - DEBUG - Opening Card Editor for a NEW card.
2026-08-08 09:53:19 - src.controllers.flashcard_editor_controller - DEBUG - Added new card with ID: 3267e173-e612-4dea-8fe3-1ff36d561208
2026-08-08 09:53:21 - src.controllers.flashcard_editor_controller - INFO - Saved deck with 1 cards
2026-08-08 09:53:22 - src.ui.editor.flashcard_editor - INFO - ACTION: Saving deck changes.
2026-08-08 09:53:22 - src.controllers.flashcard_editor_controller - INFO - Saved deck with 1 cards
2026-08-08 09:53:24 - src.controllers.flashcard_editor_controller - INFO - Saved deck with 1 cards
2026-08-08 09:53:26 - src.ui.editor.flashcard_editor - INFO - NAV: Returning to deck menu.
2026-08-08 09:53:26 - src.ui.editor.flashcard_editor - DEBUG - STATE: Checking for unsaved changes. Result: False
2026-08-08 09:53:26 - src.ui.editor.flashcard_editor - INFO - NAV: Switch successful.
2026-08-08 09:53:27 - src.ui.editor.flashcard_editor - INFO - NAV: 'Back to Main' clicked.
2026-08-08 09:53:27 - src.ui.editor.flashcard_editor - DEBUG - STATE: Checking for unsaved changes. Result: False
2026-08-08 09:53:27 - src.ui.editor.flashcard_editor - INFO - NAV: Proceeding to return to main menu.
2026-08-08 09:53:28 - src.ui.main_window - DEBUG - Settings panel shown with overlay
2026-08-08 09:53:30 - src.ui.main_window - DEBUG - Settings panel and overlay hidden
2026-08-08 09:53:33 - src.logic.user_session - INFO - Session ended for: Second Teacher
2026-08-08 09:53:33 - src.logic.translator - INFO - Language changed to: en
2026-08-08 09:53:33 - src.controllers.main_controller - INFO - User logged out
2026-08-08 09:53:33 - src.logic.app_settings - DEBUG - Settings saved
2026-08-08 09:53:33 - src.ui.main_window - INFO - Applied light theme
2026-08-08 09:53:33 - src.logic.translator - INFO - Language changed to: en
2026-08-08 09:53:33 - src.logic.app_settings - DEBUG - Settings saved
2026-08-08 09:53:33 - src.main - INFO - Qt translations loaded for: en
2026-08-08 09:53:33 - src.controllers.main_controller - INFO - Language changed to: en
2026-08-08 09:53:33 - src.ui.main_window - DEBUG - Settings panel retranslated
2026-08-08 09:53:33 - src.ui.main_window - DEBUG - Login dialog retranslated
2026-08-08 09:53:33 - src.ui.main_window - INFO - Language changed to: en
2026-08-08 09:53:33 - src.ui.main_window - INFO - Logged out, returned to guest mode
2026-08-08 09:53:34 - src.ui.main_window - DEBUG - Opened login dialog
2026-08-08 09:53:39 - src.storage.user_repository - INFO - User authenticated: admin (role: admin)
2026-08-08 09:53:39 - src.logic.user_session - INFO - Session started for: Admin User
2026-08-08 09:53:39 - src.logic.translator - INFO - Language changed to: en
2026-08-08 09:53:39 - src.ui.main_window - INFO - Login successful: Admin User
2026-08-08 09:53:39 - src.ui.main_window - INFO - Applied light theme
2026-08-08 09:53:39 - src.logic.translator - INFO - Language changed to: en
2026-08-08 09:53:39 - src.main - INFO - Qt translations loaded for: en
2026-08-08 09:53:39 - src.controllers.main_controller - INFO - Language changed to: en
2026-08-08 09:53:39 - src.ui.main_window - DEBUG - Settings panel retranslated
2026-08-08 09:53:39 - src.ui.main_window - DEBUG - Login dialog retranslated
2026-08-08 09:53:39 - src.ui.main_window - INFO - Language changed to: en
2026-08-08 09:53:42 - src.ui.editor.flashcard_editor - INFO - Flashcard Editor initialized.
2026-08-08 09:53:42 - src.ui.main_window - INFO - Launched FlashcardEditor
2026-08-08 09:53:43 - src.ui.editor.flashcard_editor - INFO - NAV: 'Back to Main' clicked.
2026-08-08 09:53:43 - src.ui.editor.flashcard_editor - DEBUG - STATE: Checking for unsaved changes. Result: False
2026-08-08 09:53:43 - src.ui.editor.flashcard_editor - INFO - NAV: Proceeding to return to main menu.
2026-08-08 09:53:45 - src.controllers.flashcard_controller - INFO - FlashcardController initialized
2026-08-08 09:53:45 - src.utils.text_to_speech - INFO - Text-to-speech engine 'sapi' is ready
2026-08-08 09:53:45 - src.storage.flashcard_repository - DEBUG - Loaded progress for user '1' from C:\Users\And\PythonProjects\FlashcardApp\data\flashcards\073af40a-153f-4940-a305-5f4b764f92c4\progress\1.json (2 card records)
2026-08-08 09:53:45 - src.storage.flashcard_repository - DEBUG - Loaded progress for user '1' from C:\Users\And\PythonProjects\FlashcardApp\data\flashcards\8f348fc7-0545-413c-96c6-52b0800b4ef0\progress\1.json (2 card records)
2026-08-08 09:53:45 - src.storage.flashcard_repository - DEBUG - No saved deck progress for user '1' at C:\Users\And\PythonProjects\FlashcardApp\data\flashcards\4b6715a7-8457-4888-957e-142f8c606b16\progress\1.json
2026-08-08 09:53:45 - src.storage.flashcard_repository - DEBUG - No saved deck progress for user '1' at C:\Users\And\PythonProjects\FlashcardApp\data\flashcards\b392701f-692d-40b3-807b-a5ff052bf81b\progress\1.json
2026-08-08 09:53:45 - src.storage.flashcard_repository - DEBUG - Loaded progress for user '1' from C:\Users\And\PythonProjects\FlashcardApp\data\flashcards\073af40a-153f-4940-a305-5f4b764f92c4\progress\1.json (2 card records)
2026-08-08 09:53:45 - src.storage.flashcard_repository - DEBUG - Loaded progress for user '1' from C:\Users\And\PythonProjects\FlashcardApp\data\flashcards\8f348fc7-0545-413c-96c6-52b0800b4ef0\progress\1.json (2 card records)
2026-08-08 09:53:45 - src.storage.flashcard_repository - DEBUG - No saved deck progress for user '1' at C:\Users\And\PythonProjects\FlashcardApp\data\flashcards\4b6715a7-8457-4888-957e-142f8c606b16\progress\1.json
2026-08-08 09:53:45 - src.storage.flashcard_repository - DEBUG - No saved deck progress for user '1' at C:\Users\And\PythonProjects\FlashcardApp\data\flashcards\b392701f-692d-40b3-807b-a5ff052bf81b\progress\1.json
2026-08-08 09:53:45 - src.ui.main_window - INFO - Launched FlashcardViewer
2026-08-08 09:56:01 - src.controllers.flashcard_controller - INFO - FlashcardController initialized
2026-08-08 09:56:01 - src.utils.text_to_speech - INFO - Text-to-speech engine 'sapi' is ready
2026-08-08 09:56:01 - src.storage.flashcard_repository - DEBUG - Loaded progress for user '1' from C:\Users\And\PythonProjects\FlashcardApp\data\flashcards\073af40a-153f-4940-a305-5f4b764f92c4\progress\1.json (2 card records)
2026-08-08 09:56:01 - src.storage.flashcard_repository - DEBUG - Loaded progress for user '1' from C:\Users\And\PythonProjects\FlashcardApp\data\flashcards\8f348fc7-0545-413c-96c6-52b0800b4ef0\progress\1.json (2 card records)
2026-08-08 09:56:01 - src.storage.flashcard_repository - DEBUG - No saved deck progress for user '1' at C:\Users\And\PythonProjects\FlashcardApp\data\flashcards\4b6715a7-8457-4888-957e-142f8c606b16\progress\1.json
2026-08-08 09:56:01 - src.storage.flashcard_repository - DEBUG - No saved deck progress for user '1' at C:\Users\And\PythonProjects\FlashcardApp\data\flashcards\b392701f-692d-40b3-807b-a5ff052bf81b\progress\1.json
2026-08-08 09:56:01 - src.storage.flashcard_repository - DEBUG - Loaded progress for user '1' from C:\Users\And\PythonProjects\FlashcardApp\data\flashcards\073af40a-153f-4940-a305-5f4b764f92c4\progress\1.json (2 card records)
2026-08-08 09:56:01 - src.storage.flashcard_repository - DEBUG - Loaded progress for user '1' from C:\Users\And\PythonProjects\FlashcardApp\data\flashcards\8f348fc7-0545-413c-96c6-52b0800b4ef0\progress\1.json (2 card records)
2026-08-08 09:56:01 - src.storage.flashcard_repository - DEBUG - No saved deck progress for user '1' at C:\Users\And\PythonProjects\FlashcardApp\data\flashcards\4b6715a7-8457-4888-957e-142f8c606b16\progress\1.json
2026-08-08 09:56:01 - src.storage.flashcard_repository - DEBUG - No saved deck progress for user '1' at C:\Users\And\PythonProjects\FlashcardApp\data\flashcards\b392701f-692d-40b3-807b-a5ff052bf81b\progress\1.json
2026-08-08 09:56:01 - src.ui.main_window - INFO - Launched FlashcardViewer
2026-08-08 09:57:43 - src.logic.user_session - INFO - Session ended for: Admin User
2026-08-08 09:57:43 - src.logic.translator - INFO - Language changed to: en
2026-08-08 09:57:43 - src.controllers.main_controller - INFO - User logged out
2026-08-08 09:57:43 - src.logic.app_settings - DEBUG - Settings saved
2026-08-08 09:57:43 - src.ui.main_window - INFO - Applied light theme
2026-08-08 09:57:43 - src.logic.translator - INFO - Language changed to: en
2026-08-08 09:57:43 - src.logic.app_settings - DEBUG - Settings saved
2026-08-08 09:57:43 - src.main - INFO - Qt translations loaded for: en
2026-08-08 09:57:43 - src.controllers.main_controller - INFO - Language changed to: en
2026-08-08 09:57:43 - src.ui.main_window - DEBUG - Settings panel retranslated
2026-08-08 09:57:43 - src.ui.main_window - DEBUG - Login dialog retranslated
2026-08-08 09:57:43 - src.ui.main_window - INFO - Language changed to: en
2026-08-08 09:57:43 - src.ui.main_window - INFO - Logged out, returned to guest mode
2026-08-08 09:57:44 - src.ui.main_window - DEBUG - Opened login dialog
2026-08-08 09:57:50 - src.storage.user_repository - WARNING - Authentication failed for login: teacher
2026-08-08 09:57:50 - src.logic.user_session - INFO - Session ended for: guest
2026-08-08 09:57:50 - src.controllers.main_controller - INFO - Continuing as guest
2026-08-08 09:57:50 - src.ui.main_window - INFO - Continuing as guest
2026-08-08 09:57:52 - src.ui.main_window - DEBUG - Opened login dialog
2026-08-08 09:57:57 - src.storage.user_repository - WARNING - Authentication failed for login: teacher
2026-08-08 09:57:57 - src.logic.user_session - INFO - Session ended for: guest
2026-08-08 09:57:57 - src.controllers.main_controller - INFO - Continuing as guest
2026-08-08 09:57:57 - src.ui.main_window - INFO - Continuing as guest
2026-08-08 09:57:59 - src.ui.main_window - DEBUG - Opened login dialog
2026-08-08 09:58:01 - src.storage.user_repository - INFO - User authenticated: teacher2 (role: teacher)
2026-08-08 09:58:01 - src.logic.user_session - INFO - Session started for: Second Teacher
2026-08-08 09:58:01 - src.logic.translator - INFO - Language changed to: en
2026-08-08 09:58:01 - src.ui.main_window - INFO - Login successful: Second Teacher
2026-08-08 09:58:01 - src.ui.main_window - INFO - Applied dark theme
2026-08-08 09:58:01 - src.logic.translator - INFO - Language changed to: en
2026-08-08 09:58:01 - src.main - INFO - Qt translations loaded for: en
2026-08-08 09:58:01 - src.controllers.main_controller - INFO - Language changed to: en
2026-08-08 09:58:01 - src.ui.main_window - DEBUG - Settings panel retranslated
2026-08-08 09:58:01 - src.ui.main_window - DEBUG - Login dialog retranslated
2026-08-08 09:58:01 - src.ui.main_window - INFO - Language changed to: en
2026-08-08 09:58:04 - src.ui.editor.flashcard_editor - INFO - Flashcard Editor initialized.
2026-08-08 09:58:04 - src.ui.main_window - INFO - Launched FlashcardEditor
2026-08-08 09:58:06 - src.ui.editor.flashcard_editor - INFO - NAV: 'Back to Main' clicked.
2026-08-08 09:58:06 - src.ui.editor.flashcard_editor - DEBUG - STATE: Checking for unsaved changes. Result: False
2026-08-08 09:58:06 - src.ui.editor.flashcard_editor - INFO - NAV: Proceeding to return to main menu.
2026-08-08 09:58:12 - src.ui.editor.flashcard_editor - INFO - Flashcard Editor initialized.
2026-08-08 09:58:12 - src.ui.main_window - INFO - Launched FlashcardEditor
2026-08-08 09:58:15 - src.ui.editor.flashcard_editor - INFO - NAV: Returning to deck menu.
2026-08-08 09:58:15 - src.ui.editor.flashcard_editor - DEBUG - STATE: Checking for unsaved changes. Result: False
2026-08-08 09:58:15 - src.ui.editor.flashcard_editor - INFO - NAV: Switch successful.
2026-08-08 09:58:16 - src.ui.editor.flashcard_editor - INFO - NAV: 'Back to Main' clicked.
2026-08-08 09:58:16 - src.ui.editor.flashcard_editor - DEBUG - STATE: Checking for unsaved changes. Result: False
2026-08-08 09:58:16 - src.ui.editor.flashcard_editor - INFO - NAV: Proceeding to return to main menu.
2026-08-08 09:58:17 - src.controllers.flashcard_controller - INFO - FlashcardController initialized
2026-08-08 09:58:17 - src.utils.text_to_speech - INFO - Text-to-speech engine 'sapi' is ready
2026-08-08 09:58:17 - src.storage.flashcard_repository - DEBUG - No saved deck progress for user '4' at C:\Users\And\PythonProjects\FlashcardApp\data\flashcards\073af40a-153f-4940-a305-5f4b764f92c4\progress\4.json
2026-08-08 09:58:17 - src.storage.flashcard_repository - DEBUG - No saved deck progress for user '4' at C:\Users\And\PythonProjects\FlashcardApp\data\flashcards\b392701f-692d-40b3-807b-a5ff052bf81b\progress\4.json
2026-08-08 09:58:17 - src.storage.flashcard_repository - DEBUG - No saved deck progress for user '4' at C:\Users\And\PythonProjects\FlashcardApp\data\flashcards\073af40a-153f-4940-a305-5f4b764f92c4\progress\4.json
2026-08-08 09:58:17 - src.storage.flashcard_repository - DEBUG - No saved deck progress for user '4' at C:\Users\And\PythonProjects\FlashcardApp\data\flashcards\b392701f-692d-40b3-807b-a5ff052bf81b\progress\4.json
2026-08-08 09:58:17 - src.ui.main_window - INFO - Launched FlashcardViewer
